frame_idx,nombre_archivo,brisque_orig,brisque_sin_hud,niqe_orig,niqe_sin_hud,sigma_orig,sigma_sin_hud,var_lap_orig,var_lap_sin_hud
1,frame_000001.png,40.95,55.5,6.65,6.648,2.9652,2.9652,1651.45,656.73
61,frame_000061.png,53.79,55.86,7.211,6.48,2.9652,1.4826,1182.62,557.74
121,frame_000121.png,44.89,52.22,5.642,5.624,2.9652,2.9652,1783.04,714.14
181,frame_000181.png,47.96,51.9,6.037,5.452,2.9652,2.9652,1297.1,635.13
241,frame_000241.png,51.8,54.22,5.906,5.558,2.9652,1.4826,1378.84,654.64
301,frame_000301.png,30.71,41.82,5.382,5.745,2.9652,1.4826,1415.03,496.46
361,frame_000361.png,33.29,42.94,5.602,6.228,1.4826,1.4826,1372.86,480.15
421,frame_000421.png,39.68,47.8,5.553,5.606,2.9652,2.9652,1683.31,635.82
481,frame_000481.png,51.68,59.4,6.978,7.306,1.4826,1.4826,1801.56,708.04
541,frame_000541.png,34.92,45.99,6.061,6.248,1.4826,1.4826,1147.58,349.88
601,frame_000601.png,29.59,41.14,6.037,5.888,2.9652,1.4826,1161.93,351.18
661,frame_000661.png,54.88,62.8,8.735,7.089,1.4826,1.4826,846.43,196.14
721,frame_000721.png,32.56,44.68,6.423,6.336,1.4826,1.4826,1095.26,333.63
781,frame_000781.png,58.09,64.77,10.581,7.559,0.0,1.4826,745.19,219.82
841,frame_000841.png,45.61,55.78,7.567,6.436,1.4826,1.4826,1045.29,324.35
901,frame_000901.png,70.69,81.32,11.696,9.637,0.0,0.0,1248.82,410.88
961,frame_000961.png,59.78,65.69,6.699,7.085,1.4826,1.4826,925.9,376.04
1021,frame_001021.png,51.96,60.39,6.095,6.432,1.4826,1.4826,1627.12,644.66
1081,frame_001081.png,48.94,54.51,6.55,6.131,1.4826,1.4826,1773.1,755.01
1141,frame_001141.png,45.54,54.06,5.432,5.636,1.4826,1.4826,1531.61,571.46
1201,frame_001201.png,36.83,44.7,5.453,5.601,2.9652,2.9652,1668.1,573.07
1261,frame_001261.png,47.67,54.09,5.583,5.287,1.4826,1.4826,1521.77,614.98
1321,frame_001321.png,43.92,49.83,5.256,5.689,1.4826,1.4826,1910.72,656.95
1381,frame_001381.png,47.27,53.54,5.726,5.906,1.4826,1.4826,1961.99,698.05
1441,frame_001441.png,43.88,53.11,5.627,5.87,1.4826,1.4826,1954.39,696.02
1501,frame_001501.png,49.17,58.38,6.012,5.681,1.4826,1.4826,1771.4,703.28
1561,frame_001561.png,38.13,49.99,5.641,5.981,2.9652,1.4826,2172.28,871.08
1621,frame_001621.png,38.2,50.14,6.114,6.265,2.9652,1.4826,2152.85,852.17
1681,frame_001681.png,42.3,52.9,6.03,6.33,1.4826,1.4826,2138.59,847.1
1741,frame_001741.png,46.59,56.56,6.254,6.164,1.4826,1.4826,2112.21,884.21
1801,frame_001801.png,46.78,57.8,6.171,6.417,1.4826,1.4826,2133.35,862.42
1861,frame_001861.png,36.87,47.78,5.223,5.706,2.9652,1.4826,2104.93,864.73
1921,frame_001921.png,34.73,45.03,5.304,6.225,2.9652,1.4826,2154.26,873.19
1981,frame_001981.png,44.21,52.93,6.076,6.557,1.4826,1.4826,1872.96,867.15
2041,frame_002041.png,44.05,49.68,5.674,5.729,2.9652,2.9652,751.64,281.84
2101,frame_002101.png,16.54,15.13,5.451,5.547,7.4129,5.9303,1218.83,394.65
2161,frame_002161.png,67.23,71.0,8.697,7.437,2.9652,2.9652,938.15,451.26
2221,frame_002221.png,33.02,37.58,6.167,5.606,4.4477,4.4477,1102.74,462.48
2281,frame_002281.png,16.23,14.39,5.179,5.403,7.4129,5.9303,1433.31,505.46
2341,frame_002341.png,49.16,55.05,6.195,5.992,2.9652,2.9652,1065.27,422.22
2401,frame_002401.png,15.89,13.43,5.322,5.636,7.4129,5.9303,1437.29,493.1
2461,frame_002461.png,18.12,20.89,6.131,6.236,5.9303,5.9303,1511.58,554.08
2521,frame_002521.png,16.63,17.8,5.723,5.666,5.9303,5.9303,1500.16,558.43
2581,frame_002581.png,17.15,18.93,6.157,5.798,5.9303,5.9303,1550.04,596.73
2641,frame_002641.png,17.1,14.21,5.29,5.257,7.4129,5.9303,1561.73,621.65
2701,frame_002701.png,19.23,23.26,5.635,5.891,5.9303,4.4477,1446.98,528.9
2761,frame_002761.png,21.42,20.23,5.961,5.428,5.9303,5.9303,1389.23,470.62
2821,frame_002821.png,55.7,58.94,7.062,6.353,2.9652,2.9652,1077.32,464.39
2881,frame_002881.png,22.3,22.0,7.076,6.207,5.9303,4.4477,1548.66,569.6
2941,frame_002941.png,24.28,29.8,6.53,6.491,4.4477,4.4477,1411.12,511.8
3001,frame_003001.png,51.35,56.79,7.071,5.827,2.9652,2.9652,940.83,462.11
3061,frame_003061.png,46.54,50.05,7.255,6.283,2.9652,2.9652,1038.88,435.08
3121,frame_003121.png,51.4,54.6,7.489,6.845,1.4826,1.4826,1082.52,458.68
3181,frame_003181.png,30.14,38.77,5.476,6.037,2.9652,2.9652,1527.0,551.49
3241,frame_003241.png,34.62,42.41,5.568,6.171,2.9652,2.9652,1739.62,607.7
3301,frame_003301.png,42.04,48.46,6.356,6.77,2.9652,2.9652,1543.14,529.1
3361,frame_003361.png,35.63,48.01,6.704,7.066,1.4826,1.4826,1512.77,561.87
3421,frame_003421.png,56.15,66.78,10.865,8.866,0.0,0.0,808.44,200.62
3481,frame_003481.png,34.34,44.88,6.51,6.754,1.4826,1.4826,1435.41,505.53
3541,frame_003541.png,37.3,45.56,6.44,6.776,1.4826,1.4826,1469.21,514.79
3601,frame_003601.png,33.71,42.57,6.176,6.475,2.9652,2.9652,1496.03,516.69
3661,frame_003661.png,44.53,48.9,6.487,6.366,2.9652,2.9652,1390.52,551.01
3721,frame_003721.png,36.45,41.18,5.556,5.911,1.4826,1.4826,1047.7,329.22
3781,frame_003781.png,36.97,41.11,5.774,5.94,1.4826,1.4826,1110.94,327.18
3841,frame_003841.png,45.89,51.4,6.654,5.985,1.4826,1.4826,1030.05,327.65
3901,frame_003901.png,57.91,54.99,6.713,5.47,1.4826,1.4826,495.81,288.33
3961,frame_003961.png,46.84,53.09,7.965,6.976,1.4826,1.4826,645.07,118.62
4021,frame_004021.png,48.17,54.86,7.319,6.639,1.4826,1.4826,692.67,149.46
4081,frame_004081.png,47.52,56.25,7.992,7.194,1.4826,1.4826,745.76,176.48
4141,frame_004141.png,50.16,52.33,7.078,6.826,1.4826,1.4826,672.24,140.28
4201,frame_004201.png,53.68,52.2,6.388,5.571,1.4826,1.4826,675.8,314.5
4261,frame_004261.png,42.21,45.33,5.741,5.754,1.4826,1.4826,893.17,238.69
4321,frame_004321.png,37.23,39.65,6.042,5.593,1.4826,1.4826,863.43,256.08
4381,frame_004381.png,95.71,109.7,22.417,29.095,0.0,0.0,482.23,12.91
4441,frame_004441.png,54.16,55.47,6.918,6.343,1.4826,1.4826,526.41,205.04
4501,frame_004501.png,35.69,40.66,5.31,5.177,2.9652,1.4826,759.44,179.73
4561,frame_004561.png,26.41,30.79,4.766,4.431,2.9652,2.9652,850.88,219.97
4621,frame_004621.png,74.28,75.58,9.889,7.936,0.0,0.0,320.84,145.75
4681,frame_004681.png,35.71,44.84,6.063,6.197,2.9652,1.4826,747.62,169.66
4741,frame_004741.png,30.54,36.76,5.385,5.658,2.9652,2.9652,801.96,190.98
4801,frame_004801.png,44.59,52.94,5.903,5.631,1.4826,1.4826,901.04,257.92
4861,frame_004861.png,45.47,55.51,7.633,6.719,1.4826,1.4826,997.72,303.13
4921,frame_004921.png,36.84,40.24,6.021,5.742,1.4826,1.4826,2299.59,984.75
4981,frame_004981.png,41.71,45.3,6.394,5.247,2.9652,2.9652,1188.35,489.09
5041,frame_005041.png,35.36,37.67,4.642,4.323,4.4477,4.4477,1533.85,644.63
5101,frame_005101.png,46.53,52.47,7.039,6.56,1.4826,1.4826,1049.78,372.71
5161,frame_005161.png,46.92,57.65,8.158,7.9,1.4826,1.4826,925.91,248.95
5221,frame_005221.png,42.33,53.63,7.33,7.048,1.4826,1.4826,958.94,241.38
5281,frame_005281.png,40.93,51.85,6.998,6.807,1.4826,1.4826,925.82,253.35
5341,frame_005341.png,31.83,45.75,5.771,5.616,2.9652,1.4826,871.76,244.86
5401,frame_005401.png,34.25,40.87,4.758,4.792,2.9652,1.4826,898.47,258.25
5461,frame_005461.png,59.14,66.5,8.765,7.642,1.4826,1.4826,914.48,250.65
5521,frame_005521.png,53.19,65.59,8.574,8.015,1.4826,1.4826,985.02,285.84
5581,frame_005581.png,49.45,37.28,6.48,4.952,14.8258,13.3432,2386.99,1270.6
5641,frame_005641.png,61.69,67.73,8.675,7.293,2.9652,2.9652,885.74,438.2
5701,frame_005701.png,46.84,41.6,8.193,5.758,7.4129,7.4129,1430.13,706.86
5761,frame_005761.png,77.53,82.45,11.049,7.132,1.4826,2.9652,1080.69,552.21
5821,frame_005821.png,51.26,57.54,7.761,6.33,2.9652,2.9652,1001.04,409.09
5881,frame_005881.png,38.74,49.86,5.872,4.892,2.9652,2.9652,1159.17,442.64
5941,frame_005941.png,80.8,73.31,10.079,7.082,10.3781,10.3781,3035.48,1766.48
6001,frame_006001.png,36.08,34.74,5.373,4.801,2.9652,2.9652,1579.14,732.14
6061,frame_006061.png,93.66,106.78,22.165,28.608,0.0,0.0,422.65,5.32
6121,frame_006121.png,50.39,51.6,7.297,6.414,1.4826,1.4826,950.63,377.93
6181,frame_006181.png,36.5,41.66,5.059,5.492,2.9652,2.9652,1615.46,570.5
6241,frame_006241.png,58.86,59.19,6.81,5.601,1.4826,1.4826,897.33,463.71
6301,frame_006301.png,44.79,54.01,6.917,5.722,1.4826,1.4826,1273.54,402.39
6361,frame_006361.png,43.46,47.89,5.593,5.564,1.4826,1.4826,1281.17,462.36
6421,frame_006421.png,38.43,44.03,4.994,4.894,2.9652,1.4826,2238.5,853.4
6481,frame_006481.png,45.83,51.91,6.494,5.963,1.4826,1.4826,1546.75,682.15
6541,frame_006541.png,61.16,73.05,8.256,7.905,1.4826,1.4826,1758.62,829.86
6601,frame_006601.png,52.98,69.64,9.091,8.65,1.4826,1.4826,2192.98,865.3
6661,frame_006661.png,68.8,80.25,5.553,7.041,0.0,0.0,2461.33,928.67
6721,frame_006721.png,67.73,79.58,5.427,6.359,0.0,0.0,2495.16,941.95
6781,frame_006781.png,61.99,71.6,5.153,5.587,0.0,0.0,2468.33,949.74
6841,frame_006841.png,46.35,49.41,5.481,5.167,1.4826,1.4826,1473.05,677.86
6901,frame_006901.png,65.84,77.16,5.258,6.241,0.0,0.0,2587.34,1012.42
6961,frame_006961.png,67.75,78.75,4.47,5.346,0.0,0.0,2627.88,982.53
7021,frame_007021.png,67.36,80.13,6.781,5.892,0.0,0.0,2718.52,1048.98
7081,frame_007081.png,68.5,81.71,6.6,6.149,0.0,0.0,2738.08,1038.21
7141,frame_007141.png,68.71,81.58,6.254,6.002,0.0,0.0,2705.12,1022.84
7201,frame_007201.png,72.29,85.06,7.124,6.774,0.0,0.0,2665.7,1041.75
7261,frame_007261.png,71.86,86.01,6.827,6.405,0.0,0.0,2704.77,1044.59
7321,frame_007321.png,73.15,87.46,7.217,6.824,0.0,0.0,2718.72,1047.81
7381,frame_007381.png,73.97,88.27,7.388,7.36,0.0,0.0,2711.75,1046.21
7441,frame_007441.png,70.83,83.73,6.029,5.957,0.0,0.0,2716.52,1046.08
7501,frame_007501.png,71.55,85.25,6.068,6.083,0.0,0.0,2751.46,1047.57
7561,frame_007561.png,72.33,85.91,6.471,6.814,0.0,0.0,2738.9,1046.04
7621,frame_007621.png,71.91,85.41,6.376,6.398,0.0,0.0,2702.7,1046.3
7681,frame_007681.png,72.22,85.9,6.28,6.332,0.0,0.0,2707.02,1041.23
7741,frame_007741.png,72.11,85.02,6.324,6.583,0.0,0.0,2698.25,1040.11
7801,frame_007801.png,72.14,83.86,6.015,5.965,0.0,0.0,2674.88,1037.97
7861,frame_007861.png,70.83,82.32,5.853,6.451,0.0,0.0,2625.45,1038.51
7921,frame_007921.png,71.79,82.44,6.01,6.27,0.0,0.0,2605.95,1029.72
7981,frame_007981.png,69.93,81.77,6.24,6.576,0.0,0.0,2622.85,1019.51
8041,frame_008041.png,69.3,80.63,6.187,6.264,0.0,0.0,2594.28,1006.51
8101,frame_008101.png,70.39,81.79,6.536,6.844,0.0,0.0,2512.76,989.74
8161,frame_008161.png,70.05,80.48,6.274,6.308,0.0,0.0,2502.93,969.3
8221,frame_008221.png,72.64,83.59,6.498,6.397,0.0,0.0,2493.71,967.62
8281,frame_008281.png,70.89,81.05,6.437,6.374,0.0,0.0,2503.63,979.32
8341,frame_008341.png,72.25,83.86,6.453,6.502,0.0,0.0,2486.26,964.37
8401,frame_008401.png,68.24,78.0,5.589,6.325,0.0,0.0,2491.44,937.5
8461,frame_008461.png,67.08,77.18,5.105,5.714,0.0,0.0,2481.3,938.71
8521,frame_008521.png,67.13,76.23,5.562,5.772,0.0,0.0,2482.27,945.3
8581,frame_008581.png,65.2,74.2,5.46,5.529,0.0,0.0,2425.88,909.89
8641,frame_008641.png,65.8,74.72,5.097,5.342,0.0,0.0,2370.53,940.66
8701,frame_008701.png,67.17,78.59,4.83,4.768,0.0,0.0,2376.63,910.08
8761,frame_008761.png,65.99,77.14,5.144,4.783,0.0,0.0,2402.09,896.62
8821,frame_008821.png,62.09,72.08,4.669,4.391,0.0,0.0,2369.23,913.77
8881,frame_008881.png,61.8,72.19,4.935,4.651,0.0,0.0,2362.86,906.57
8941,frame_008941.png,60.93,70.28,4.995,4.542,0.0,0.0,2320.3,900.83
9001,frame_009001.png,59.62,67.6,5.144,4.725,0.0,0.0,2295.3,892.18
9061,frame_009061.png,59.73,68.91,5.043,4.503,0.0,0.0,2243.53,872.56
9121,frame_009121.png,58.85,66.67,5.473,4.932,0.0,0.0,2184.51,858.38
9181,frame_009181.png,55.77,63.36,5.859,4.965,1.4826,0.0,2168.71,832.64
9241,frame_009241.png,56.28,62.53,5.871,4.894,1.4826,1.4826,2096.3,817.84
9301,frame_009301.png,48.31,53.82,4.862,4.202,1.4826,1.4826,2083.79,822.21
9361,frame_009361.png,52.99,60.78,5.099,4.948,1.4826,1.4826,1939.31,813.44
9421,frame_009421.png,58.15,64.58,6.04,5.358,1.4826,1.4826,1654.16,761.23
9481,frame_009481.png,51.39,56.97,5.087,4.844,1.4826,1.4826,1859.99,782.65
9541,frame_009541.png,50.78,56.72,5.358,4.989,1.4826,1.4826,1816.25,772.23
9601,frame_009601.png,50.51,54.68,5.33,4.995,1.4826,1.4826,1792.39,783.61
9661,frame_009661.png,45.29,50.08,5.136,4.821,1.4826,1.4826,1852.79,765.51
9721,frame_009721.png,41.41,46.64,4.853,4.591,2.9652,2.9652,1815.06,653.99
9781,frame_009781.png,38.88,43.02,4.582,4.413,2.9652,2.9652,1778.76,593.56
9841,frame_009841.png,57.96,62.6,6.525,5.744,1.4826,1.4826,1469.44,704.78
9901,frame_009901.png,28.6,32.04,4.34,4.34,2.9652,2.9652,1724.05,627.65
9961,frame_009961.png,39.23,44.05,5.062,4.859,2.9652,1.4826,1586.02,628.21
10021,frame_010021.png,32.06,35.38,4.65,4.597,2.9652,2.9652,1756.66,647.48
10081,frame_010081.png,90.75,111.45,21.967,27.68,0.0,0.0,440.26,2.14
10141,frame_010141.png,37.0,42.65,5.347,5.013,1.4826,1.4826,1869.58,677.0
10201,frame_010201.png,53.89,61.24,6.786,6.352,1.4826,1.4826,1802.68,688.47
10261,frame_010261.png,47.48,46.44,5.698,5.025,1.4826,1.4826,988.85,420.37
10321,frame_010321.png,46.2,57.01,7.162,7.124,1.4826,1.4826,1344.56,431.13
10381,frame_010381.png,48.83,53.12,6.853,6.342,1.4826,1.4826,1411.63,614.74
10441,frame_010441.png,27.35,29.78,4.962,4.629,2.9652,2.9652,1736.95,647.36
10501,frame_010501.png,40.55,42.46,5.339,5.0,2.9652,2.9652,972.54,425.84
10561,frame_010561.png,92.02,110.32,22.641,26.485,0.0,0.0,364.56,4.78
10621,frame_010621.png,44.93,45.33,5.768,5.235,2.9652,2.9652,1166.47,603.71
10681,frame_010681.png,41.16,44.25,5.81,5.559,1.4826,1.4826,1365.89,561.28
10741,frame_010741.png,35.54,40.09,5.604,5.399,1.4826,1.4826,1409.36,520.42
10801,frame_010801.png,57.15,56.53,7.281,6.696,1.4826,1.4826,898.24,485.26
10861,frame_010861.png,46.73,49.68,6.223,5.655,2.9652,2.9652,1212.08,560.62
10921,frame_010921.png,37.32,37.98,4.841,4.548,4.4477,2.9652,1171.78,430.44
10981,frame_010981.png,35.43,36.9,4.805,4.264,4.4477,4.4477,1352.11,497.5
11041,frame_011041.png,37.28,40.5,5.37,5.042,2.9652,2.9652,1102.62,397.78
11101,frame_011101.png,42.4,42.56,6.012,5.089,4.4477,4.4477,560.63,230.29
11161,frame_011161.png,99.5,104.14,23.497,29.081,0.0,0.0,310.55,7.03
11221,frame_011221.png,57.71,54.8,5.953,6.005,4.4477,2.9652,1538.9,748.7
11281,frame_011281.png,60.4,58.35,7.25,6.508,1.4826,1.4826,393.79,202.85
11341,frame_011341.png,52.95,50.12,7.039,6.485,2.9652,2.9652,659.81,356.9
11401,frame_011401.png,97.55,111.42,22.272,29.5,0.0,0.0,429.98,5.49
11461,frame_011461.png,41.87,39.34,6.013,5.214,2.9652,2.9652,1124.34,439.55
11521,frame_011521.png,46.48,41.55,5.846,4.996,2.9652,2.9652,904.5,458.18
11581,frame_011581.png,41.46,44.63,5.991,5.345,1.4826,1.4826,1293.46,473.22
11641,frame_011641.png,37.51,42.02,5.774,5.524,2.9652,1.4826,1214.77,514.73
11701,frame_011701.png,53.64,50.83,7.036,6.107,1.4826,1.4826,903.19,538.91
11761,frame_011761.png,29.2,32.61,5.216,4.853,2.9652,2.9652,1247.64,460.84
11821,frame_011821.png,95.88,101.22,21.38,26.888,0.0,0.0,207.7,30.04
11881,frame_011881.png,31.29,36.01,4.957,4.948,2.9652,2.9652,1419.82,492.83
11941,frame_011941.png,32.39,37.31,5.01,4.888,2.9652,2.9652,1389.02,498.37
12001,frame_012001.png,39.66,41.05,6.459,5.481,2.9652,2.9652,1185.25,489.31
12061,frame_012061.png,48.38,53.12,6.722,6.085,1.4826,1.4826,1257.63,467.11
12121,frame_012121.png,26.03,30.78,4.452,4.504,2.9652,2.9652,1345.77,474.11
12181,frame_012181.png,57.56,56.28,7.01,6.487,1.4826,1.4826,814.01,399.79
12241,frame_012241.png,37.39,41.81,5.673,5.66,2.9652,2.9652,1305.09,454.41
12301,frame_012301.png,30.66,33.35,5.08,4.816,4.4477,2.9652,1303.76,438.22
12361,frame_012361.png,41.63,40.73,5.748,4.88,2.9652,2.9652,1151.41,451.22
12421,frame_012421.png,29.8,33.11,4.391,4.415,2.9652,2.9652,1112.23,329.19
12481,frame_012481.png,94.17,109.12,22.502,29.082,0.0,0.0,364.03,3.66
12541,frame_012541.png,42.3,40.07,5.562,4.809,2.9652,2.9652,1023.2,508.0
12601,frame_012601.png,29.13,29.39,4.711,3.849,4.4477,4.4477,1352.44,448.69
12661,frame_012661.png,40.55,46.39,6.053,5.677,2.9652,2.9652,1304.19,520.2
12721,frame_012721.png,38.85,41.96,5.621,5.315,2.9652,2.9652,1254.05,492.9
12781,frame_012781.png,46.27,49.78,6.087,5.239,1.4826,1.4826,1208.37,497.17
12841,frame_012841.png,35.2,38.8,5.068,4.57,2.9652,2.9652,1390.23,481.07
12901,frame_012901.png,50.05,57.29,7.171,5.875,1.4826,1.4826,903.22,292.41
12961,frame_012961.png,33.73,36.89,5.732,5.256,2.9652,2.9652,1507.13,524.74
13021,frame_013021.png,40.21,43.88,5.769,5.245,2.9652,2.9652,1294.05,471.01
13081,frame_013081.png,41.23,46.47,5.992,5.438,1.4826,1.4826,1264.91,485.79
13141,frame_013141.png,34.34,39.79,5.277,5.18,2.9652,1.4826,1107.78,387.94
13201,frame_013201.png,41.55,46.84,5.575,5.376,1.4826,1.4826,1332.16,487.78
13261,frame_013261.png,40.91,48.04,6.323,6.458,2.9652,2.9652,1324.95,491.08
13321,frame_013321.png,37.01,42.32,5.137,5.117,2.9652,2.9652,1310.85,454.79
13381,frame_013381.png,45.14,48.2,5.928,5.755,1.4826,1.4826,1176.08,509.15
13441,frame_013441.png,37.51,46.03,5.715,5.744,1.4826,1.4826,1085.0,345.97
13501,frame_013501.png,40.04,47.47,5.918,5.658,1.4826,1.4826,1129.14,351.12
13561,frame_013561.png,37.66,48.08,5.976,5.556,1.4826,1.4826,1445.51,500.69
13621,frame_013621.png,36.38,42.57,5.579,5.269,1.4826,1.4826,1361.69,459.1
13681,frame_013681.png,63.13,68.18,9.196,6.924,1.4826,1.4826,1067.98,539.67
13741,frame_013741.png,52.82,49.49,5.691,5.036,4.4477,4.4477,876.13,438.01
13801,frame_013801.png,53.13,56.02,10.789,7.883,1.4826,1.4826,1017.59,504.1
13861,frame_013861.png,35.12,39.06,5.617,5.215,2.9652,2.9652,1277.77,431.57
13921,frame_013921.png,42.92,50.4,6.492,6.338,1.4826,1.4826,1171.54,375.4
13981,frame_013981.png,44.25,40.03,5.339,4.886,2.9652,2.9652,788.92,418.78
14041,frame_014041.png,31.62,38.28,4.887,4.935,2.9652,2.9652,1014.97,320.97
14101,frame_014101.png,30.32,35.76,4.582,4.882,2.9652,2.9652,942.29,289.03
14161,frame_014161.png,31.82,36.2,4.587,4.609,2.9652,2.9652,920.01,304.55
14221,frame_014221.png,29.65,34.42,4.542,4.777,2.9652,2.9652,854.47,274.61
14281,frame_014281.png,43.14,41.52,6.138,5.488,2.9652,2.9652,738.55,378.88
14341,frame_014341.png,35.55,39.1,5.408,4.934,2.9652,2.9652,983.51,329.85
14401,frame_014401.png,42.43,39.34,5.787,5.193,2.9652,2.9652,555.08,229.42
14461,frame_014461.png,40.59,41.07,5.695,5.236,2.9652,2.9652,826.15,274.5
14521,frame_014521.png,55.78,63.58,8.056,7.8,1.4826,1.4826,472.31,73.89
14581,frame_014581.png,21.0,27.27,5.658,5.485,4.4477,4.4477,577.11,95.13
14641,frame_014641.png,29.59,31.65,4.726,4.464,2.9652,2.9652,929.35,280.32
14701,frame_014701.png,45.29,48.45,7.136,5.897,2.9652,2.9652,701.87,260.53
14761,frame_014761.png,54.8,59.62,8.309,7.706,1.4826,1.4826,314.92,35.79
14821,frame_014821.png,36.11,38.74,5.792,5.171,2.9652,2.9652,1015.83,391.3
14881,frame_014881.png,27.95,30.8,5.023,4.399,4.4477,2.9652,1124.69,364.08
14941,frame_014941.png,91.43,109.07,21.945,29.311,0.0,0.0,459.71,9.78
15001,frame_015001.png,63.24,59.35,7.392,6.311,1.4826,1.4826,532.72,253.63
15061,frame_015061.png,45.17,44.8,6.824,6.424,2.9652,2.9652,847.29,420.66
15121,frame_015121.png,34.41,34.84,5.613,5.306,2.9652,2.9652,961.42,328.79
15181,frame_015181.png,65.91,62.34,7.959,6.9,1.4826,1.4826,581.2,341.57
15241,frame_015241.png,27.19,29.45,5.04,4.331,2.9652,2.9652,1020.48,329.76
15301,frame_015301.png,24.61,28.01,4.716,4.46,2.9652,2.9652,965.02,293.8
15361,frame_015361.png,34.01,38.37,5.319,4.647,2.9652,2.9652,778.24,201.05
15421,frame_015421.png,59.75,62.97,7.159,6.528,1.4826,1.4826,646.74,303.94
15481,frame_015481.png,26.41,29.07,4.801,4.617,4.4477,2.9652,1187.3,365.74
15541,frame_015541.png,38.95,42.29,5.503,5.263,2.9652,2.9652,1265.4,440.98
15601,frame_015601.png,42.99,40.99,6.541,6.146,2.9652,2.9652,1072.23,389.27
15661,frame_015661.png,43.54,46.07,6.084,5.671,2.9652,2.9652,984.46,418.39
15721,frame_015721.png,42.25,43.91,5.779,5.589,2.9652,2.9652,1179.62,446.64
15781,frame_015781.png,40.59,44.65,5.931,5.212,2.9652,2.9652,908.34,360.31
15841,frame_015841.png,41.87,36.4,5.181,4.357,2.9652,2.9652,885.41,447.44
15901,frame_015901.png,29.64,31.77,4.742,4.787,2.9652,2.9652,1262.46,412.65
15961,frame_015961.png,58.21,56.61,7.437,6.618,1.4826,1.4826,943.7,523.37
16021,frame_016021.png,32.76,34.67,4.379,4.691,2.9652,2.9652,1292.91,443.69
16081,frame_016081.png,39.45,44.91,5.281,5.135,1.4826,1.4826,1171.18,427.65
16141,frame_016141.png,45.82,46.49,6.409,5.654,1.4826,1.4826,940.74,412.06
16201,frame_016201.png,44.8,46.48,5.227,4.896,1.4826,1.4826,1095.89,373.83
16261,frame_016261.png,92.28,109.73,21.615,28.006,0.0,0.0,393.39,3.13
16321,frame_016321.png,40.78,41.06,5.634,5.077,2.9652,2.9652,1037.33,449.95
16381,frame_016381.png,41.51,48.28,5.649,5.327,2.9652,2.9652,1736.48,607.11
16441,frame_016441.png,25.33,28.06,5.033,4.812,4.4477,2.9652,1126.8,337.76
16501,frame_016501.png,28.98,32.11,5.568,5.008,2.9652,2.9652,1158.33,385.32
16561,frame_016561.png,43.87,48.07,6.987,6.076,1.4826,1.4826,1127.14,393.12
16621,frame_016621.png,51.28,51.81,6.291,5.352,1.4826,1.4826,879.51,423.04
16681,frame_016681.png,49.44,51.27,7.235,5.772,1.4826,1.4826,930.4,422.6
16741,frame_016741.png,39.17,41.88,6.069,5.765,2.9652,2.9652,1302.02,474.89
16801,frame_016801.png,30.35,31.49,4.535,4.612,4.4477,2.9652,1301.32,457.38
16861,frame_016861.png,37.12,40.01,5.381,5.325,2.9652,2.9652,1244.59,428.07
16921,frame_016921.png,24.67,26.91,4.53,4.667,4.4477,4.4477,1391.8,486.72
16981,frame_016981.png,44.01,47.33,5.858,5.39,1.4826,1.4826,1311.66,500.59
17041,frame_017041.png,52.43,53.89,6.444,5.235,1.4826,1.4826,1246.28,583.69
17101,frame_017101.png,34.66,40.33,4.871,4.759,2.9652,2.9652,1334.9,520.6
17161,frame_017161.png,28.62,30.44,4.735,4.775,2.9652,2.9652,1383.41,508.41
17221,frame_017221.png,51.33,55.0,6.811,5.785,1.4826,1.4826,1094.5,540.06
17281,frame_017281.png,59.04,60.36,8.172,7.106,1.4826,1.4826,763.87,380.85
17341,frame_017341.png,86.63,106.96,25.221,29.47,0.0,0.0,481.78,10.66
17401,frame_017401.png,31.53,40.88,6.122,5.413,2.9652,2.9652,1081.82,336.54
17461,frame_017461.png,32.86,41.71,5.644,5.563,2.9652,2.9652,1062.85,333.52
17521,frame_017521.png,32.47,41.82,5.292,5.216,2.9652,2.9652,1034.96,340.09
17581,frame_017581.png,50.97,62.97,9.801,7.749,1.4826,1.4826,606.9,92.91
17641,frame_017641.png,46.94,63.34,10.575,7.556,1.4826,1.4826,634.36,90.89
17701,frame_017701.png,26.7,38.74,7.368,6.699,2.9652,1.4826,614.25,98.17
17761,frame_017761.png,48.47,48.65,6.41,6.058,2.9652,2.9652,1098.52,560.54
17821,frame_017821.png,53.22,70.74,10.93,8.52,1.4826,1.4826,611.98,87.18
17881,frame_017881.png,53.98,62.52,9.381,7.417,1.4826,1.4826,545.17,86.55
17941,frame_017941.png,47.12,56.41,8.473,7.326,1.4826,1.4826,623.85,94.21
18001,frame_018001.png,36.98,45.84,6.334,5.935,1.4826,1.4826,1196.67,389.62
18061,frame_018061.png,35.93,43.57,5.694,5.647,1.4826,1.4826,1193.85,391.7
18121,frame_018121.png,28.22,32.89,4.918,4.73,2.9652,2.9652,1329.71,455.82
18181,frame_018181.png,38.38,39.86,5.532,5.087,2.9652,2.9652,1293.32,503.04
18241,frame_018241.png,26.92,30.16,4.85,4.412,2.9652,2.9652,1348.89,516.7
18301,frame_018301.png,29.11,31.66,5.302,4.875,2.9652,2.9652,1319.64,438.93
18361,frame_018361.png,31.29,39.03,5.733,5.283,2.9652,2.9652,1062.69,355.52
18421,frame_018421.png,39.5,41.45,5.585,5.051,2.9652,2.9652,1095.47,374.75
18481,frame_018481.png,28.43,28.98,4.297,4.104,4.4477,4.4477,1239.2,398.34
18541,frame_018541.png,36.33,41.8,5.95,5.108,2.9652,2.9652,1112.23,418.46
18601,frame_018601.png,34.86,40.55,5.727,5.282,2.9652,2.9652,857.96,246.26
18661,frame_018661.png,53.47,53.88,6.579,6.479,1.4826,1.4826,786.86,411.5
18721,frame_018721.png,54.63,54.52,6.897,6.136,1.4826,1.4826,946.08,429.69
18781,frame_018781.png,52.9,52.26,5.315,4.935,2.9652,2.9652,955.49,431.62
18841,frame_018841.png,67.69,71.52,9.092,6.864,0.0,0.0,1374.75,671.14
18901,frame_018901.png,47.41,45.82,5.365,5.071,2.9652,2.9652,1423.1,670.67
18961,frame_018961.png,39.44,38.85,4.883,4.741,2.9652,2.9652,1397.66,629.95
19021,frame_019021.png,36.1,38.27,4.721,4.639,2.9652,2.9652,1588.48,657.65
19081,frame_019081.png,37.89,39.18,4.899,4.72,2.9652,2.9652,1344.91,618.89
19141,frame_019141.png,25.38,30.31,4.213,4.464,4.4477,2.9652,1641.92,631.28
19201,frame_019201.png,28.96,32.36,4.7,4.552,2.9652,2.9652,1540.77,591.0
19261,frame_019261.png,36.67,38.46,5.354,4.875,2.9652,2.9652,1557.05,674.98
19321,frame_019321.png,45.91,46.71,6.488,5.933,2.9652,2.9652,1282.7,648.27
19381,frame_019381.png,23.84,27.46,5.095,4.517,4.4477,4.4477,1344.46,496.27
19441,frame_019441.png,59.04,62.95,6.018,5.553,1.4826,1.4826,1368.18,648.7
19501,frame_019501.png,52.66,59.33,4.835,4.777,1.4826,1.4826,1953.88,758.75
19561,frame_019561.png,49.55,52.99,4.61,4.725,1.4826,1.4826,1921.39,726.18
19621,frame_019621.png,52.14,58.05,5.903,4.866,1.4826,1.4826,1936.37,681.26
19681,frame_019681.png,50.08,55.23,5.161,4.833,1.4826,1.4826,1880.57,646.43
19741,frame_019741.png,45.45,49.28,4.765,4.638,2.9652,1.4826,1841.86,700.88
19801,frame_019801.png,40.71,44.82,5.475,5.304,2.9652,2.9652,1279.14,492.77
19861,frame_019861.png,38.08,37.61,5.581,4.683,2.9652,2.9652,1005.38,355.23
19921,frame_019921.png,44.71,44.1,6.012,5.457,2.9652,2.9652,811.06,364.15
19981,frame_019981.png,33.14,33.59,5.258,4.754,2.9652,2.9652,1109.04,361.44
20041,frame_020041.png,41.26,39.16,5.549,4.937,2.9652,2.9652,747.73,312.75
20101,frame_020101.png,36.31,42.99,6.529,5.68,2.9652,2.9652,1074.99,343.99
20161,frame_020161.png,23.59,29.12,4.898,4.94,2.9652,2.9652,1017.0,305.45
20221,frame_020221.png,35.82,39.31,6.118,5.824,2.9652,2.9652,1040.27,369.21
20281,frame_020281.png,35.25,40.56,6.125,5.933,2.9652,2.9652,1314.16,450.01
20341,frame_020341.png,34.36,38.24,5.006,4.69,2.9652,2.9652,1334.31,515.58
20401,frame_020401.png,33.95,41.95,6.7,5.634,2.9652,2.9652,949.77,260.24
20461,frame_020461.png,93.43,109.65,22.357,27.801,0.0,0.0,446.3,13.29
20521,frame_020521.png,30.98,38.39,5.784,5.782,2.9652,1.4826,817.0,201.08
20581,frame_020581.png,30.39,39.15,5.917,6.271,2.9652,1.4826,808.07,192.8
20641,frame_020641.png,25.97,33.16,4.822,5.18,2.9652,2.9652,955.28,257.54
20701,frame_020701.png,34.26,40.38,5.527,5.206,2.9652,2.9652,892.44,242.66
20761,frame_020761.png,53.2,54.59,8.063,6.363,1.4826,1.4826,542.21,212.3
20821,frame_020821.png,56.12,57.44,7.777,6.586,1.4826,1.4826,603.22,231.85
20881,frame_020881.png,47.21,57.14,7.84,6.913,1.4826,1.4826,419.35,44.49
20941,frame_020941.png,19.59,26.2,5.846,5.538,2.9652,2.9652,532.18,62.24
21001,frame_021001.png,33.73,44.19,6.284,5.87,1.4826,1.4826,757.67,170.25
21061,frame_021061.png,86.65,111.02,23.753,29.661,0.0,0.0,486.97,1.28
21121,frame_021121.png,55.77,64.71,7.214,6.955,1.4826,1.4826,1819.2,768.67
21181,frame_021181.png,49.46,52.22,6.694,6.091,1.4826,1.4826,1586.22,652.32
21241,frame_021241.png,33.13,34.21,6.523,5.958,1.4826,1.4826,1845.55,714.69
21301,frame_021301.png,51.52,59.44,7.573,6.828,1.4826,1.4826,1727.66,714.99
21361,frame_021361.png,50.29,57.72,6.598,6.185,1.4826,1.4826,1464.74,587.8
21421,frame_021421.png,44.98,53.66,7.322,6.676,1.4826,1.4826,1190.36,539.96
21481,frame_021481.png,52.45,63.84,9.429,9.037,1.4826,1.4826,1946.46,755.61
21541,frame_021541.png,55.39,68.46,8.735,8.857,1.4826,1.4826,1387.62,486.01
21601,frame_021601.png,55.12,66.24,9.795,8.651,1.4826,1.4826,1157.32,418.1
21661,frame_021661.png,42.36,47.2,7.304,6.459,1.4826,1.4826,1111.82,389.52
21721,frame_021721.png,41.31,47.64,7.282,6.901,1.4826,1.4826,1036.44,352.81
21781,frame_021781.png,31.18,33.26,6.973,6.424,2.9652,2.9652,1281.57,559.61
21841,frame_021841.png,35.61,36.68,5.773,5.689,1.4826,1.4826,1408.67,711.1
21901,frame_021901.png,44.21,47.16,7.487,6.89,1.4826,1.4826,1363.26,653.21
21961,frame_021961.png,38.42,36.66,6.848,6.219,1.4826,1.4826,1494.52,783.91
22021,frame_022021.png,41.15,42.24,7.467,7.328,1.4826,1.4826,1438.0,737.01
22081,frame_022081.png,49.2,52.06,7.59,7.169,1.4826,1.4826,1389.12,672.43
22141,frame_022141.png,46.57,49.26,6.934,6.988,1.4826,1.4826,1523.29,767.56
22201,frame_022201.png,37.68,36.33,5.861,5.711,1.4826,1.4826,1632.23,827.48
22261,frame_022261.png,49.1,50.28,6.163,5.984,1.4826,1.4826,1699.8,859.37
22321,frame_022321.png,40.76,42.3,5.449,5.527,1.4826,1.4826,1832.45,935.07
22381,frame_022381.png,44.72,45.88,7.089,6.268,1.4826,1.4826,2281.16,1178.08
22441,frame_022441.png,41.58,44.43,6.168,6.51,1.4826,1.4826,1816.47,876.72
22501,frame_022501.png,41.5,44.18,6.246,6.223,1.4826,1.4826,1746.69,861.04
22561,frame_022561.png,50.95,54.01,7.387,6.022,1.4826,1.4826,1076.89,557.82
22621,frame_022621.png,42.95,43.0,5.487,5.716,1.4826,1.4826,1686.63,855.58
22681,frame_022681.png,43.95,44.09,5.515,5.551,1.4826,1.4826,1643.07,838.25
22741,frame_022741.png,44.02,45.02,5.89,6.102,1.4826,1.4826,1607.2,832.57
22801,frame_022801.png,47.06,51.83,6.751,6.048,1.4826,1.4826,1481.55,750.08
22861,frame_022861.png,39.04,39.45,5.601,5.262,2.9652,1.4826,1500.72,825.82
22921,frame_022921.png,36.49,37.81,8.636,7.512,2.9652,2.9652,1205.24,448.32
22981,frame_022981.png,33.55,35.59,6.643,6.687,2.9652,2.9652,1198.88,445.08
23041,frame_023041.png,32.83,34.95,7.122,7.07,2.9652,1.4826,1209.28,451.9
23101,frame_023101.png,31.61,30.96,6.169,6.088,2.9652,2.9652,1225.09,460.95
23161,frame_023161.png,39.25,42.99,7.184,7.044,1.4826,1.4826,1201.04,435.59
23221,frame_023221.png,30.08,32.98,6.029,5.699,2.9652,2.9652,1287.36,493.12
23281,frame_023281.png,34.04,35.25,6.185,5.949,2.9652,2.9652,924.69,332.44
23341,frame_023341.png,36.96,45.11,5.346,5.595,2.9652,2.9652,1725.4,750.97
23401,frame_023401.png,35.66,45.12,5.55,5.531,2.9652,2.9652,1521.32,518.35
23461,frame_023461.png,45.48,48.77,5.237,4.91,2.9652,1.4826,1465.58,724.57
23521,frame_023521.png,38.92,48.62,5.282,5.144,2.9652,2.9652,1831.66,727.66
23581,frame_023581.png,54.65,60.15,7.665,7.181,1.4826,1.4826,1086.5,522.79
23641,frame_023641.png,38.86,52.45,6.946,6.648,1.4826,1.4826,1371.81,459.95
23701,frame_023701.png,60.32,66.49,8.226,8.146,1.4826,1.4826,1045.83,459.86
23761,frame_023761.png,38.72,46.57,5.477,5.643,2.9652,2.9652,1537.2,629.64
23821,frame_023821.png,46.17,49.66,6.22,5.746,1.4826,1.4826,967.86,365.97
23881,frame_023881.png,30.52,40.06,5.565,5.734,2.9652,1.4826,1161.85,351.65
23941,frame_023941.png,93.08,106.93,22.581,29.263,0.0,0.0,463.66,10.42
24001,frame_024001.png,54.21,65.15,9.011,7.845,1.4826,1.4826,832.8,199.55
24061,frame_024061.png,31.4,44.21,6.643,6.329,1.4826,1.4826,1120.1,352.16
24121,frame_024121.png,49.05,60.95,8.651,7.396,1.4826,1.4826,985.31,270.43
24181,frame_024181.png,42.44,31.94,7.1,4.793,10.3781,8.8955,1435.94,684.93
24241,frame_024241.png,94.93,110.7,20.079,27.306,0.0,0.0,371.88,2.52
24301,frame_024301.png,39.33,46.36,6.194,6.224,2.9652,2.9652,1942.8,752.08
24361,frame_024361.png,56.73,62.52,6.177,5.786,1.4826,1.4826,1659.15,679.07
24421,frame_024421.png,61.18,67.24,6.685,7.156,1.4826,1.4826,1514.31,621.56
24481,frame_024481.png,42.77,51.94,5.74,5.913,2.9652,1.4826,1783.28,583.44
24541,frame_024541.png,48.25,58.29,6.453,5.656,1.4826,1.4826,1396.26,567.88
24601,frame_024601.png,55.09,62.66,6.13,6.511,1.4826,1.4826,1882.91,646.07
24661,frame_024661.png,41.6,50.29,5.375,5.918,1.4826,1.4826,1964.74,704.81
24721,frame_024721.png,44.55,51.25,5.522,5.855,1.4826,1.4826,1933.83,682.51
24781,frame_024781.png,40.19,48.7,5.229,5.801,1.4826,1.4826,1965.9,692.26
24841,frame_024841.png,43.45,53.25,5.465,5.613,1.4826,1.4826,2031.44,825.73
24901,frame_024901.png,35.23,46.76,5.497,5.971,2.9652,2.9652,2128.52,840.84
24961,frame_024961.png,38.12,50.98,5.999,6.653,2.9652,2.9652,2160.93,851.31
25021,frame_025021.png,36.73,48.49,5.728,6.186,2.9652,1.4826,2084.58,857.21
25081,frame_025081.png,42.82,54.11,5.909,6.21,1.4826,1.4826,2025.55,881.86
25141,frame_025141.png,36.23,47.71,5.356,6.039,2.9652,1.4826,2172.7,885.04
25201,frame_025201.png,37.97,48.84,5.376,5.902,2.9652,1.4826,2112.78,888.82
25261,frame_025261.png,35.6,45.43,5.31,5.974,2.9652,1.4826,2181.69,877.68
25321,frame_025321.png,35.91,47.15,5.701,6.132,2.9652,1.4826,2157.68,879.83
25381,frame_025381.png,20.28,23.76,6.09,5.869,5.9303,5.9303,1294.54,501.8
25441,frame_025441.png,20.16,18.9,6.643,5.977,5.9303,5.9303,1291.93,423.35
25501,frame_025501.png,68.07,74.67,10.368,7.268,2.9652,2.9652,1473.43,684.03
25561,frame_025561.png,19.22,18.56,6.588,5.885,5.9303,5.9303,1430.83,516.78
25621,frame_025621.png,17.37,14.53,5.472,5.185,7.4129,5.9303,1493.14,559.34
25681,frame_025681.png,14.92,16.58,5.153,5.667,5.9303,5.9303,1512.17,543.64
25741,frame_025741.png,28.97,33.22,5.657,5.071,4.4477,4.4477,1224.44,503.65
25801,frame_025801.png,19.41,26.22,5.51,5.52,5.9303,4.4477,1445.78,541.06
25861,frame_025861.png,18.0,22.87,5.894,6.232,5.9303,4.4477,1522.64,585.21
25921,frame_025921.png,16.56,17.23,6.299,5.704,5.9303,5.9303,1546.29,605.82
25981,frame_025981.png,18.73,17.37,5.551,5.672,5.9303,5.9303,1457.11,555.65
26041,frame_026041.png,15.43,14.18,5.346,5.411,5.9303,5.9303,1477.93,530.09
26101,frame_026101.png,17.19,13.86,5.214,5.34,7.4129,5.9303,1333.0,467.32
26161,frame_026161.png,20.58,24.68,5.521,5.766,4.4477,4.4477,1498.59,551.31
26221,frame_026221.png,33.11,40.62,7.417,5.927,2.9652,2.9652,1394.71,517.13
26281,frame_026281.png,60.57,66.92,7.119,6.76,2.9652,1.4826,925.48,396.73
26341,frame_026341.png,55.92,61.55,7.701,6.419,2.9652,2.9652,1021.44,386.14
26401,frame_026401.png,36.52,46.35,7.009,7.065,2.9652,2.9652,1150.46,413.44
26461,frame_026461.png,48.18,54.93,7.114,6.571,1.4826,1.4826,1375.2,572.15
26521,frame_026521.png,31.86,38.83,5.409,6.072,2.9652,2.9652,1503.49,555.35
26581,frame_026581.png,41.88,46.69,5.716,6.23,2.9652,2.9652,1547.84,623.59
26641,frame_026641.png,65.5,63.68,8.96,8.306,1.4826,1.4826,1035.03,526.07
26701,frame_026701.png,93.82,108.46,22.453,29.211,0.0,0.0,433.83,12.36
26761,frame_026761.png,54.81,59.09,8.222,8.592,1.4826,1.4826,1290.16,479.47
26821,frame_026821.png,31.07,40.87,6.848,6.376,2.9652,1.4826,1454.46,515.09
26881,frame_026881.png,50.03,53.19,6.711,6.908,2.9652,2.9652,944.81,335.63
26941,frame_026941.png,48.4,49.74,6.844,6.617,2.9652,2.9652,963.96,484.46
27001,frame_027001.png,80.39,76.85,13.552,9.343,0.0,0.0,317.18,51.51
27061,frame_027061.png,42.12,47.9,6.05,6.096,1.4826,1.4826,1006.5,297.78
27121,frame_027121.png,41.66,48.32,6.287,6.2,1.4826,1.4826,1111.59,326.57
27181,frame_027181.png,35.67,43.22,6.037,5.673,2.9652,1.4826,1096.7,349.02
27241,frame_027241.png,71.83,74.19,9.716,7.575,1.4826,1.4826,319.31,146.62
27301,frame_027301.png,45.52,55.75,7.108,6.734,1.4826,1.4826,630.05,114.89
27361,frame_027361.png,53.49,61.65,8.496,7.449,1.4826,1.4826,786.71,177.62
27421,frame_027421.png,49.12,56.97,8.463,6.987,1.4826,1.4826,649.93,156.97
27481,frame_027481.png,55.33,57.23,7.554,6.132,1.4826,1.4826,439.12,155.03
27541,frame_027541.png,27.95,33.92,4.996,4.873,2.9652,2.9652,934.78,279.85
27601,frame_027601.png,46.09,48.76,6.392,5.949,1.4826,1.4826,736.1,249.56
27661,frame_027661.png,35.84,37.71,5.503,5.549,2.9652,1.4826,762.99,241.65
27721,frame_027721.png,35.29,44.36,5.651,5.649,1.4826,1.4826,601.25,99.88
27781,frame_027781.png,33.85,38.74,5.299,5.181,1.4826,1.4826,810.0,192.18
27841,frame_027841.png,36.97,42.63,5.745,5.577,1.4826,1.4826,745.17,174.54
27901,frame_027901.png,38.92,45.37,6.275,5.445,2.9652,2.9652,811.26,246.93
27961,frame_027961.png,48.01,47.95,5.94,5.746,1.4826,1.4826,468.94,195.87
28021,frame_028021.png,26.39,35.38,4.896,5.103,2.9652,2.9652,783.31,182.64
28081,frame_028081.png,29.83,36.43,5.001,4.968,2.9652,2.9652,839.53,204.85
28141,frame_028141.png,54.92,65.46,8.601,7.592,1.4826,1.4826,947.51,272.86
28201,frame_028201.png,35.7,41.9,5.973,5.501,1.4826,1.4826,2177.53,912.8
28261,frame_028261.png,103.18,105.61,23.552,28.97,0.0,0.0,429.45,9.68
28321,frame_028321.png,34.0,37.55,5.21,4.675,2.9652,2.9652,1453.02,557.33
28381,frame_028381.png,43.0,47.48,5.761,5.422,2.9652,2.9652,1232.21,504.87
28441,frame_028441.png,30.1,37.15,5.08,4.999,2.9652,1.4826,1173.25,371.69
28501,frame_028501.png,37.5,45.03,6.456,6.482,1.4826,1.4826,976.57,261.47
28561,frame_028561.png,36.98,47.71,6.123,6.114,1.4826,1.4826,966.99,251.23
28621,frame_028621.png,35.7,48.99,7.033,6.882,1.4826,1.4826,879.04,234.61
28681,frame_028681.png,33.07,42.54,5.191,5.316,1.4826,1.4826,885.1,249.17
28741,frame_028741.png,50.06,56.34,5.827,5.9,1.4826,1.4826,940.07,263.46
28801,frame_028801.png,50.4,60.43,8.894,8.114,1.4826,1.4826,967.31,276.53
28861,frame_028861.png,52.58,43.36,8.018,5.533,11.8606,10.3781,2305.53,1196.11
28921,frame_028921.png,40.71,29.06,7.028,4.954,11.8606,10.3781,1877.84,962.13
28981,frame_028981.png,34.36,24.38,6.504,4.533,10.3781,8.8955,1434.0,723.67
29041,frame_029041.png,52.09,48.75,8.613,6.146,5.9303,5.9303,1473.56,697.67
29101,frame_029101.png,92.77,102.26,12.213,11.402,1.4826,1.4826,1256.35,584.77
29161,frame_029161.png,35.36,46.27,6.94,5.486,2.9652,2.9652,1182.65,429.27
29221,frame_029221.png,106.56,107.19,12.486,8.324,5.9303,5.9303,2803.7,1636.63
29281,frame_029281.png,92.07,95.69,11.822,8.421,4.4477,4.4477,2016.81,1104.29
29341,frame_029341.png,52.6,62.76,8.605,7.335,1.4826,1.4826,955.67,248.08
29401,frame_029401.png,38.64,40.97,5.791,5.264,1.4826,1.4826,943.94,300.31
29461,frame_029461.png,33.33,36.68,4.631,4.794,2.9652,2.9652,1588.46,561.2
29521,frame_029521.png,33.31,39.32,4.85,5.096,2.9652,2.9652,1680.33,589.95
29581,frame_029581.png,39.69,50.08,5.614,5.468,1.4826,1.4826,1316.68,429.96
29641,frame_029641.png,56.62,57.48,7.89,6.303,1.4826,1.4826,996.51,442.37
29701,frame_029701.png,53.68,59.94,6.565,6.372,1.4826,1.4826,1601.75,793.23
29761,frame_029761.png,47.2,53.27,5.082,5.564,1.4826,1.4826,2338.59,923.29
29821,frame_029821.png,36.87,46.32,5.441,5.65,1.4826,1.4826,1859.67,715.62
29881,frame_029881.png,46.46,61.12,6.61,6.568,1.4826,1.4826,2225.95,875.94
29941,frame_029941.png,92.53,100.27,22.115,28.997,0.0,0.0,272.25,9.69
30001,frame_030001.png,69.52,80.36,5.489,7.023,0.0,0.0,2520.04,935.46
30061,frame_030061.png,65.69,77.78,5.358,5.873,0.0,0.0,2515.04,937.04
30121,frame_030121.png,65.2,76.59,5.428,5.786,0.0,0.0,2516.89,971.22
30181,frame_030181.png,86.09,98.88,11.189,10.867,0.0,0.0,2240.18,915.17
30241,frame_030241.png,67.13,78.87,4.71,5.262,0.0,0.0,2597.27,1001.98
30301,frame_030301.png,58.98,64.64,8.539,6.626,1.4826,1.4826,1140.83,412.48
30361,frame_030361.png,68.66,81.0,6.255,6.066,0.0,0.0,2652.76,1035.94
30421,frame_030421.png,69.33,81.78,6.048,5.978,0.0,0.0,2722.06,1052.59
30481,frame_030481.png,69.07,82.67,6.951,6.392,0.0,0.0,2664.59,1044.46
30541,frame_030541.png,71.32,85.74,6.708,6.379,0.0,0.0,2701.35,1042.71
30601,frame_030601.png,70.66,84.54,7.223,6.974,0.0,0.0,2722.3,1055.46
30661,frame_030661.png,71.48,84.74,6.968,6.821,0.0,0.0,2742.5,1054.4
30721,frame_030721.png,71.3,85.05,6.373,6.362,0.0,0.0,2721.06,1046.06
30781,frame_030781.png,72.5,86.11,6.211,6.042,0.0,0.0,2730.29,1045.89
30841,frame_030841.png,72.34,86.78,6.435,6.331,0.0,0.0,2721.46,1046.03
30901,frame_030901.png,72.59,86.95,6.256,6.26,0.0,0.0,2729.89,1044.94
30961,frame_030961.png,72.83,86.8,6.999,7.049,0.0,0.0,2693.61,1025.96
31021,frame_031021.png,73.24,87.72,7.153,7.053,0.0,0.0,2697.28,1040.56
31081,frame_031081.png,74.71,88.38,6.972,6.753,0.0,0.0,2665.59,1044.63
31141,frame_031141.png,71.68,83.89,5.911,5.986,0.0,0.0,2679.49,1041.19
31201,frame_031201.png,70.92,82.36,5.978,6.264,0.0,0.0,2642.36,1043.25
31261,frame_031261.png,70.87,81.92,5.88,6.23,0.0,0.0,2577.25,1016.76
31321,frame_031321.png,70.4,82.33,5.822,6.128,0.0,0.0,2603.27,1014.52
31381,frame_031381.png,69.61,80.94,6.035,6.653,0.0,0.0,2555.72,999.62
31441,frame_031441.png,68.88,79.86,5.938,6.184,0.0,0.0,2530.79,980.73
31501,frame_031501.png,70.36,81.81,5.888,6.058,0.0,0.0,2488.81,968.81
31561,frame_031561.png,71.07,81.63,6.08,5.998,0.0,0.0,2506.52,974.18
31621,frame_031621.png,69.4,79.83,6.057,6.28,0.0,0.0,2498.64,979.13
31681,frame_031681.png,68.82,79.05,5.804,6.207,0.0,0.0,2494.59,956.04
31741,frame_031741.png,68.42,77.89,5.794,6.105,0.0,0.0,2483.99,931.01
31801,frame_031801.png,67.91,77.86,5.628,6.07,0.0,0.0,2470.39,940.36
31861,frame_031861.png,67.61,77.43,10.687,5.675,0.0,0.0,2468.98,947.38
31921,frame_031921.png,67.06,76.4,5.665,5.756,0.0,0.0,2418.91,921.02
31981,frame_031981.png,67.4,77.95,5.565,5.455,0.0,0.0,2331.71,913.35
32041,frame_032041.png,69.42,82.51,5.364,5.112,0.0,0.0,2408.1,936.42
32101,frame_032101.png,63.25,74.21,5.024,4.663,0.0,0.0,2413.05,914.82
32161,frame_032161.png,63.18,74.3,5.174,4.623,0.0,0.0,2395.25,914.41
32221,frame_032221.png,60.25,69.31,4.916,4.472,0.0,0.0,2336.13,892.56
32281,frame_032281.png,59.2,67.34,5.013,4.451,0.0,0.0,2320.04,898.32
32341,frame_032341.png,58.29,66.22,4.773,4.263,0.0,0.0,2305.12,888.41
32401,frame_032401.png,55.15,63.07,4.689,4.506,0.0,0.0,2236.2,872.37
32461,frame_032461.png,62.9,71.34,5.713,5.24,1.4826,0.0,2026.01,846.47
32521,frame_032521.png,54.37,60.19,5.339,4.581,1.4826,1.4826,2186.83,857.48
32581,frame_032581.png,53.08,57.87,5.204,4.429,1.4826,1.4826,2125.38,840.09
32641,frame_032641.png,50.66,56.61,5.604,4.678,1.4826,1.4826,2061.48,805.63
32701,frame_032701.png,50.47,55.75,5.058,4.41,1.4826,1.4826,1989.12,766.47
32761,frame_032761.png,48.19,53.77,5.094,4.687,1.4826,1.4826,1991.42,796.48
32821,frame_032821.png,56.94,62.33,5.985,5.522,1.4826,1.4826,1655.02,761.96
32881,frame_032881.png,54.43,59.62,5.669,5.244,1.4826,1.4826,1739.68,761.34
32941,frame_032941.png,59.66,63.98,6.732,5.586,1.4826,1.4826,1574.66,744.41
33001,frame_033001.png,54.05,57.25,6.271,5.342,1.4826,1.4826,1556.17,745.58
33061,frame_033061.png,39.31,43.72,4.611,4.399,2.9652,2.9652,1773.58,624.17
33121,frame_033121.png,44.39,50.43,5.178,4.962,2.9652,2.9652,1754.1,598.81
33181,frame_033181.png,48.1,51.37,5.789,5.18,1.4826,1.4826,1553.04,727.23
33241,frame_033241.png,36.83,39.55,5.274,5.212,2.9652,2.9652,1631.64,643.27
33301,frame_033301.png,38.3,43.1,5.643,5.373,1.4826,1.4826,1696.29,644.61
33361,frame_033361.png,47.68,51.88,7.053,6.344,1.4826,1.4826,977.35,367.87
33421,frame_033421.png,30.58,34.87,4.5,4.796,2.9652,2.9652,1807.29,642.13
33481,frame_033481.png,33.62,40.44,4.952,5.236,2.9652,1.4826,1938.4,711.85
33541,frame_033541.png,36.19,44.55,5.478,5.463,1.4826,1.4826,1675.37,717.89
33601,frame_033601.png,43.29,49.21,6.274,6.235,1.4826,1.4826,1352.72,468.46
33661,frame_033661.png,47.8,53.14,7.311,6.744,1.4826,1.4826,1418.07,509.97
33721,frame_033721.png,30.28,33.85,4.824,4.85,2.9652,2.9652,1708.67,647.24
33781,frame_033781.png,57.46,58.4,7.927,6.44,1.4826,1.4826,970.06,593.53
33841,frame_033841.png,50.85,48.85,6.81,5.883,1.4826,1.4826,1027.32,615.21
33901,frame_033901.png,38.02,41.34,5.732,5.367,2.9652,1.4826,1716.03,689.94
33961,frame_033961.png,94.06,110.46,20.752,24.742,0.0,0.0,315.87,9.71
34021,frame_034021.png,47.67,47.64,6.074,5.651,1.4826,1.4826,1348.13,679.72
34081,frame_034081.png,51.88,53.89,6.13,5.902,1.4826,1.4826,997.64,460.64
34141,frame_034141.png,45.45,46.25,5.935,5.391,2.9652,2.9652,1067.08,510.98
34201,frame_034201.png,50.44,51.39,6.815,6.242,1.4826,1.4826,1012.94,557.27
34261,frame_034261.png,33.6,36.0,4.743,4.462,4.4477,4.4477,1274.83,450.42
34321,frame_034321.png,91.14,107.35,19.246,22.06,0.0,0.0,463.76,10.33
34381,frame_034381.png,34.25,37.2,5.705,5.015,2.9652,2.9652,1135.7,387.16
34441,frame_034441.png,59.14,57.52,7.038,6.31,1.4826,1.4826,1063.27,501.41
34501,frame_034501.png,51.19,45.97,5.746,5.073,4.4477,4.4477,1531.48,789.14
34561,frame_034561.png,51.74,47.76,5.703,5.521,5.9303,4.4477,1491.74,766.18
34621,frame_034621.png,46.35,44.22,5.594,4.855,4.4477,4.4477,1498.84,762.51
34681,frame_034681.png,50.38,48.19,6.348,5.871,4.4477,2.9652,850.51,459.81
34741,frame_034741.png,46.42,41.96,5.303,4.805,4.4477,4.4477,1678.06,851.23
34801,frame_034801.png,73.77,75.15,11.254,7.723,1.4826,1.4826,790.22,423.1
34861,frame_034861.png,43.35,43.41,5.621,5.047,1.4826,1.4826,1059.01,434.19
34921,frame_034921.png,38.82,41.78,5.808,5.545,2.9652,2.9652,1218.27,443.78
34981,frame_034981.png,33.31,39.74,5.539,5.551,2.9652,2.9652,1278.41,476.39
35041,frame_035041.png,36.54,38.6,4.896,4.499,2.9652,2.9652,1201.19,438.36
35101,frame_035101.png,26.15,29.34,4.225,4.164,4.4477,4.4477,1256.94,458.86
35161,frame_035161.png,31.85,41.15,5.416,5.296,2.9652,2.9652,1376.26,483.22
35221,frame_035221.png,32.83,36.76,5.261,4.984,2.9652,2.9652,1420.25,536.38
35281,frame_035281.png,42.37,42.48,6.403,5.567,2.9652,2.9652,1031.99,479.17
35341,frame_035341.png,92.13,101.01,20.577,22.277,0.0,0.0,231.91,30.43
35401,frame_035401.png,30.31,35.18,5.228,5.324,2.9652,2.9652,1322.64,463.05
35461,frame_035461.png,53.61,60.1,8.585,7.041,1.4826,1.4826,517.16,117.44
35521,frame_035521.png,33.84,39.61,5.259,4.928,2.9652,2.9652,1263.06,437.36
35581,frame_035581.png,94.02,110.9,21.262,26.965,0.0,0.0,360.32,5.72
35641,frame_035641.png,39.09,41.66,6.131,5.681,2.9652,2.9652,1374.81,468.89
35701,frame_035701.png,80.17,73.22,13.886,8.618,0.0,0.0,241.25,52.64
35761,frame_035761.png,44.21,51.64,6.621,6.178,1.4826,1.4826,1013.37,303.94
35821,frame_035821.png,43.6,41.91,6.11,5.042,2.9652,2.9652,1108.13,452.74
35881,frame_035881.png,39.38,37.96,5.51,5.176,2.9652,2.9652,1001.79,389.33
35941,frame_035941.png,38.95,40.48,5.983,5.157,2.9652,2.9652,1179.21,432.28
36001,frame_036001.png,30.99,32.66,4.317,4.065,4.4477,4.4477,1306.47,489.02
36061,frame_036061.png,32.35,35.18,4.554,4.392,2.9652,2.9652,1346.29,508.44
36121,frame_036121.png,28.45,32.08,4.571,4.311,2.9652,2.9652,1365.29,477.4
36181,frame_036181.png,96.13,109.48,15.776,20.131,0.0,0.0,190.6,5.02
36241,frame_036241.png,91.62,107.77,23.135,29.187,0.0,0.0,478.71,9.99
36301,frame_036301.png,35.88,38.62,5.333,4.983,2.9652,2.9652,1345.83,481.15
36361,frame_036361.png,25.85,26.23,4.023,3.96,4.4477,2.9652,1410.55,518.3
36421,frame_036421.png,53.39,51.53,6.322,5.689,1.4826,1.4826,695.3,352.88
36481,frame_036481.png,31.42,37.35,5.213,5.039,2.9652,2.9652,1064.15,353.23
36541,frame_036541.png,39.41,40.92,5.56,5.298,2.9652,2.9652,726.48,314.48
36601,frame_036601.png,84.01,84.45,14.126,10.699,0.0,0.0,276.25,6.11
36661,frame_036661.png,46.03,51.39,6.196,5.882,1.4826,1.4826,1204.82,429.85
36721,frame_036721.png,56.05,56.74,7.384,6.12,1.4826,1.4826,764.17,374.85
36781,frame_036781.png,46.09,50.63,6.303,5.425,1.4826,1.4826,977.03,326.42
36841,frame_036841.png,43.15,44.0,6.087,5.408,1.4826,1.4826,1177.2,524.24
36901,frame_036901.png,35.71,42.04,5.498,5.104,2.9652,2.9652,1452.15,506.24
36961,frame_036961.png,32.08,39.86,5.593,5.571,2.9652,2.9652,1312.6,467.81
37021,frame_037021.png,41.16,52.68,9.304,8.793,2.9652,2.9652,1182.92,490.4
37081,frame_037081.png,96.65,108.44,22.799,29.326,0.0,0.0,482.11,8.33
37141,frame_037141.png,43.89,40.95,10.244,8.512,4.4477,4.4477,1295.79,556.55
37201,frame_037201.png,35.45,38.43,5.351,5.27,2.9652,2.9652,1202.2,406.74
37261,frame_037261.png,31.13,38.48,5.343,5.015,2.9652,2.9652,1209.02,416.29
37321,frame_037321.png,39.41,43.48,5.506,5.279,2.9652,2.9652,941.83,301.77
37381,frame_037381.png,35.95,41.54,5.588,5.507,2.9652,2.9652,926.7,314.36
37441,frame_037441.png,35.45,38.59,4.985,4.753,2.9652,2.9652,847.66,309.53
37501,frame_037501.png,37.01,42.04,6.101,5.195,2.9652,2.9652,923.17,300.21
37561,frame_037561.png,57.22,53.11,7.793,6.352,1.4826,1.4826,505.21,312.03
37621,frame_037621.png,33.72,39.07,5.161,4.74,2.9652,2.9652,944.02,277.27
37681,frame_037681.png,34.02,38.01,6.005,4.897,2.9652,2.9652,1033.98,356.23
37741,frame_037741.png,30.9,34.24,4.942,4.482,4.4477,4.4477,985.91,316.25
37801,frame_037801.png,39.47,39.56,5.925,5.165,2.9652,2.9652,819.45,282.85
37861,frame_037861.png,25.42,36.23,4.864,5.067,2.9652,2.9652,538.48,69.65
37921,frame_037921.png,50.63,53.13,7.951,6.622,1.4826,1.4826,613.88,236.27
37981,frame_037981.png,39.08,42.43,6.026,5.621,2.9652,2.9652,853.49,257.09
38041,frame_038041.png,36.63,39.04,5.717,5.316,2.9652,2.9652,837.96,258.84
38101,frame_038101.png,41.04,43.61,6.583,5.551,2.9652,2.9652,707.53,239.59
38161,frame_038161.png,24.69,26.66,4.408,4.047,4.4477,4.4477,1194.84,394.43
38221,frame_038221.png,26.49,29.84,5.059,4.562,2.9652,2.9652,1034.25,349.57
38281,frame_038281.png,46.14,43.37,6.544,5.682,1.4826,1.4826,627.71,296.3
38341,frame_038341.png,38.19,37.07,5.542,5.346,2.9652,2.9652,887.79,430.61
38401,frame_038401.png,77.26,81.48,10.842,8.658,1.4826,1.4826,664.93,412.18
38461,frame_038461.png,54.97,49.41,7.488,6.592,2.9652,1.4826,651.99,417.72
38521,frame_038521.png,34.76,36.3,5.686,5.476,2.9652,2.9652,1023.94,425.73
38581,frame_038581.png,37.55,38.23,5.265,5.066,2.9652,2.9652,782.3,290.2
38641,frame_038641.png,54.01,46.79,6.292,5.338,1.4826,1.4826,381.79,203.09
38701,frame_038701.png,30.91,33.1,4.727,4.474,2.9652,2.9652,816.84,213.38
38761,frame_038761.png,43.59,40.15,5.435,4.763,2.9652,2.9652,871.25,443.67
38821,frame_038821.png,41.24,41.31,5.527,5.028,2.9652,2.9652,1126.14,441.45
38881,frame_038881.png,41.01,43.59,5.525,5.266,2.9652,2.9652,994.5,407.88
38941,frame_038941.png,50.65,51.03,6.809,6.334,1.4826,1.4826,819.01,427.75
39001,frame_039001.png,33.2,37.77,5.285,4.963,2.9652,2.9652,1259.36,477.14
39061,frame_039061.png,43.03,45.95,6.376,5.64,2.9652,2.9652,897.2,361.25
39121,frame_039121.png,40.73,47.65,5.732,5.372,2.9652,2.9652,1374.47,553.03
39181,frame_039181.png,29.06,31.37,4.004,4.252,2.9652,2.9652,1244.43,417.51
39241,frame_039241.png,45.24,41.61,5.203,4.577,1.4826,1.4826,916.8,499.31
39301,frame_039301.png,37.24,38.78,4.817,4.844,2.9652,1.4826,1252.85,416.17
39361,frame_039361.png,47.41,51.41,5.395,5.281,1.4826,1.4826,1173.43,416.28
39421,frame_039421.png,51.98,51.61,6.754,5.782,1.4826,1.4826,887.88,403.2
39481,frame_039481.png,76.05,79.6,10.318,7.642,0.0,0.0,776.12,354.35
39541,frame_039541.png,40.3,44.53,4.943,4.779,1.4826,1.4826,1215.28,402.95
39601,frame_039601.png,46.13,44.12,6.077,5.043,1.4826,1.4826,976.36,412.0
39661,frame_039661.png,40.51,43.57,5.418,5.358,2.9652,2.9652,1474.36,618.72
39721,frame_039721.png,46.69,40.36,6.605,5.924,1.4826,1.4826,703.37,353.64
39781,frame_039781.png,37.4,39.14,6.247,5.74,2.9652,2.9652,992.26,333.36
39841,frame_039841.png,27.57,33.8,5.199,5.138,2.9652,2.9652,1161.42,382.46
39901,frame_039901.png,26.15,29.36,4.65,4.573,2.9652,2.9652,1256.8,414.34
39961,frame_039961.png,40.81,46.31,5.357,5.132,1.4826,1.4826,1091.85,355.69
40021,frame_040021.png,44.9,47.54,5.877,5.652,2.9652,2.9652,1302.0,599.59
40081,frame_040081.png,30.88,36.91,5.523,5.464,2.9652,2.9652,1470.21,557.38
40141,frame_040141.png,36.2,36.46,5.14,4.834,2.9652,2.9652,1224.54,423.59
40201,frame_040201.png,26.8,28.14,4.583,4.306,4.4477,4.4477,1361.53,466.9
40261,frame_040261.png,53.69,54.84,6.367,5.415,1.4826,1.4826,1009.11,487.12
40321,frame_040321.png,37.18,40.04,4.708,4.334,2.9652,2.9652,1420.05,517.99
40381,frame_040381.png,41.01,47.89,5.663,5.146,1.4826,1.4826,1466.41,531.61
40441,frame_040441.png,53.13,50.56,6.831,5.582,1.4826,1.4826,949.36,539.42
40501,frame_040501.png,46.59,47.49,6.684,5.977,1.4826,1.4826,1309.73,575.39
40561,frame_040561.png,37.91,41.84,5.35,5.073,2.9652,2.9652,1428.43,534.55
40621,frame_040621.png,34.5,36.16,5.066,4.586,2.9652,2.9652,1143.95,395.76
40681,frame_040681.png,44.85,42.77,5.683,4.786,2.9652,2.9652,744.07,383.64
40741,frame_040741.png,34.19,40.56,5.583,5.264,2.9652,2.9652,1044.65,336.7
40801,frame_040801.png,48.15,52.72,7.043,6.784,1.4826,1.4826,842.59,304.56
40861,frame_040861.png,64.12,70.58,10.12,7.77,1.4826,1.4826,480.35,97.17
40921,frame_040921.png,47.04,60.2,9.41,7.828,1.4826,1.4826,628.97,105.33
40981,frame_040981.png,46.48,58.44,8.977,7.543,1.4826,1.4826,612.69,90.61
41041,frame_041041.png,23.94,30.85,6.985,5.961,2.9652,2.9652,617.8,105.19
41101,frame_041101.png,38.78,45.53,5.724,5.127,2.9652,2.9652,2048.91,936.82
41161,frame_041161.png,25.61,34.69,7.07,6.583,2.9652,2.9652,654.85,104.59
41221,frame_041221.png,66.93,72.71,11.911,7.775,1.4826,1.4826,425.36,109.94
41281,frame_041281.png,67.58,73.02,11.717,8.211,1.4826,1.4826,390.81,99.81
41341,frame_041341.png,42.49,52.26,6.201,6.239,1.4826,1.4826,1221.84,401.8
41401,frame_041401.png,34.37,43.03,5.556,5.517,1.4826,1.4826,1235.71,395.0
41461,frame_041461.png,35.73,40.39,5.481,5.084,2.9652,2.9652,1306.83,447.49
41521,frame_041521.png,33.34,36.53,5.241,4.777,2.9652,2.9652,1368.61,557.32
41581,frame_041581.png,35.53,37.37,5.375,4.765,2.9652,2.9652,1256.18,496.11
41641,frame_041641.png,93.66,108.58,22.613,28.977,0.0,0.0,432.38,15.83
41701,frame_041701.png,58.42,55.82,6.939,6.341,1.4826,1.4826,764.01,469.34
41761,frame_041761.png,40.55,41.01,5.633,5.058,2.9652,2.9652,1125.93,353.51
41821,frame_041821.png,37.65,40.59,5.035,4.66,2.9652,2.9652,1228.66,398.83
41881,frame_041881.png,94.38,108.64,22.019,28.887,0.0,0.0,471.93,15.1
41941,frame_041941.png,26.09,32.91,4.726,4.657,2.9652,2.9652,889.64,257.43
42001,frame_042001.png,36.12,37.74,5.0,4.437,2.9652,2.9652,1139.34,467.78
42061,frame_042061.png,41.1,40.88,5.173,4.463,2.9652,2.9652,1226.16,490.61
42121,frame_042121.png,53.33,53.85,4.943,4.601,2.9652,2.9652,1433.13,645.52
42181,frame_042181.png,89.01,109.44,20.874,25.855,0.0,0.0,406.03,7.87
42241,frame_042241.png,40.64,42.9,5.234,5.09,2.9652,2.9652,1557.46,677.61
42301,frame_042301.png,48.27,46.45,5.892,5.303,2.9652,2.9652,1262.84,607.05
42361,frame_042361.png,32.26,34.79,4.552,4.481,2.9652,2.9652,1566.51,635.55
42421,frame_042421.png,30.6,35.67,4.538,4.596,2.9652,2.9652,1612.99,629.18
42481,frame_042481.png,38.06,39.56,5.275,5.141,2.9652,2.9652,1350.0,630.29
42541,frame_042541.png,38.46,38.44,5.095,4.741,2.9652,2.9652,1317.86,630.69
42601,frame_042601.png,23.72,26.96,4.39,4.133,4.4477,4.4477,1593.29,678.43
42661,frame_042661.png,49.94,49.92,6.495,5.928,2.9652,2.9652,1171.64,633.65
42721,frame_042721.png,32.78,36.87,5.63,4.887,2.9652,2.9652,1426.53,553.58
42781,frame_042781.png,57.51,62.69,5.65,5.115,1.4826,1.4826,2023.81,776.95
42841,frame_042841.png,53.85,60.76,5.209,5.133,1.4826,1.4826,1811.72,744.47
42901,frame_042901.png,45.83,49.99,4.582,4.319,1.4826,1.4826,1930.78,705.37
42961,frame_042961.png,50.68,55.15,4.697,4.56,1.4826,1.4826,1843.07,711.97
43021,frame_043021.png,47.18,52.58,5.167,4.712,1.4826,1.4826,1844.56,714.49
43081,frame_043081.png,45.13,45.63,5.583,5.132,2.9652,2.9652,1220.67,539.31
43141,frame_043141.png,59.06,60.75,7.134,5.952,1.4826,1.4826,899.33,389.86
43201,frame_043201.png,42.21,45.23,6.223,5.659,2.9652,2.9652,1122.33,380.72
43261,frame_043261.png,36.54,38.19,5.676,5.093,2.9652,2.9652,1076.56,422.35
43321,frame_043321.png,40.42,41.74,6.035,5.384,2.9652,2.9652,855.14,315.66
43381,frame_043381.png,41.0,43.86,6.087,5.274,2.9652,2.9652,849.89,312.16
43441,frame_043441.png,42.47,46.21,6.263,5.419,1.4826,1.4826,995.64,360.84
43501,frame_043501.png,36.92,39.99,6.01,5.52,1.4826,1.4826,965.35,352.87
43561,frame_043561.png,40.34,45.4,6.682,6.575,2.9652,1.4826,1084.4,361.32
43621,frame_043621.png,38.95,44.69,5.735,6.156,2.9652,2.9652,1180.99,463.73
43681,frame_043681.png,38.88,42.21,6.4,6.008,1.4826,1.4826,874.2,237.78
43741,frame_043741.png,28.11,31.16,5.264,4.789,2.9652,2.9652,960.85,274.15
43801,frame_043801.png,47.7,53.99,7.627,6.641,1.4826,1.4826,719.14,212.85
43861,frame_043861.png,33.95,42.17,6.339,6.265,2.9652,1.4826,777.61,189.62
43921,frame_043921.png,93.41,109.69,21.922,28.974,0.0,0.0,364.22,4.2
43981,frame_043981.png,30.59,36.89,5.487,5.183,2.9652,2.9652,908.19,246.07
44041,frame_044041.png,38.55,44.84,6.547,6.048,2.9652,1.4826,901.94,267.46
44101,frame_044101.png,54.93,62.76,8.283,7.504,1.4826,1.4826,724.01,169.34
44161,frame_044161.png,34.17,43.84,6.185,6.189,1.4826,1.4826,774.61,174.71
44221,frame_044221.png,22.73,28.11,6.593,5.716,2.9652,2.9652,534.76,64.63
44281,frame_044281.png,61.11,63.52,7.323,6.164,1.4826,1.4826,324.43,103.24
44341,frame_044341.png,30.07,42.67,5.477,5.261,2.9652,1.4826,752.78,171.93
44401,frame_044401.png,69.38,75.89,7.858,6.751,0.0,0.0,1800.53,807.3
44461,frame_044461.png,42.73,44.04,6.85,6.441,1.4826,1.4826,1599.98,676.77
44521,frame_044521.png,63.46,67.74,8.059,7.289,1.4826,1.4826,1446.72,637.27
44581,frame_044581.png,49.52,49.84,7.115,6.802,1.4826,1.4826,1496.58,686.38
44641,frame_044641.png,29.11,28.72,6.527,6.308,1.4826,1.4826,2056.26,839.55
44701,frame_044701.png,54.55,55.68,7.355,6.439,1.4826,1.4826,678.83,260.25
44761,frame_044761.png,54.19,63.28,7.631,7.833,1.4826,1.4826,1552.34,627.56
44821,frame_044821.png,50.1,64.82,8.751,8.168,1.4826,1.4826,1720.93,637.52
44881,frame_044881.png,40.11,49.72,8.119,7.775,1.4826,1.4826,1324.88,443.86
44941,frame_044941.png,42.13,51.67,6.758,6.824,1.4826,1.4826,1161.14,418.88
45001,frame_045001.png,55.86,68.31,9.83,9.716,1.4826,1.4826,1014.73,368.44
45061,frame_045061.png,60.13,65.66,8.013,7.536,1.4826,1.4826,940.1,410.62
45121,frame_045121.png,37.37,35.94,6.691,6.33,2.9652,1.4826,1463.7,758.6
45181,frame_045181.png,49.42,53.7,7.79,7.368,1.4826,1.4826,1265.62,626.0
45241,frame_045241.png,38.46,37.21,6.394,5.785,2.9652,1.4826,1481.65,760.16
45301,frame_045301.png,37.43,35.01,6.12,5.688,2.9652,1.4826,1447.98,740.86
45361,frame_045361.png,38.53,39.08,6.006,6.127,1.4826,1.4826,1482.12,763.32
45421,frame_045421.png,49.09,53.29,7.724,7.588,1.4826,1.4826,1355.77,666.43
45481,frame_045481.png,37.54,35.86,5.688,5.555,1.4826,1.4826,1624.54,812.86
45541,frame_045541.png,40.64,39.88,5.697,5.547,1.4826,1.4826,1680.56,834.54
45601,frame_045601.png,35.74,34.95,5.605,5.456,1.4826,1.4826,1744.11,881.13
45661,frame_045661.png,49.18,49.27,5.465,5.855,1.4826,1.4826,1845.03,937.42
45721,frame_045721.png,46.44,49.43,6.308,6.067,1.4826,1.4826,1598.12,756.25
45781,frame_045781.png,43.93,45.98,6.381,6.34,1.4826,1.4826,1742.32,837.34
45841,frame_045841.png,48.26,49.95,5.966,6.491,1.4826,1.4826,1726.77,857.74
45901,frame_045901.png,48.81,50.52,6.117,6.435,1.4826,1.4826,1724.21,867.99
45961,frame_045961.png,54.7,56.0,6.135,6.534,1.4826,1.4826,1659.44,846.19
46021,frame_046021.png,44.27,44.83,5.615,5.813,1.4826,1.4826,1659.39,853.12
46081,frame_046081.png,43.7,44.76,6.129,6.077,1.4826,1.4826,1628.72,845.46
46141,frame_046141.png,50.37,53.92,7.397,6.297,1.4826,1.4826,1272.56,666.72
46201,frame_046201.png,42.6,45.28,6.655,6.32,1.4826,1.4826,1440.98,755.16
46261,frame_046261.png,42.87,51.18,8.264,8.234,1.4826,1.4826,1137.25,419.51
46321,frame_046321.png,46.49,56.95,8.299,8.848,1.4826,1.4826,1179.15,437.77
46381,frame_046381.png,30.83,25.1,6.686,5.852,4.4477,2.9652,1263.03,499.74
46441,frame_046441.png,31.18,33.48,6.79,6.711,2.9652,2.9652,1217.15,454.22
46501,frame_046501.png,31.39,33.75,6.696,6.426,2.9652,2.9652,1227.26,444.29
46561,frame_046561.png,48.25,54.03,6.48,6.507,1.4826,1.4826,1208.5,478.2
46621,frame_046621.png,30.29,26.66,5.965,5.766,4.4477,2.9652,984.07,379.85
46681,frame_046681.png,52.02,56.84,6.705,6.655,2.9652,2.9652,1076.24,448.81
46741,frame_046741.png,48.81,53.14,5.956,5.688,2.9652,1.4826,1448.96,672.52
46801,frame_046801.png,47.23,53.3,5.614,5.174,1.4826,1.4826,1715.31,688.57
46861,frame_046861.png,41.16,46.17,5.195,4.943,2.9652,2.9652,1478.59,625.53
46921,frame_046921.png,30.46,40.63,5.636,5.809,2.9652,1.4826,1415.81,497.92
46981,frame_046981.png,33.38,46.81,6.293,6.676,1.4826,1.4826,1369.67,476.15
47041,frame_047041.png,41.57,49.86,5.798,5.87,2.9652,2.9652,1682.72,631.38
47101,frame_047101.png,49.95,50.85,6.434,5.584,2.9652,2.9652,1233.21,579.71
47161,frame_047161.png,32.32,43.97,6.049,5.846,2.9652,1.4826,1154.36,351.81
47221,frame_047221.png,32.82,43.49,6.388,6.179,1.4826,1.4826,1165.96,354.66
47281,frame_047281.png,53.98,62.31,7.269,6.829,1.4826,1.4826,792.42,183.97
47341,frame_047341.png,48.99,56.71,7.948,6.684,1.4826,1.4826,933.87,371.11
47401,frame_047401.png,75.13,73.26,11.233,7.731,0.0,0.0,398.36,157.84
47461,frame_047461.png,47.4,61.71,9.68,8.613,1.4826,1.4826,1038.05,313.83
47521,frame_047521.png,69.87,79.57,11.725,10.352,0.0,0.0,1172.47,392.51
47581,frame_047581.png,43.25,55.99,7.487,7.641,1.4826,1.4826,1348.21,455.02
47641,frame_047641.png,39.84,51.58,5.58,5.908,2.9652,2.9652,1727.55,702.3
47701,frame_047701.png,50.41,58.61,6.037,5.783,1.4826,1.4826,1882.79,796.78
47761,frame_047761.png,43.84,43.13,5.418,4.94,2.9652,2.9652,1212.57,550.71
47821,frame_047821.png,36.46,42.62,4.983,5.365,2.9652,2.9652,1764.32,585.0
47881,frame_047881.png,39.66,48.29,5.584,6.187,2.9652,1.4826,1612.69,595.9
47941,frame_047941.png,45.95,53.17,5.473,5.872,1.4826,1.4826,1908.99,652.54
48001,frame_048001.png,47.9,55.56,5.843,6.303,1.4826,1.4826,1970.19,699.0
48061,frame_048061.png,53.28,59.92,6.266,6.222,1.4826,1.4826,1663.13,671.47
48121,frame_048121.png,50.25,58.73,5.92,5.869,1.4826,1.4826,1933.23,683.8
48181,frame_048181.png,43.27,53.94,5.944,6.375,1.4826,1.4826,2059.48,878.09
48241,frame_048241.png,44.73,56.55,6.157,6.139,1.4826,1.4826,2085.34,863.42
48301,frame_048301.png,46.45,56.92,6.183,6.453,1.4826,1.4826,2138.97,836.78
48361,frame_048361.png,42.56,54.16,5.907,6.222,2.9652,1.4826,2031.57,869.46
48421,frame_048421.png,42.53,53.06,5.803,6.437,1.4826,1.4826,2026.19,861.07
48481,frame_048481.png,41.49,51.43,5.691,5.778,1.4826,1.4826,1955.6,839.62
48541,frame_048541.png,37.19,46.93,5.413,6.251,2.9652,1.4826,2114.48,886.06
48601,frame_048601.png,34.81,44.15,5.347,5.966,2.9652,2.9652,2189.42,891.98
48661,frame_048661.png,33.93,45.09,5.619,6.134,2.9652,1.4826,2159.48,889.5
48721,frame_048721.png,25.33,32.26,6.486,6.14,4.4477,4.4477,1221.64,422.46
48781,frame_048781.png,31.22,40.34,7.35,6.78,4.4477,2.9652,1309.65,450.74
48841,frame_048841.png,50.52,55.64,6.449,5.981,2.9652,2.9652,967.81,425.7
48901,frame_048901.png,18.01,18.58,6.052,5.882,5.9303,5.9303,1403.84,490.32
48961,frame_048961.png,18.99,17.8,6.329,5.833,5.9303,5.9303,1437.19,491.1
49021,frame_049021.png,23.28,30.22,6.394,5.847,4.4477,4.4477,1445.63,532.75
49081,frame_049081.png,22.2,30.48,6.092,5.698,4.4477,4.4477,1443.35,518.76
49141,frame_049141.png,32.03,40.51,6.837,5.972,4.4477,4.4477,1370.23,528.46
49201,frame_049201.png,27.19,35.08,6.888,6.215,4.4477,4.4477,1442.99,552.91
49261,frame_049261.png,25.38,33.29,5.213,5.4,4.4477,4.4477,1407.24,549.06
49321,frame_049321.png,22.36,28.66,6.432,6.4,4.4477,4.4477,1442.8,520.6
49381,frame_049381.png,20.46,19.45,6.927,5.989,5.9303,4.4477,1401.29,474.74
49441,frame_049441.png,19.56,18.4,6.39,6.123,5.9303,5.9303,1549.86,597.36
49501,frame_049501.png,35.51,45.51,7.266,6.625,4.4477,2.9652,1378.32,523.54
49561,frame_049561.png,39.87,46.58,7.09,6.347,2.9652,2.9652,1314.26,506.11
49621,frame_049621.png,51.57,54.87,7.263,6.497,2.9652,2.9652,437.25,212.14
49681,frame_049681.png,19.01,16.01,5.142,4.968,5.9303,5.9303,1357.59,496.08
49741,frame_049741.png,20.61,22.61,4.94,5.068,5.9303,4.4477,1194.28,399.45
49801,frame_049801.png,35.3,43.27,6.063,6.751,2.9652,2.9652,1538.29,548.07
49861,frame_049861.png,38.41,45.95,5.884,6.584,2.9652,2.9652,1672.49,596.74
49921,frame_049921.png,40.83,46.41,6.043,5.918,2.9652,2.9652,1478.11,525.63
49981,frame_049981.png,33.1,42.33,5.803,5.982,1.4826,1.4826,1522.91,576.92
50041,frame_050041.png,62.16,60.36,8.118,6.433,1.4826,1.4826,430.33,175.74
50101,frame_050101.png,37.17,45.09,6.405,6.807,1.4826,1.4826,1452.71,508.48
50161,frame_050161.png,51.51,59.38,7.97,8.109,1.4826,1.4826,1393.07,506.65
50221,frame_050221.png,39.06,47.03,6.36,6.749,2.9652,2.9652,1456.79,516.33
50281,frame_050281.png,47.38,51.17,7.092,6.853,2.9652,2.9652,1341.7,547.27
50341,frame_050341.png,40.7,46.47,6.054,6.348,1.4826,1.4826,1042.86,321.48
50401,frame_050401.png,41.94,49.65,6.213,6.287,1.4826,1.4826,1061.75,305.17
50461,frame_050461.png,34.27,42.05,6.015,5.867,1.4826,1.4826,1135.96,345.99
50521,frame_050521.png,29.1,34.57,4.815,4.63,2.9652,2.9652,1101.91,330.91
50581,frame_050581.png,48.65,51.48,7.406,6.517,1.4826,1.4826,567.66,119.1
50641,frame_050641.png,42.17,49.37,6.522,6.364,1.4826,1.4826,685.51,134.37
50701,frame_050701.png,48.81,57.38,8.398,8.15,1.4826,1.4826,732.96,168.9
50761,frame_050761.png,61.76,62.28,9.656,7.658,1.4826,1.4826,526.92,136.89
50821,frame_050821.png,97.58,111.86,22.32,29.481,0.0,0.0,460.36,2.12
50881,frame_050881.png,43.0,45.57,5.834,5.475,1.4826,1.4826,798.51,237.88
50941,frame_050941.png,36.63,37.89,5.443,4.988,1.4826,1.4826,912.07,268.4
51001,frame_051001.png,43.18,45.77,6.113,5.309,1.4826,1.4826,618.16,220.22
51061,frame_051061.png,92.67,110.2,22.124,29.021,0.0,0.0,389.33,1.39
51121,frame_051121.png,34.39,40.13,5.252,5.252,2.9652,1.4826,742.26,179.25
51181,frame_051181.png,26.65,31.18,4.661,4.731,2.9652,2.9652,854.31,219.28
51241,frame_051241.png,94.98,110.63,21.109,28.734,0.0,0.0,234.82,12.92
51301,frame_051301.png,47.67,52.06,6.839,6.179,1.4826,1.4826,593.13,152.5
51361,frame_051361.png,27.38,33.29,4.721,5.0,2.9652,2.9652,815.12,192.38
51421,frame_051421.png,35.47,42.33,5.003,5.204,1.4826,1.4826,860.42,229.22
51481,frame_051481.png,49.21,61.56,9.138,8.273,1.4826,1.4826,979.04,283.67
51541,frame_051541.png,24.9,30.92,5.806,5.604,2.9652,2.9652,2404.07,987.14
51601,frame_051601.png,37.53,36.7,4.786,4.25,2.9652,2.9652,1871.01,849.12
51661,frame_051661.png,33.92,37.35,4.903,4.658,2.9652,2.9652,1560.76,678.04
51721,frame_051721.png,61.32,72.39,9.211,8.458,1.4826,1.4826,1002.94,404.44
51781,frame_051781.png,70.4,70.19,10.749,6.822,1.4826,1.4826,559.96,279.16
51841,frame_051841.png,44.24,55.54,7.573,7.298,1.4826,1.4826,963.78,242.04
51901,frame_051901.png,43.2,54.43,6.633,6.447,1.4826,1.4826,927.69,240.54
51961,frame_051961.png,46.57,57.23,8.106,6.799,1.4826,1.4826,789.87,248.93
52021,frame_052021.png,48.81,56.31,6.308,6.316,1.4826,1.4826,881.76,251.41
52081,frame_052081.png,50.71,58.5,7.873,7.456,1.4826,1.4826,911.43,252.66
52141,frame_052141.png,46.5,59.53,9.031,8.27,1.4826,1.4826,1004.78,291.87
52201,frame_052201.png,51.72,40.81,7.439,5.392,13.3432,11.8606,2324.96,1234.07
52261,frame_052261.png,36.01,27.06,6.449,4.865,11.8606,10.3781,1436.27,766.2
52321,frame_052321.png,43.87,41.69,8.519,5.686,5.9303,5.9303,1235.9,576.79
52381,frame_052381.png,56.87,45.84,7.345,5.447,13.3432,11.8606,1957.14,1058.03
52441,frame_052441.png,49.41,53.19,7.116,6.067,2.9652,2.9652,980.5,417.5
52501,frame_052501.png,25.1,26.13,6.036,4.92,7.4129,7.4129,1355.75,512.23
52561,frame_052561.png,92.93,94.16,11.215,8.584,5.9303,5.9303,2517.41,1423.3
52621,frame_052621.png,57.32,57.44,7.208,6.616,1.4826,1.4826,1475.22,689.89
52681,frame_052681.png,49.04,62.04,8.69,7.933,1.4826,1.4826,958.34,252.34
52741,frame_052741.png,31.7,37.28,4.803,4.896,2.9652,2.9652,1098.47,305.39
52801,frame_052801.png,40.6,44.83,5.477,5.485,1.4826,1.4826,1462.85,552.39
52861,frame_052861.png,91.95,100.66,20.316,22.644,0.0,0.0,248.16,17.82
52921,frame_052921.png,46.79,53.96,5.715,5.228,1.4826,1.4826,1330.86,494.96
52981,frame_052981.png,33.94,39.49,4.881,4.73,2.9652,2.9652,1365.22,467.18
53041,frame_053041.png,38.31,46.08,5.141,5.229,2.9652,1.4826,2227.73,850.88
53101,frame_053101.png,70.98,73.68,9.509,7.504,1.4826,1.4826,567.96,221.18
53161,frame_053161.png,41.2,52.86,5.752,5.977,1.4826,1.4826,2057.69,794.36
53221,frame_053221.png,47.43,62.9,7.87,7.624,1.4826,1.4826,2221.45,881.36
53281,frame_053281.png,71.18,83.52,5.693,6.492,0.0,0.0,2246.66,938.69
53341,frame_053341.png,67.85,78.61,5.124,5.968,0.0,0.0,2591.38,952.89
53401,frame_053401.png,61.31,68.96,4.738,5.151,0.0,0.0,2489.09,948.82
53461,frame_053461.png,58.7,63.97,6.967,6.31,1.4826,1.4826,1366.02,626.77
53521,frame_053521.png,67.26,79.85,5.809,6.639,0.0,0.0,2557.8,1006.65
53581,frame_053581.png,66.0,77.5,5.111,5.258,0.0,0.0,2642.62,988.99
53641,frame_053641.png,70.53,83.99,7.002,6.234,0.0,0.0,2675.95,1045.96
53701,frame_053701.png,70.44,83.51,7.114,6.546,0.0,0.0,2653.16,1044.39
53761,frame_053761.png,71.36,84.22,6.975,6.722,0.0,0.0,2714.59,1057.8
53821,frame_053821.png,74.02,88.18,7.933,7.324,0.0,0.0,2545.43,1052.02
53881,frame_053881.png,74.28,89.52,8.41,7.427,0.0,0.0,2643.03,1044.96
53941,frame_053941.png,71.88,85.5,6.684,6.498,0.0,0.0,2691.76,1054.37
54001,frame_054001.png,72.63,87.54,6.938,6.718,0.0,0.0,2732.93,1048.75
54061,frame_054061.png,71.48,84.74,6.169,6.355,0.0,0.0,2719.25,1046.8
54121,frame_054121.png,71.37,84.48,5.818,5.712,0.0,0.0,2723.65,1045.03
54181,frame_054181.png,72.01,85.6,6.14,6.366,0.0,0.0,2748.24,1047.89
54241,frame_054241.png,73.14,86.9,6.36,6.474,0.0,0.0,2711.71,1045.51
54301,frame_054301.png,72.07,86.07,6.487,6.657,0.0,0.0,2699.76,1044.74
54361,frame_054361.png,72.33,85.62,5.981,6.244,0.0,0.0,2694.11,1040.63
54421,frame_054421.png,72.17,84.63,5.782,5.946,0.0,0.0,2683.62,1041.9
54481,frame_054481.png,71.9,83.85,6.216,6.615,0.0,0.0,2636.81,1039.18
54541,frame_054541.png,72.94,84.19,6.401,6.514,0.0,0.0,2612.14,1036.04
54601,frame_054601.png,70.59,82.35,6.238,6.66,0.0,0.0,2596.66,1006.48
54661,frame_054661.png,70.3,81.48,6.174,6.528,0.0,0.0,2582.8,1008.06
54721,frame_054721.png,72.34,84.47,6.956,7.072,0.0,0.0,2551.0,992.87
54781,frame_054781.png,73.01,85.22,6.663,6.61,0.0,0.0,2488.76,971.66
54841,frame_054841.png,70.36,80.85,5.887,5.91,0.0,0.0,2479.87,969.43
54901,frame_054901.png,69.58,79.97,5.979,6.328,0.0,0.0,2516.76,983.12
54961,frame_054961.png,69.77,80.6,5.995,6.721,0.0,0.0,2513.87,971.72
55021,frame_055021.png,69.74,80.05,5.774,6.724,0.0,0.0,2492.6,943.27
55081,frame_055081.png,69.3,79.05,5.569,5.988,0.0,0.0,2464.68,934.47
55141,frame_055141.png,66.91,76.01,5.45,5.945,0.0,0.0,2482.29,945.22
55201,frame_055201.png,66.66,76.82,5.403,5.863,0.0,0.0,2460.87,948.89
55261,frame_055261.png,67.75,76.59,5.665,6.363,0.0,0.0,2384.57,926.68
55321,frame_055321.png,65.99,76.2,4.917,4.9,0.0,0.0,2399.61,928.95
55381,frame_055381.png,66.28,78.37,4.792,4.542,0.0,0.0,2409.66,899.4
55441,frame_055441.png,62.86,73.52,4.788,4.585,0.0,0.0,2367.17,910.35
55501,frame_055501.png,62.43,72.31,5.01,4.615,0.0,0.0,2322.39,897.31
55561,frame_055561.png,62.29,71.69,5.163,4.764,0.0,0.0,2317.02,892.93
55621,frame_055621.png,60.35,69.31,5.327,4.832,0.0,0.0,2319.68,895.2
55681,frame_055681.png,60.33,69.86,6.039,5.147,0.0,0.0,2270.2,882.24
55741,frame_055741.png,60.15,69.06,6.042,5.11,0.0,0.0,1952.33,674.17
55801,frame_055801.png,55.98,60.92,5.097,4.483,1.4826,0.0,2195.17,854.37
55861,frame_055861.png,54.37,59.66,5.199,4.418,1.4826,1.4826,2117.34,821.2
55921,frame_055921.png,49.7,55.51,5.003,4.34,1.4826,1.4826,2090.51,824.38
55981,frame_055981.png,50.9,55.81,4.962,4.5,1.4826,1.4826,2047.72,808.61
56041,frame_056041.png,47.41,52.19,5.144,4.527,1.4826,1.4826,1978.49,793.32
56101,frame_056101.png,44.8,49.35,4.882,4.572,1.4826,1.4826,1978.28,797.21
56161,frame_056161.png,44.93,48.7,5.089,4.63,1.4826,1.4826,1929.62,777.27
56221,frame_056221.png,44.55,48.17,5.075,4.746,1.4826,1.4826,1886.0,775.63
56281,frame_056281.png,44.9,49.07,5.248,4.856,2.9652,1.4826,1899.59,767.27
56341,frame_056341.png,43.89,49.96,5.097,4.754,2.9652,1.4826,1812.4,651.73
56401,frame_056401.png,41.23,47.36,4.922,4.783,2.9652,2.9652,1782.13,598.95
56461,frame_056461.png,47.13,51.63,5.141,4.969,2.9652,1.4826,1729.95,703.86
56521,frame_056521.png,42.66,46.3,5.706,5.397,1.4826,1.4826,1693.25,669.74
56581,frame_056581.png,33.05,36.3,4.815,4.686,2.9652,2.9652,1662.87,599.49
56641,frame_056641.png,36.47,41.17,5.055,4.92,2.9652,1.4826,1740.86,660.49
56701,frame_056701.png,64.49,68.64,7.123,6.796,1.4826,0.0,1359.04,533.59
56761,frame_056761.png,36.16,42.87,5.277,5.525,1.4826,1.4826,1944.43,714.7
56821,frame_056821.png,51.31,60.88,6.677,6.652,1.4826,1.4826,1841.06,706.73
56881,frame_056881.png,60.98,62.06,8.372,5.875,1.4826,1.4826,930.05,416.11
56941,frame_056941.png,43.51,50.64,7.03,7.323,1.4826,1.4826,1415.49,480.54
57001,frame_057001.png,71.66,68.02,9.803,8.385,1.4826,1.4826,431.43,208.23
57061,frame_057061.png,33.77,36.47,5.295,5.005,2.9652,2.9652,1618.81,645.17
57121,frame_057121.png,31.53,34.09,5.128,4.961,2.9652,2.9652,1342.71,516.27
57181,frame_057181.png,32.93,36.19,4.719,4.2,2.9652,2.9652,1351.38,532.82
57241,frame_057241.png,57.39,59.91,7.211,6.273,1.4826,1.4826,1279.92,648.58
57301,frame_057301.png,55.57,56.35,7.909,6.478,1.4826,1.4826,1160.12,591.14
57361,frame_057361.png,35.44,37.85,5.376,5.047,2.9652,2.9652,1443.86,554.19
57421,frame_057421.png,51.13,46.86,6.392,5.4,2.9652,2.9652,875.63,489.86
57481,frame_057481.png,33.1,37.3,5.665,5.289,2.9652,2.9652,1456.37,558.61
57541,frame_057541.png,35.71,37.89,5.315,4.587,4.4477,2.9652,1298.39,483.6
57601,frame_057601.png,39.59,42.39,5.926,5.232,2.9652,2.9652,1196.33,509.57
57661,frame_057661.png,37.76,38.52,5.589,5.003,2.9652,2.9652,993.55,423.01
57721,frame_057721.png,52.92,55.78,6.429,5.922,2.9652,2.9652,529.03,197.86
57781,frame_057781.png,57.17,53.09,6.946,6.658,4.4477,4.4477,1547.91,900.54
57841,frame_057841.png,53.64,50.21,6.238,5.938,4.4477,4.4477,1462.0,809.77
57901,frame_057901.png,55.77,57.16,7.209,6.919,1.4826,1.4826,1637.5,772.99
57961,frame_057961.png,53.82,49.87,6.714,5.931,2.9652,2.9652,895.33,552.25
58021,frame_058021.png,46.29,43.33,5.786,5.158,4.4477,4.4477,856.37,468.11
58081,frame_058081.png,44.48,42.97,6.78,6.01,2.9652,2.9652,1052.03,467.62
58141,frame_058141.png,43.07,38.11,5.554,4.854,2.9652,2.9652,861.83,455.24
58201,frame_058201.png,43.43,47.41,6.213,5.59,1.4826,1.4826,1304.18,448.17
58261,frame_058261.png,52.98,54.22,7.487,6.098,1.4826,1.4826,1007.4,540.2
58321,frame_058321.png,46.24,42.73,6.402,5.734,2.9652,2.9652,913.79,508.86
58381,frame_058381.png,39.02,40.14,6.102,5.386,2.9652,2.9652,1105.65,429.53
58441,frame_058441.png,34.09,36.12,4.97,4.381,2.9652,2.9652,1264.63,483.43
58501,frame_058501.png,40.24,45.0,6.154,5.952,2.9652,1.4826,1361.57,470.85
58561,frame_058561.png,36.15,40.59,5.609,5.15,2.9652,2.9652,1313.49,491.72
58621,frame_058621.png,55.33,55.33,7.599,6.763,1.4826,1.4826,951.87,444.06
58681,frame_058681.png,55.12,55.65,7.945,5.863,1.4826,1.4826,974.23,419.66
58741,frame_058741.png,27.61,32.32,4.659,4.697,2.9652,2.9652,1356.61,470.0
58801,frame_058801.png,56.26,56.45,6.664,5.786,1.4826,1.4826,621.19,253.31
58861,frame_058861.png,45.83,48.98,6.694,6.021,1.4826,1.4826,1239.91,477.78
58921,frame_058921.png,28.15,30.77,4.747,4.343,4.4477,4.4477,1376.33,478.3
58981,frame_058981.png,31.3,32.5,4.933,4.239,4.4477,4.4477,1451.76,496.1
59041,frame_059041.png,34.15,38.96,5.29,5.057,2.9652,2.9652,1075.15,315.16
59101,frame_059101.png,41.31,46.28,5.99,5.73,1.4826,1.4826,962.99,299.26
59161,frame_059161.png,51.45,51.46,7.014,6.127,1.4826,1.4826,1063.23,533.12
59221,frame_059221.png,34.07,34.68,5.315,4.463,2.9652,2.9652,1342.65,439.76
59281,frame_059281.png,38.33,40.46,5.643,5.126,2.9652,2.9652,1277.28,475.02
59341,frame_059341.png,32.1,35.92,5.697,4.573,2.9652,2.9652,1383.41,517.53
59401,frame_059401.png,49.27,48.14,6.075,5.421,2.9652,2.9652,962.48,546.72
59461,frame_059461.png,42.61,46.76,5.908,5.609,1.4826,1.4826,1217.06,471.92
59521,frame_059521.png,45.3,40.39,6.176,5.307,2.9652,1.4826,672.54,368.73
59581,frame_059581.png,32.91,36.11,5.788,5.018,2.9652,2.9652,1519.04,547.29
59641,frame_059641.png,40.27,43.93,5.253,5.094,2.9652,1.4826,1361.45,491.83
59701,frame_059701.png,41.62,45.48,5.939,5.892,1.4826,1.4826,1237.33,491.14
59761,frame_059761.png,30.49,36.13,5.215,4.827,2.9652,2.9652,1145.67,389.31
59821,frame_059821.png,44.85,43.06,5.792,5.102,2.9652,1.4826,1130.74,512.74
59881,frame_059881.png,37.68,44.57,5.882,5.852,2.9652,2.9652,1283.21,515.51
59941,frame_059941.png,44.81,43.95,5.899,5.189,2.9652,1.4826,1147.37,511.61
60001,frame_060001.png,30.52,33.78,4.475,4.297,2.9652,2.9652,1328.46,459.59
60061,frame_060061.png,39.92,47.71,6.672,6.488,1.4826,1.4826,1082.92,353.12
60121,frame_060121.png,44.88,51.01,6.264,5.89,1.4826,1.4826,1101.17,363.67
60181,frame_060181.png,30.21,35.68,4.919,4.703,2.9652,2.9652,1453.75,510.71
60241,frame_060241.png,32.79,36.85,5.047,4.809,2.9652,2.9652,1426.79,483.41
60301,frame_060301.png,51.73,51.23,7.178,5.852,1.4826,1.4826,869.68,345.12
60361,frame_060361.png,48.51,47.06,5.963,5.137,4.4477,4.4477,966.59,436.96
60421,frame_060421.png,45.43,42.16,5.482,4.453,4.4477,4.4477,1494.11,754.46
60481,frame_060481.png,44.29,46.67,6.349,5.79,1.4826,1.4826,1169.51,379.19
60541,frame_060541.png,34.75,42.15,5.91,5.353,2.9652,2.9652,1190.83,355.53
60601,frame_060601.png,55.41,51.96,7.1,6.317,1.4826,1.4826,796.5,447.75
60661,frame_060661.png,48.13,46.07,6.273,5.908,2.9652,2.9652,708.2,291.91
60721,frame_060721.png,46.54,44.55,5.79,5.456,2.9652,2.9652,704.62,346.13
60781,frame_060781.png,41.19,43.23,6.114,5.52,2.9652,2.9652,763.66,275.97
60841,frame_060841.png,29.02,35.25,4.636,4.45,4.4477,2.9652,875.61,288.91
60901,frame_060901.png,46.02,42.64,6.094,5.445,2.9652,2.9652,321.13,170.85
60961,frame_060961.png,38.28,45.38,6.449,5.639,2.9652,2.9652,978.71,315.24
61021,frame_061021.png,52.98,52.81,7.165,6.298,1.4826,1.4826,485.38,205.59
61081,frame_061081.png,42.76,43.88,6.331,5.878,2.9652,2.9652,659.37,257.91
61141,frame_061141.png,36.14,36.47,5.976,5.342,2.9652,2.9652,975.2,330.51
61201,frame_061201.png,26.15,36.81,5.122,5.461,2.9652,2.9652,532.82,68.71
61261,frame_061261.png,36.64,38.17,5.641,5.075,2.9652,2.9652,895.24,271.16
61321,frame_061321.png,39.89,48.3,6.549,5.892,2.9652,2.9652,842.47,241.27
61381,frame_061381.png,43.96,48.02,6.466,5.898,1.4826,1.4826,235.95,58.12
61441,frame_061441.png,53.31,54.2,6.893,6.081,2.9652,1.4826,769.61,397.79
61501,frame_061501.png,32.65,35.65,5.312,4.814,2.9652,2.9652,1135.54,366.54
61561,frame_061561.png,37.2,39.83,5.885,5.422,2.9652,2.9652,1001.92,350.0
61621,frame_061621.png,93.94,109.82,21.36,24.353,0.0,0.0,272.92,6.48
61681,frame_061681.png,30.75,34.52,4.645,4.218,2.9652,2.9652,962.75,374.45
61741,frame_061741.png,43.19,38.24,5.714,5.219,2.9652,2.9652,683.0,390.66
61801,frame_061801.png,82.42,92.07,12.473,9.123,0.0,0.0,361.84,116.69
61861,frame_061861.png,29.76,30.47,4.847,4.679,2.9652,2.9652,1024.64,353.88
61921,frame_061921.png,31.05,33.21,5.738,5.166,2.9652,2.9652,957.59,294.15
61981,frame_061981.png,30.8,34.87,4.984,4.748,2.9652,2.9652,816.22,208.61
62041,frame_062041.png,48.32,46.42,6.36,5.829,2.9652,1.4826,702.53,317.56
62101,frame_062101.png,31.85,34.56,4.813,4.555,2.9652,2.9652,1220.86,425.29
62161,frame_062161.png,48.69,44.85,5.753,5.213,2.9652,2.9652,884.77,433.64
62221,frame_062221.png,46.1,47.68,6.798,6.194,2.9652,2.9652,929.89,362.22
62281,frame_062281.png,39.94,44.72,6.309,5.879,2.9652,2.9652,874.51,355.64
62341,frame_062341.png,48.45,47.5,5.651,5.696,2.9652,2.9652,834.53,424.86
62401,frame_062401.png,37.77,40.37,5.47,5.636,2.9652,2.9652,1103.66,413.54
62461,frame_062461.png,57.96,55.0,6.794,6.05,1.4826,1.4826,787.67,480.14
62521,frame_062521.png,34.99,36.57,4.885,4.534,2.9652,2.9652,1227.1,415.01
62581,frame_062581.png,44.68,52.32,5.957,5.257,1.4826,1.4826,1251.03,411.18
62641,frame_062641.png,40.91,45.93,5.702,5.591,1.4826,1.4826,1203.58,434.9
62701,frame_062701.png,34.28,35.68,4.281,4.324,2.9652,2.9652,1260.97,445.09
62761,frame_062761.png,40.36,36.28,4.916,4.583,2.9652,2.9652,975.99,472.48
62821,frame_062821.png,62.81,62.87,6.904,5.874,1.4826,1.4826,694.26,308.51
62881,frame_062881.png,42.63,47.8,4.814,4.953,1.4826,1.4826,1222.37,405.97
62941,frame_062941.png,52.07,52.12,7.001,6.489,2.9652,1.4826,959.83,447.01
63001,frame_063001.png,45.44,49.62,5.58,5.34,2.9652,2.9652,1693.48,711.34
63061,frame_063061.png,29.63,33.45,5.635,5.091,2.9652,2.9652,1104.41,349.98
63121,frame_063121.png,39.04,40.44,6.118,5.529,2.9652,2.9652,1053.73,373.09
63181,frame_063181.png,50.9,56.9,7.775,7.256,1.4826,1.4826,915.0,346.07
63241,frame_063241.png,44.35,46.62,5.625,4.933,1.4826,1.4826,856.94,329.22
63301,frame_063301.png,93.07,107.63,20.885,27.163,0.0,0.0,356.35,9.0
63361,frame_063361.png,49.07,50.03,6.729,6.608,1.4826,1.4826,1116.29,430.21
63421,frame_063421.png,32.71,34.76,5.314,5.502,2.9652,2.9652,1254.36,441.48
63481,frame_063481.png,26.42,27.61,4.736,4.586,4.4477,2.9652,1392.46,479.99
63541,frame_063541.png,29.86,32.06,5.123,4.932,2.9652,2.9652,1316.65,482.83
63601,frame_063601.png,38.75,42.42,5.396,4.658,2.9652,2.9652,1336.5,500.18
63661,frame_063661.png,31.25,33.16,4.018,3.746,4.4477,2.9652,1459.88,520.14
63721,frame_063721.png,34.56,38.83,4.314,4.247,2.9652,2.9652,1414.98,532.06
63781,frame_063781.png,30.07,33.87,5.1,5.016,2.9652,2.9652,1382.37,495.68
63841,frame_063841.png,34.29,38.17,5.074,4.899,2.9652,1.4826,1494.92,508.04
63901,frame_063901.png,37.79,42.01,5.682,5.307,2.9652,2.9652,1365.93,540.74
63961,frame_063961.png,42.09,43.92,6.488,5.554,2.9652,2.9652,968.47,379.32
64021,frame_064021.png,46.73,48.44,6.861,5.768,1.4826,1.4826,739.01,314.82
64081,frame_064081.png,47.07,52.67,6.879,6.149,1.4826,1.4826,870.8,352.47
64141,frame_064141.png,34.49,40.59,5.444,4.959,2.9652,2.9652,982.09,318.39
64201,frame_064201.png,23.8,34.5,6.253,5.956,2.9652,2.9652,611.52,99.04
64261,frame_064261.png,61.93,71.1,11.366,8.936,0.0,0.0,594.0,87.21
64321,frame_064321.png,30.7,44.17,10.364,8.629,1.4826,1.4826,641.3,99.95
64381,frame_064381.png,28.03,39.15,7.368,6.222,2.9652,1.4826,586.57,103.65
64441,frame_064441.png,81.77,88.13,14.669,10.44,0.0,0.0,356.67,75.1
64501,frame_064501.png,25.79,36.5,6.817,6.411,2.9652,2.9652,648.07,98.59
64561,frame_064561.png,30.3,41.32,7.099,6.587,1.4826,1.4826,646.99,97.02
64621,frame_064621.png,46.82,47.49,6.587,5.825,1.4826,1.4826,879.48,340.28
64681,frame_064681.png,38.11,47.35,6.027,5.807,1.4826,1.4826,1189.84,374.4
64741,frame_064741.png,32.96,40.74,5.711,5.605,2.9652,2.9652,1298.86,451.44
64801,frame_064801.png,50.96,50.75,6.393,5.453,1.4826,1.4826,1083.97,493.8
64861,frame_064861.png,38.88,40.91,5.605,5.218,2.9652,2.9652,1280.63,497.69
64921,frame_064921.png,46.53,45.39,5.714,5.025,2.9652,2.9652,878.2,416.83
64981,frame_064981.png,48.15,46.06,6.514,5.708,2.9652,1.4826,804.87,425.6
65041,frame_065041.png,43.77,42.1,5.565,5.051,2.9652,2.9652,862.52,419.76
65101,frame_065101.png,31.24,31.94,4.817,4.574,4.4477,2.9652,1134.16,367.07
65161,frame_065161.png,38.77,43.94,5.967,5.217,2.9652,2.9652,1105.91,410.36
65221,frame_065221.png,47.1,49.8,7.23,6.229,1.4826,1.4826,730.23,230.69
65281,frame_065281.png,95.44,109.52,21.718,28.531,0.0,0.0,318.28,7.43
65341,frame_065341.png,32.4,33.84,4.249,4.039,2.9652,2.9652,1310.3,462.46
65401,frame_065401.png,78.14,84.16,12.523,9.252,0.0,0.0,643.66,219.52
65461,frame_065461.png,58.16,60.06,6.925,5.947,1.4826,1.4826,1365.03,679.65
65521,frame_065521.png,43.03,42.55,5.636,5.161,2.9652,2.9652,685.99,270.58
65581,frame_065581.png,29.19,31.81,4.375,4.361,4.4477,2.9652,1700.4,677.98
65641,frame_065641.png,40.63,42.28,5.432,5.23,2.9652,2.9652,1584.03,650.31
65701,frame_065701.png,47.7,50.43,5.851,5.659,2.9652,2.9652,1191.71,584.17
65761,frame_065761.png,31.14,35.76,4.672,4.756,2.9652,2.9652,1639.49,639.81
65821,frame_065821.png,43.25,44.8,5.971,5.678,2.9652,2.9652,1344.78,658.77
65881,frame_065881.png,44.28,43.79,5.729,5.287,2.9652,2.9652,1254.57,633.81
65941,frame_065941.png,35.55,40.78,6.757,5.497,2.9652,2.9652,1558.7,655.88
66001,frame_066001.png,31.47,34.58,5.065,4.664,2.9652,2.9652,1466.17,625.95
66061,frame_066061.png,61.45,60.57,6.234,5.81,1.4826,1.4826,1173.89,619.27
66121,frame_066121.png,53.47,60.88,5.064,5.132,1.4826,1.4826,1979.94,770.27
66181,frame_066181.png,55.47,60.64,5.274,5.153,1.4826,1.4826,1924.75,736.2
66241,frame_066241.png,51.19,57.92,5.06,4.98,1.4826,1.4826,1880.61,716.86
66301,frame_066301.png,55.1,59.79,5.546,5.3,1.4826,1.4826,1719.44,710.43
66361,frame_066361.png,46.58,50.44,4.78,4.629,1.4826,1.4826,1857.85,702.69
66421,frame_066421.png,36.15,39.14,4.938,4.959,2.9652,2.9652,1587.21,562.21
66481,frame_066481.png,36.11,38.06,5.062,4.79,2.9652,2.9652,1136.66,403.72
66541,frame_066541.png,26.74,28.11,4.363,4.311,4.4477,4.4477,1186.97,393.65
66601,frame_066601.png,39.48,42.16,5.599,5.522,2.9652,2.9652,1114.07,390.17
66661,frame_066661.png,51.52,51.16,7.048,6.046,1.4826,1.4826,698.77,300.58
66721,frame_066721.png,47.17,50.84,6.578,6.085,1.4826,1.4826,877.54,329.64
66781,frame_066781.png,40.77,43.11,5.948,5.942,1.4826,1.4826,992.35,328.11
66841,frame_066841.png,66.3,66.41,8.443,7.181,1.4826,1.4826,410.08,119.74
66901,frame_066901.png,43.17,44.22,6.114,5.923,2.9652,2.9652,1119.78,480.32
66961,frame_066961.png,31.61,37.8,5.123,5.29,2.9652,2.9652,1369.59,501.11
67021,frame_067021.png,29.0,32.57,4.972,5.062,2.9652,2.9652,960.3,255.06
67081,frame_067081.png,36.73,43.4,6.645,5.918,2.9652,1.4826,926.64,270.01
67141,frame_067141.png,40.97,47.01,6.513,6.136,1.4826,1.4826,769.55,200.18
67201,frame_067201.png,26.43,34.96,5.483,5.659,2.9652,2.9652,821.14,193.72
67261,frame_067261.png,30.24,37.53,5.267,5.167,2.9652,2.9652,922.77,254.27
67321,frame_067321.png,36.72,42.29,6.238,5.404,2.9652,2.9652,859.7,242.31
67381,frame_067381.png,47.74,55.07,7.471,6.274,1.4826,1.4826,667.31,159.85
67441,frame_067441.png,20.51,29.83,5.277,4.796,2.9652,2.9652,800.26,192.97
67501,frame_067501.png,61.2,67.28,9.633,7.763,1.4826,1.4826,360.76,42.77
67561,frame_067561.png,27.34,38.84,7.726,6.843,2.9652,2.9652,527.08,60.46
67621,frame_067621.png,29.98,43.7,6.581,5.789,2.9652,2.9652,766.94,180.47
67681,frame_067681.png,41.19,51.34,6.83,6.051,1.4826,1.4826,747.32,184.84
67741,frame_067741.png,53.49,62.57,7.89,6.824,1.4826,1.4826,1709.29,681.95
67801,frame_067801.png,44.96,45.66,6.346,6.185,1.4826,1.4826,1478.13,686.36
67861,frame_067861.png,37.59,38.28,6.769,6.174,1.4826,1.4826,1624.48,725.52
67921,frame_067921.png,35.17,34.85,7.364,7.244,1.4826,1.4826,1817.79,756.8
67981,frame_067981.png,41.14,42.08,7.643,9.145,1.4826,1.4826,1762.49,746.36
68041,frame_068041.png,44.98,52.8,10.162,9.412,1.4826,1.4826,960.17,345.49
68101,frame_068101.png,51.62,65.58,9.894,9.819,1.4826,1.4826,2005.35,809.72
68161,frame_068161.png,52.21,64.44,8.648,8.912,1.4826,1.4826,1530.3,568.57
68221,frame_068221.png,42.28,51.65,7.821,7.11,1.4826,1.4826,1202.17,447.28
68281,frame_068281.png,39.95,45.43,6.043,5.948,1.4826,1.4826,1112.8,387.9
68341,frame_068341.png,35.75,40.87,6.35,6.227,1.4826,1.4826,1042.46,352.42
68401,frame_068401.png,37.31,41.24,7.108,6.924,1.4826,1.4826,1248.4,523.03
68461,frame_068461.png,39.99,41.14,6.886,6.584,1.4826,1.4826,1409.39,715.29
68521,frame_068521.png,55.66,59.62,8.737,7.78,1.4826,1.4826,1133.06,529.57
68581,frame_068581.png,41.46,40.9,6.274,5.969,1.4826,1.4826,1444.49,737.54
68641,frame_068641.png,37.91,38.22,6.729,6.334,1.4826,1.4826,1475.71,762.58
68701,frame_068701.png,44.63,44.77,6.804,6.685,1.4826,1.4826,1464.52,738.41
68761,frame_068761.png,38.09,39.2,6.221,6.527,1.4826,1.4826,1510.99,774.4
68821,frame_068821.png,44.87,46.47,5.955,6.002,1.4826,1.4826,1589.02,793.65
68881,frame_068881.png,39.19,40.51,5.824,6.019,1.4826,1.4826,1690.5,849.86
68941,frame_068941.png,42.25,43.57,5.993,5.894,1.4826,1.4826,1831.13,941.52
69001,frame_069001.png,53.91,54.97,8.414,6.761,1.4826,1.4826,2171.53,1133.15
69061,frame_069061.png,41.41,44.57,5.846,6.245,1.4826,1.4826,1788.5,851.7
69121,frame_069121.png,42.5,45.79,6.134,6.157,1.4826,1.4826,1697.61,811.76
69181,frame_069181.png,36.24,36.65,5.801,5.975,2.9652,2.9652,1699.21,867.09
69241,frame_069241.png,45.65,46.72,5.835,5.607,1.4826,1.4826,1680.81,851.24
69301,frame_069301.png,47.33,47.74,5.764,6.01,1.4826,1.4826,1657.7,856.82
69361,frame_069361.png,45.68,46.87,6.111,6.22,1.4826,1.4826,1606.06,835.29
69421,frame_069421.png,56.97,61.12,6.918,6.141,1.4826,1.4826,1131.12,577.9
69481,frame_069481.png,44.42,45.46,5.79,6.006,1.4826,1.4826,1586.18,830.46
69541,frame_069541.png,57.61,70.94,8.602,8.55,1.4826,1.4826,1073.61,399.89
69601,frame_069601.png,59.15,73.42,9.599,9.734,1.4826,1.4826,1110.45,403.92
69661,frame_069661.png,57.38,71.37,9.558,9.764,1.4826,1.4826,1119.31,404.33
69721,frame_069721.png,50.06,62.93,8.318,8.582,1.4826,1.4826,1143.83,403.79
69781,frame_069781.png,44.13,53.88,7.987,7.889,1.4826,1.4826,1183.22,412.36
69841,frame_069841.png,34.15,36.22,6.968,6.184,2.9652,2.9652,1299.4,496.52
69901,frame_069901.png,43.78,47.22,7.828,7.225,1.4826,1.4826,1022.95,386.96
69961,frame_069961.png,33.12,46.97,5.973,6.151,2.9652,2.9652,1725.6,681.37
70021,frame_070021.png,41.36,50.24,6.386,6.043,2.9652,2.9652,1555.65,541.32
70081,frame_070081.png,55.46,60.71,6.594,5.709,1.4826,1.4826,1394.14,691.53
70141,frame_070141.png,49.08,53.57,6.013,5.441,2.9652,1.4826,1386.03,674.92
70201,frame_070201.png,40.53,48.07,5.417,5.362,2.9652,2.9652,1769.47,682.04
70261,frame_070261.png,30.28,43.15,5.86,6.061,2.9652,1.4826,1401.34,496.44
70321,frame_070321.png,25.38,33.45,4.912,4.934,2.9652,2.9652,1386.85,472.72
70381,frame_070381.png,35.3,43.24,5.242,5.292,2.9652,2.9652,1704.94,628.39
70441,frame_070441.png,56.19,63.56,8.39,7.193,1.4826,1.4826,903.08,361.37
70501,frame_070501.png,34.95,45.24,6.397,6.466,1.4826,1.4826,1169.8,354.63
70561,frame_070561.png,33.67,44.31,6.449,6.727,1.4826,1.4826,1123.81,339.18
70621,frame_070621.png,57.15,57.15,7.932,6.092,1.4826,1.4826,568.71,214.24
70681,frame_070681.png,34.06,45.6,6.07,5.862,1.4826,1.4826,1103.09,350.92
70741,frame_070741.png,48.16,60.74,9.504,7.048,1.4826,1.4826,863.9,213.43
70801,frame_070801.png,45.58,47.37,7.369,5.522,4.4477,4.4477,1002.25,421.86
70861,frame_070861.png,57.13,71.28,10.052,8.948,1.4826,0.0,1366.78,438.3
70921,frame_070921.png,46.17,51.75,6.756,6.724,1.4826,1.4826,1751.42,719.45
70981,frame_070981.png,49.53,55.89,5.847,5.49,1.4826,1.4826,1780.3,680.05
71041,frame_071041.png,53.88,64.7,6.533,6.363,1.4826,1.4826,2018.69,857.23
71101,frame_071101.png,50.67,59.88,6.386,6.614,1.4826,1.4826,1762.98,590.88
71161,frame_071161.png,32.65,39.26,4.786,4.965,2.9652,2.9652,1747.84,562.03
71221,frame_071221.png,45.02,53.05,5.416,5.84,1.4826,1.4826,1712.75,657.58
71281,frame_071281.png,43.25,52.88,5.395,5.531,1.4826,1.4826,1892.92,691.51
71341,frame_071341.png,46.37,52.45,5.42,5.769,1.4826,1.4826,1961.11,696.61
71401,frame_071401.png,41.82,49.68,5.345,5.905,1.4826,1.4826,1964.01,697.02
71461,frame_071461.png,48.5,57.96,5.88,5.949,1.4826,1.4826,1930.82,826.6
71521,frame_071521.png,39.56,49.97,5.76,5.773,2.9652,1.4826,1913.7,836.71
71581,frame_071581.png,38.35,48.63,5.662,6.11,2.9652,1.4826,2162.36,860.44
71641,frame_071641.png,36.2,46.8,5.588,6.023,2.9652,2.9652,2105.36,806.73
71701,frame_071701.png,40.95,51.61,5.674,6.234,2.9652,1.4826,2125.59,802.03
71761,frame_071761.png,36.77,47.38,5.232,5.807,2.9652,1.4826,2213.61,878.38
71821,frame_071821.png,40.86,53.25,5.789,6.305,1.4826,1.4826,2084.71,894.49
71881,frame_071881.png,39.78,50.76,5.874,6.41,1.4826,1.4826,2183.02,877.46
71941,frame_071941.png,41.16,51.21,6.087,6.927,1.4826,1.4826,2149.14,882.16
72001,frame_072001.png,40.22,48.9,6.707,6.444,2.9652,2.9652,996.46,430.4
72061,frame_072061.png,37.7,45.39,6.643,6.26,2.9652,2.9652,1052.31,387.38
72121,frame_072121.png,60.92,63.63,8.279,5.714,4.4477,4.4477,1579.58,726.51
72181,frame_072181.png,33.74,40.05,6.174,5.531,4.4477,4.4477,1187.24,464.19
72241,frame_072241.png,29.49,35.99,6.616,5.93,4.4477,4.4477,1379.92,502.88
72301,frame_072301.png,18.83,24.02,6.356,6.268,5.9303,4.4477,1476.65,526.5
72361,frame_072361.png,47.84,52.97,6.852,6.306,2.9652,2.9652,1146.6,481.55
72421,frame_072421.png,37.01,47.93,6.566,6.015,2.9652,2.9652,1280.17,492.76
72481,frame_072481.png,40.82,46.23,6.597,6.338,2.9652,2.9652,1213.51,533.79
72541,frame_072541.png,40.42,49.31,6.68,5.921,2.9652,2.9652,1336.31,517.73
72601,frame_072601.png,34.39,38.15,5.345,5.135,4.4477,2.9652,1243.83,562.03
72661,frame_072661.png,23.02,30.36,5.372,5.633,4.4477,4.4477,1420.07,512.44
72721,frame_072721.png,30.23,36.54,6.329,5.943,4.4477,4.4477,1373.85,529.32
72781,frame_072781.png,27.34,35.7,7.371,6.749,4.4477,4.4477,1478.13,537.19
72841,frame_072841.png,51.3,59.36,7.321,6.634,2.9652,2.9652,1154.19,493.71
72901,frame_072901.png,21.63,19.0,5.773,5.533,5.9303,5.9303,1462.25,522.85
72961,frame_072961.png,51.98,61.19,11.437,8.499,2.9652,2.9652,987.36,465.4
73021,frame_073021.png,22.42,27.48,6.177,5.82,4.4477,4.4477,1236.29,435.44
73081,frame_073081.png,34.59,40.39,5.715,5.736,2.9652,2.9652,1351.16,468.68
73141,frame_073141.png,28.04,33.55,4.736,4.755,2.9652,2.9652,1572.83,570.36
73201,frame_073201.png,29.48,36.17,5.003,5.585,2.9652,2.9652,1735.8,591.91
73261,frame_073261.png,56.74,57.25,7.585,7.215,1.4826,1.4826,1141.88,530.83
73321,frame_073321.png,33.11,44.65,6.473,6.596,1.4826,1.4826,1539.43,552.22
73381,frame_073381.png,61.83,63.89,8.251,8.102,1.4826,1.4826,1112.8,525.39
73441,frame_073441.png,33.39,42.27,6.102,6.327,1.4826,1.4826,1435.58,521.27
73501,frame_073501.png,42.84,49.22,7.067,7.43,1.4826,1.4826,1500.99,536.37
73561,frame_073561.png,46.15,48.28,6.895,6.51,2.9652,2.9652,1134.82,427.78
73621,frame_073621.png,32.92,38.8,5.613,5.533,2.9652,2.9652,1451.76,574.62
73681,frame_073681.png,38.91,44.46,5.439,5.72,1.4826,1.4826,1032.23,335.82
73741,frame_073741.png,51.88,57.53,7.783,7.698,1.4826,1.4826,1008.36,317.44
73801,frame_073801.png,40.81,47.57,6.164,6.175,1.4826,1.4826,1133.28,334.18
73861,frame_073861.png,92.41,108.56,21.972,25.867,0.0,0.0,283.7,12.49
73921,frame_073921.png,47.36,56.36,7.313,6.825,1.4826,1.4826,618.87,110.74
73981,frame_073981.png,44.41,53.37,6.994,6.208,1.4826,1.4826,765.14,171.02
74041,frame_074041.png,34.98,42.51,6.134,5.802,1.4826,1.4826,721.7,166.27
74101,frame_074101.png,34.59,40.27,5.955,5.516,1.4826,1.4826,678.76,140.62
74161,frame_074161.png,30.81,38.24,5.574,5.248,2.9652,1.4826,934.08,279.75
74221,frame_074221.png,48.59,53.76,6.532,6.783,1.4826,1.4826,793.28,210.45
74281,frame_074281.png,41.09,44.77,6.046,5.653,1.4826,1.4826,725.22,241.82
74341,frame_074341.png,49.52,54.01,6.472,6.029,1.4826,1.4826,500.61,89.83
74401,frame_074401.png,31.74,37.16,5.254,5.203,2.9652,1.4826,780.88,180.44
74461,frame_074461.png,34.18,41.9,5.581,5.501,1.4826,1.4826,744.07,164.34
74521,frame_074521.png,41.81,43.29,5.99,5.779,1.4826,1.4826,673.4,245.09
74581,frame_074581.png,43.62,39.27,4.956,4.658,2.9652,2.9652,377.04,148.33
74641,frame_074641.png,28.83,40.83,6.333,6.518,2.9652,2.9652,785.4,180.4
74701,frame_074701.png,31.93,39.17,5.683,5.669,2.9652,2.9652,835.72,197.07
74761,frame_074761.png,60.98,70.01,8.592,7.709,1.4826,1.4826,934.57,270.98
74821,frame_074821.png,38.96,42.62,5.541,5.41,1.4826,1.4826,2139.35,960.98
74881,frame_074881.png,32.75,35.48,6.072,5.608,1.4826,1.4826,2464.45,971.06
74941,frame_074941.png,31.48,33.35,5.071,4.322,2.9652,2.9652,1383.1,512.26
75001,frame_075001.png,34.73,36.63,4.486,4.256,4.4477,4.4477,1529.01,639.81
75061,frame_075061.png,33.47,41.59,5.542,5.505,1.4826,1.4826,1165.57,359.22
75121,frame_075121.png,39.96,48.21,7.001,6.825,1.4826,1.4826,972.11,249.4
75181,frame_075181.png,40.24,51.22,7.001,6.543,1.4826,1.4826,968.21,242.83
75241,frame_075241.png,43.34,52.95,7.425,7.355,1.4826,1.4826,853.38,233.64
75301,frame_075301.png,43.61,50.67,6.325,5.838,1.4826,1.4826,757.6,226.75
75361,frame_075361.png,51.44,57.56,6.127,6.268,1.4826,1.4826,907.37,261.99
75421,frame_075421.png,51.35,59.55,8.367,7.392,1.4826,1.4826,920.59,260.92
75481,frame_075481.png,54.35,57.97,8.474,6.295,7.4129,5.9303,1705.28,818.62
75541,frame_075541.png,41.55,37.06,7.839,5.604,7.4129,7.4129,1702.91,825.34
75601,frame_075601.png,35.13,27.23,7.961,5.641,8.8955,8.8955,1419.78,718.36
75661,frame_075661.png,62.87,65.43,10.871,7.131,4.4477,4.4477,1425.88,674.66
75721,frame_075721.png,75.74,69.35,9.884,7.254,7.4129,7.4129,1798.75,909.78
75781,frame_075781.png,45.11,54.79,7.306,5.751,2.9652,2.9652,1096.64,414.71
75841,frame_075841.png,95.93,103.15,10.021,6.772,2.9652,2.9652,2060.02,1123.91
75901,frame_075901.png,63.76,53.87,6.345,5.533,22.2387,20.7561,3256.6,2096.02
75961,frame_075961.png,59.04,67.89,10.221,7.869,1.4826,1.4826,963.87,286.73
76021,frame_076021.png,53.11,54.24,7.583,7.014,1.4826,1.4826,820.91,290.35
76081,frame_076081.png,38.86,44.27,5.412,5.376,2.9652,1.4826,1504.79,541.1
76141,frame_076141.png,36.09,41.88,5.242,5.235,2.9652,2.9652,1693.86,585.29
76201,frame_076201.png,47.11,52.68,5.908,5.778,1.4826,1.4826,1210.44,421.7
76261,frame_076261.png,52.6,49.01,6.206,5.223,1.4826,1.4826,961.74,521.22
76321,frame_076321.png,94.47,109.92,22.48,26.57,0.0,0.0,302.43,4.33
76381,frame_076381.png,44.72,51.91,5.053,5.779,1.4826,1.4826,2154.28,890.56
76441,frame_076441.png,43.68,54.06,5.701,5.871,1.4826,1.4826,1818.64,703.82
76501,frame_076501.png,47.24,62.84,8.126,8.078,1.4826,1.4826,2216.36,871.84
76561,frame_076561.png,52.92,69.83,8.672,8.71,1.4826,1.4826,2129.04,855.37
76621,frame_076621.png,71.71,83.42,6.198,7.206,0.0,0.0,2487.24,925.45
76681,frame_076681.png,65.16,76.63,5.323,5.984,0.0,0.0,2517.35,940.77
76741,frame_076741.png,59.76,69.71,4.725,5.141,0.0,0.0,2515.97,971.48
76801,frame_076801.png,48.47,57.39,5.703,6.11,1.4826,1.4826,1852.46,785.28
76861,frame_076861.png,65.03,76.34,4.748,5.613,0.0,0.0,2623.52,1016.24
76921,frame_076921.png,69.35,80.53,4.491,5.226,0.0,0.0,2629.39,973.55
76981,frame_076981.png,68.59,81.22,6.364,6.46,0.0,0.0,2644.84,1036.29
77041,frame_077041.png,69.32,82.3,6.403,6.322,0.0,0.0,2718.16,1040.15
77101,frame_077101.png,72.09,85.26,6.899,6.624,0.0,0.0,2396.06,1029.17
77161,frame_077161.png,71.99,85.21,7.122,6.582,0.0,0.0,2651.07,1039.29
77221,frame_077221.png,71.34,84.06,6.895,6.72,0.0,0.0,2684.79,1053.68
77281,frame_077281.png,73.75,88.29,7.248,7.262,0.0,0.0,2637.52,1044.82
77341,frame_077341.png,72.45,86.73,6.848,6.788,0.0,0.0,2664.81,1044.11
77401,frame_077401.png,73.87,88.12,6.787,6.494,0.0,0.0,2679.91,1044.38
77461,frame_077461.png,73.22,88.1,6.828,6.454,0.0,0.0,2729.5,1045.98
77521,frame_077521.png,72.7,87.48,7.041,7.084,0.0,0.0,2735.27,1043.93
77581,frame_077581.png,74.78,89.26,7.557,7.178,0.0,0.0,2692.04,1043.62
77641,frame_077641.png,71.78,85.59,6.153,6.132,0.0,0.0,2707.64,1041.3
77701,frame_077701.png,71.11,84.13,5.935,5.974,0.0,0.0,2705.25,1044.94
77761,frame_077761.png,71.42,83.04,5.974,6.004,0.0,0.0,2680.66,1037.82
77821,frame_077821.png,70.11,81.18,5.726,5.929,0.0,0.0,2631.7,1034.05
77881,frame_077881.png,70.72,80.91,5.797,6.04,0.0,0.0,2621.06,1023.86
77941,frame_077941.png,70.77,82.89,6.159,6.735,0.0,0.0,2599.86,1014.51
78001,frame_078001.png,69.69,80.9,6.091,14.934,0.0,0.0,2560.85,999.94
78061,frame_078061.png,69.88,80.89,6.049,6.245,0.0,0.0,2541.14,985.4
78121,frame_078121.png,70.41,81.29,6.174,6.474,0.0,0.0,2488.87,968.14
78181,frame_078181.png,71.21,81.94,6.274,6.402,0.0,0.0,2497.81,971.96
78241,frame_078241.png,70.2,80.59,5.985,6.196,0.0,0.0,2492.06,978.92
78301,frame_078301.png,69.68,79.5,5.749,6.176,0.0,0.0,2492.98,958.84
78361,frame_078361.png,68.84,78.92,5.892,6.031,0.0,0.0,2471.29,930.81
78421,frame_078421.png,68.47,78.59,5.656,6.271,0.0,0.0,2482.6,940.01
78481,frame_078481.png,68.78,79.7,11.013,6.288,0.0,0.0,2468.77,948.48
78541,frame_078541.png,66.46,76.26,5.427,5.952,0.0,0.0,2435.22,939.88
78601,frame_078601.png,65.93,75.2,5.038,5.428,0.0,0.0,2324.14,924.63
78661,frame_078661.png,65.46,75.88,4.583,4.608,0.0,0.0,2412.29,924.91
78721,frame_078721.png,63.03,73.48,4.693,4.547,0.0,0.0,2419.24,910.07
78781,frame_078781.png,61.97,72.19,5.072,4.482,0.0,0.0,2373.57,910.49
78841,frame_078841.png,59.71,69.0,4.887,4.484,0.0,0.0,2342.41,900.56
78901,frame_078901.png,59.92,69.27,5.161,4.55,0.0,0.0,2318.54,893.6
78961,frame_078961.png,57.96,65.9,4.855,4.436,0.0,0.0,2310.21,884.61
79021,frame_079021.png,56.45,64.13,5.044,4.386,0.0,0.0,2230.99,855.68
79081,frame_079081.png,53.14,59.76,4.971,4.278,1.4826,0.0,1996.76,691.41
79141,frame_079141.png,57.78,64.5,5.265,4.828,1.4826,0.0,2111.04,842.76
79201,frame_079201.png,54.75,60.46,5.321,4.847,1.4826,1.4826,2094.89,843.95
79261,frame_079261.png,55.81,61.22,5.713,5.074,1.4826,1.4826,2004.87,803.47
79321,frame_079321.png,52.28,58.89,5.539,4.715,1.4826,1.4826,1990.61,765.87
79381,frame_079381.png,49.48,56.36,5.644,5.084,1.4826,1.4826,1987.49,787.04
79441,frame_079441.png,50.38,58.45,6.454,5.541,1.4826,1.4826,1883.72,746.95
79501,frame_079501.png,44.73,48.46,5.168,4.466,1.4826,1.4826,1913.23,774.34
79561,frame_079561.png,42.36,46.25,4.846,4.382,2.9652,1.4826,1835.96,717.59
79621,frame_079621.png,38.48,42.83,5.044,4.456,2.9652,2.9652,1752.05,643.01
79681,frame_079681.png,42.47,46.72,4.771,4.689,2.9652,2.9652,1859.24,722.0
79741,frame_079741.png,45.04,49.93,4.962,4.846,2.9652,1.4826,1819.54,718.67
79801,frame_079801.png,59.18,63.73,7.216,6.16,1.4826,1.4826,1246.18,630.41
79861,frame_079861.png,49.59,50.76,6.581,6.215,1.4826,1.4826,1305.82,532.83
79921,frame_079921.png,35.15,38.58,5.207,4.956,2.9652,2.9652,1695.62,667.16
79981,frame_079981.png,66.64,72.5,8.578,7.384,1.4826,1.4826,889.0,342.65
80041,frame_080041.png,37.43,40.75,5.373,5.185,1.4826,1.4826,1632.16,634.02
80101,frame_080101.png,38.19,47.64,5.646,5.951,1.4826,1.4826,1884.63,714.22
80161,frame_080161.png,37.88,46.36,5.727,5.286,1.4826,1.4826,1873.36,716.24
80221,frame_080221.png,47.9,59.23,8.224,7.578,1.4826,1.4826,1331.8,455.39
80281,frame_080281.png,59.6,64.1,9.689,7.686,1.4826,1.4826,1005.65,410.65
80341,frame_080341.png,36.74,41.96,6.032,5.678,1.4826,1.4826,1658.57,609.04
80401,frame_080401.png,94.06,108.47,20.489,24.311,0.0,0.0,333.89,9.39
80461,frame_080461.png,43.74,41.23,5.849,5.048,2.9652,2.9652,1053.2,556.11
80521,frame_080521.png,39.92,39.25,5.81,5.074,2.9652,2.9652,1424.88,649.89
80581,frame_080581.png,36.97,38.08,5.708,5.076,2.9652,2.9652,1497.2,627.21
80641,frame_080641.png,93.22,110.81,19.174,21.889,0.0,0.0,346.38,8.9
80701,frame_080701.png,28.78,31.26,5.087,4.939,2.9652,2.9652,1492.2,535.99
80761,frame_080761.png,54.44,52.53,6.709,6.072,2.9652,2.9652,949.73,488.45
80821,frame_080821.png,34.56,38.57,5.422,5.389,2.9652,2.9652,1560.74,587.82
80881,frame_080881.png,39.43,40.05,5.841,5.121,2.9652,2.9652,1155.04,435.47
80941,frame_080941.png,36.02,36.56,5.233,4.937,2.9652,2.9652,1193.29,468.87
81001,frame_081001.png,36.62,39.22,5.601,4.8,2.9652,2.9652,1101.31,408.86
81061,frame_081061.png,58.03,51.91,6.587,5.52,2.9652,2.9652,580.54,354.46
81121,frame_081121.png,54.35,52.87,5.913,5.472,1.4826,1.4826,1920.54,942.39
81181,frame_081181.png,56.4,53.61,6.088,5.992,4.4477,4.4477,1484.13,745.37
81241,frame_081241.png,49.82,51.56,6.955,6.177,2.9652,2.9652,1479.77,763.61
81301,frame_081301.png,50.96,47.5,6.268,5.683,4.4477,4.4477,725.55,427.39
81361,frame_081361.png,54.92,56.8,6.189,5.723,1.4826,1.4826,2072.56,970.17
81421,frame_081421.png,80.8,81.47,11.326,10.273,0.0,0.0,272.25,8.01
81481,frame_081481.png,27.03,28.32,4.6,4.163,2.9652,2.9652,1311.89,461.7
81541,frame_081541.png,40.4,42.6,6.337,5.501,2.9652,2.9652,1141.13,430.09
81601,frame_081601.png,27.58,32.54,4.363,4.294,2.9652,2.9652,1322.43,487.05
81661,frame_081661.png,38.05,39.37,5.857,4.993,2.9652,2.9652,1213.14,461.77
81721,frame_081721.png,27.69,31.28,4.841,4.617,2.9652,2.9652,1249.66,467.26
81781,frame_081781.png,51.57,50.19,6.93,6.12,1.4826,1.4826,960.71,534.7
81841,frame_081841.png,48.13,49.91,6.436,5.838,1.4826,1.4826,1118.68,551.58
81901,frame_081901.png,52.15,51.62,6.384,5.848,1.4826,1.4826,896.14,490.19
81961,frame_081961.png,36.04,37.99,5.664,4.853,2.9652,2.9652,1304.71,486.23
82021,frame_082021.png,28.06,33.62,4.946,4.753,2.9652,2.9652,1367.5,469.07
82081,frame_082081.png,52.94,59.39,7.582,6.665,1.4826,1.4826,537.34,97.53
82141,frame_082141.png,35.65,42.7,5.476,5.311,2.9652,2.9652,1261.88,441.38
82201,frame_082201.png,55.93,56.4,7.819,6.897,1.4826,1.4826,914.02,389.45
82261,frame_082261.png,33.36,35.36,4.825,4.53,2.9652,2.9652,1280.92,423.44
82321,frame_082321.png,77.67,66.97,8.836,8.499,1.4826,1.4826,305.99,20.26
82381,frame_082381.png,40.91,43.64,5.884,5.593,2.9652,2.9652,965.53,332.11
82441,frame_082441.png,38.49,38.8,5.64,5.077,2.9652,2.9652,834.98,303.3
82501,frame_082501.png,35.5,36.99,5.228,4.72,2.9652,2.9652,1336.82,488.99
82561,frame_082561.png,40.1,44.72,6.163,5.526,2.9652,2.9652,1288.06,433.57
82621,frame_082621.png,33.31,36.15,4.892,4.493,2.9652,2.9652,1353.37,509.36
82681,frame_082681.png,36.07,39.05,5.173,4.839,2.9652,2.9652,1356.5,515.94
82741,frame_082741.png,37.33,40.15,5.287,4.858,2.9652,2.9652,1247.59,448.07
82801,frame_082801.png,40.38,43.59,5.992,5.599,1.4826,1.4826,1404.42,540.91
82861,frame_082861.png,35.58,41.39,5.326,5.095,2.9652,2.9652,982.65,279.15
82921,frame_082921.png,39.46,42.28,5.544,5.088,2.9652,2.9652,1377.99,502.31
82981,frame_082981.png,37.32,39.55,5.203,4.901,2.9652,2.9652,1367.68,479.88
83041,frame_083041.png,90.79,107.43,21.422,29.172,0.0,0.0,453.2,16.77
83101,frame_083101.png,37.26,45.31,5.629,5.502,2.9652,1.4826,1068.93,339.56
83161,frame_083161.png,55.26,57.25,6.745,6.54,1.4826,1.4826,709.93,291.35
83221,frame_083221.png,35.67,40.69,5.738,5.463,2.9652,2.9652,1382.8,494.27
83281,frame_083281.png,27.9,32.35,4.399,4.58,2.9652,2.9652,1400.07,469.13
83341,frame_083341.png,57.12,59.74,7.878,6.047,1.4826,1.4826,751.61,369.7
83401,frame_083401.png,42.67,47.92,6.126,5.644,1.4826,1.4826,1108.29,366.01
83461,frame_083461.png,53.29,55.25,6.584,6.123,1.4826,1.4826,1107.62,503.14
83521,frame_083521.png,33.13,40.36,5.147,4.994,2.9652,1.4826,1512.59,557.73
83581,frame_083581.png,37.77,44.09,5.568,5.291,1.4826,1.4826,1313.86,459.44
83641,frame_083641.png,46.76,57.48,9.649,7.0,1.4826,1.4826,1230.53,449.75
83701,frame_083701.png,52.9,49.52,5.682,5.184,5.9303,4.4477,849.53,412.48
83761,frame_083761.png,47.15,45.41,11.898,8.319,2.9652,2.9652,1013.01,448.5
83821,frame_083821.png,31.64,35.21,4.469,4.433,2.9652,2.9652,1280.55,426.94
83881,frame_083881.png,31.32,35.58,4.912,4.81,2.9652,2.9652,1212.29,367.41
83941,frame_083941.png,43.3,44.03,5.814,5.453,2.9652,2.9652,799.94,277.54
84001,frame_084001.png,48.27,51.63,7.189,6.661,1.4826,1.4826,800.9,305.26
84061,frame_084061.png,49.23,47.8,6.854,6.059,2.9652,2.9652,652.59,300.39
84121,frame_084121.png,50.5,49.22,6.96,5.769,2.9652,2.9652,591.68,317.95
84181,frame_084181.png,27.36,31.06,3.941,4.16,4.4477,4.4477,855.14,244.59
84241,frame_084241.png,32.46,37.73,4.89,4.639,4.4477,2.9652,959.32,318.2
84301,frame_084301.png,30.39,33.11,4.722,4.269,2.9652,2.9652,1075.92,353.7
84361,frame_084361.png,39.81,37.02,5.478,5.001,4.4477,2.9652,700.23,340.87
84421,frame_084421.png,36.23,38.69,5.174,4.699,4.4477,4.4477,898.2,289.46
84481,frame_084481.png,37.0,48.41,6.621,6.235,2.9652,1.4826,533.55,67.4
84541,frame_084541.png,56.79,58.94,8.266,7.73,1.4826,1.4826,310.44,43.17
84601,frame_084601.png,42.45,42.94,6.145,5.567,2.9652,2.9652,752.79,249.84
84661,frame_084661.png,32.63,36.33,5.228,4.825,2.9652,2.9652,938.88,277.25
84721,frame_084721.png,56.49,68.92,8.726,7.433,1.4826,1.4826,482.66,43.71
84781,frame_084781.png,31.13,33.95,5.041,4.478,2.9652,2.9652,1144.62,387.78
84841,frame_084841.png,35.09,38.1,5.275,4.774,2.9652,2.9652,976.21,333.05
84901,frame_084901.png,68.35,67.34,8.268,6.61,1.4826,1.4826,497.24,317.64
84961,frame_084961.png,52.08,48.55,6.902,6.07,2.9652,2.9652,840.13,436.63
85021,frame_085021.png,74.79,74.8,9.248,8.638,1.4826,1.4826,326.53,49.65
85081,frame_085081.png,28.54,30.41,4.244,4.321,4.4477,4.4477,1035.46,345.19
85141,frame_085141.png,32.9,31.22,5.24,4.95,2.9652,2.9652,1031.43,536.86
85201,frame_085201.png,41.81,39.11,5.878,5.245,2.9652,2.9652,659.73,324.32
85261,frame_085261.png,92.9,102.02,22.015,27.862,0.0,0.0,223.77,22.46
85321,frame_085321.png,30.8,30.95,4.762,4.468,2.9652,2.9652,840.63,210.64
85381,frame_085381.png,57.35,55.78,6.252,5.583,1.4826,1.4826,803.55,438.67
85441,frame_085441.png,53.82,52.69,6.253,5.462,2.9652,1.4826,864.06,429.78
85501,frame_085501.png,41.41,44.98,5.87,5.729,2.9652,2.9652,1197.93,481.83
85561,frame_085561.png,24.01,25.12,4.72,4.663,2.9652,2.9652,1230.13,407.82
85621,frame_085621.png,38.66,43.03,5.844,5.637,2.9652,2.9652,1190.04,470.11
85681,frame_085681.png,35.81,39.32,5.295,5.128,2.9652,2.9652,1182.36,443.07
85741,frame_085741.png,43.62,47.5,5.994,5.48,2.9652,2.9652,1109.72,513.13
85801,frame_085801.png,30.48,31.39,4.645,4.497,2.9652,2.9652,1258.98,419.13
85861,frame_085861.png,88.01,76.77,15.461,10.073,0.0,0.0,188.5,7.67
85921,frame_085921.png,45.5,50.12,5.46,5.493,1.4826,1.4826,1172.39,406.84
85981,frame_085981.png,32.53,34.32,4.199,4.434,2.9652,2.9652,1322.53,446.3
86041,frame_086041.png,94.85,104.34,16.943,16.587,0.0,0.0,205.64,10.5
86101,frame_086101.png,94.52,108.58,22.642,28.696,0.0,0.0,366.94,9.83
86161,frame_086161.png,39.02,41.39,4.615,4.74,1.4826,1.4826,1188.41,392.83
86221,frame_086221.png,47.51,44.78,6.41,5.639,1.4826,1.4826,907.94,388.31
86281,frame_086281.png,37.4,41.37,5.106,5.3,2.9652,2.9652,1243.84,503.85
86341,frame_086341.png,40.87,45.24,5.378,5.28,2.9652,2.9652,1688.45,602.72
86401,frame_086401.png,41.07,41.37,6.424,5.926,1.4826,1.4826,915.08,324.19
86461,frame_086461.png,36.58,36.59,6.447,5.876,2.9652,2.9652,985.05,378.05
86521,frame_086521.png,34.74,37.05,6.192,5.253,2.9652,2.9652,1174.65,395.12
86581,frame_086581.png,36.37,43.37,6.019,5.366,2.9652,1.4826,1121.35,352.26
86641,frame_086641.png,44.47,47.34,5.941,5.605,2.9652,2.9652,1457.84,604.27
86701,frame_086701.png,32.42,37.15,5.826,5.513,2.9652,2.9652,1367.89,536.08
86761,frame_086761.png,48.51,51.02,6.755,5.871,1.4826,1.4826,1149.28,405.35
86821,frame_086821.png,26.62,28.56,4.156,4.192,4.4477,2.9652,1373.38,468.39
86881,frame_086881.png,95.01,108.07,22.932,29.217,0.0,0.0,472.26,12.34
86941,frame_086941.png,40.89,43.96,5.387,4.808,2.9652,1.4826,1400.94,476.87
87001,frame_087001.png,38.47,42.85,4.912,4.588,2.9652,2.9652,1421.71,526.9
87061,frame_087061.png,91.41,104.48,20.521,24.141,0.0,0.0,296.14,13.52
87121,frame_087121.png,28.9,30.24,4.483,4.265,2.9652,2.9652,1425.15,498.54
87181,frame_087181.png,39.83,40.92,5.229,4.839,2.9652,2.9652,1371.26,593.49
87241,frame_087241.png,44.01,47.9,6.624,5.656,2.9652,2.9652,1116.41,370.66
87301,frame_087301.png,59.43,56.72,7.281,6.361,1.4826,1.4826,634.21,389.41
87361,frame_087361.png,43.94,49.5,5.788,5.8,1.4826,1.4826,886.17,343.27
87421,frame_087421.png,26.92,34.07,5.135,4.917,2.9652,2.9652,1068.32,322.67
87481,frame_087481.png,57.65,65.53,8.626,7.167,1.4826,1.4826,425.36,81.22
87541,frame_087541.png,30.04,40.87,6.742,6.052,1.4826,1.4826,637.17,106.59
87601,frame_087601.png,30.15,41.94,6.41,6.293,1.4826,1.4826,637.08,99.11
87661,frame_087661.png,50.7,63.61,10.095,8.637,1.4826,1.4826,601.61,88.79
87721,frame_087721.png,53.2,61.48,6.49,5.972,1.4826,1.4826,2344.06,1079.1
87781,frame_087781.png,39.21,52.11,11.588,9.847,1.4826,1.4826,646.23,102.96
87841,frame_087841.png,23.04,33.47,7.387,6.356,2.9652,2.9652,650.71,104.5
87901,frame_087901.png,21.91,30.95,7.621,6.495,2.9652,2.9652,660.72,108.19
87961,frame_087961.png,39.59,49.22,6.574,6.276,1.4826,1.4826,1257.84,404.72
88021,frame_088021.png,34.99,42.05,5.436,5.579,1.4826,1.4826,1234.83,403.05
88081,frame_088081.png,26.65,29.67,3.928,4.163,4.4477,2.9652,1395.14,466.24
88141,frame_088141.png,33.63,36.67,4.659,4.5,2.9652,2.9652,1380.1,502.65
88201,frame_088201.png,42.83,45.25,5.942,5.442,1.4826,1.4826,1189.49,490.28
88261,frame_088261.png,47.73,46.71,6.877,6.313,2.9652,1.4826,891.14,357.93
88321,frame_088321.png,93.36,102.93,13.864,15.002,0.0,0.0,225.19,12.89
88381,frame_088381.png,36.77,40.19,5.229,4.988,2.9652,2.9652,1097.59,337.07
88441,frame_088441.png,47.53,46.42,5.6,5.041,2.9652,2.9652,890.71,469.05
88501,frame_088501.png,39.64,41.61,5.396,4.696,2.9652,2.9652,1084.48,413.24
88561,frame_088561.png,31.54,37.92,5.325,5.174,2.9652,2.9652,857.62,245.55
88621,frame_088621.png,37.57,36.17,4.919,4.462,2.9652,2.9652,977.84,498.39
88681,frame_088681.png,45.7,48.3,5.688,5.316,2.9652,2.9652,1219.77,493.31
88741,frame_088741.png,56.92,57.65,5.697,5.213,2.9652,2.9652,1382.86,641.57
88801,frame_088801.png,67.55,74.87,8.089,5.653,0.0,0.0,1815.19,791.29
88861,frame_088861.png,44.2,43.61,5.2,4.975,2.9652,2.9652,1410.55,653.49
88921,frame_088921.png,28.32,27.9,4.396,4.305,4.4477,2.9652,1541.91,574.59
88981,frame_088981.png,30.71,33.55,4.419,4.375,2.9652,2.9652,1693.23,659.44
89041,frame_089041.png,26.95,30.74,4.447,4.181,4.4477,2.9652,1698.88,638.88
89101,frame_089101.png,48.82,52.55,6.087,5.892,2.9652,2.9652,1214.49,592.14
89161,frame_089161.png,48.0,50.23,6.026,5.584,2.9652,2.9652,1168.45,597.68
89221,frame_089221.png,27.89,31.16,4.691,4.554,4.4477,2.9652,1591.17,660.27
89281,frame_089281.png,28.71,31.71,4.964,4.436,4.4477,2.9652,1468.72,573.57
89341,frame_089341.png,46.99,44.59,6.302,5.289,2.9652,2.9652,1051.65,556.09
89401,frame_089401.png,56.57,62.68,5.631,5.263,1.4826,1.4826,1876.28,767.67
89461,frame_089461.png,49.37,55.69,4.829,4.516,1.4826,1.4826,1995.59,778.65
89521,frame_089521.png,53.04,57.14,4.975,4.763,1.4826,1.4826,1899.81,717.15
89581,frame_089581.png,54.96,62.0,5.481,5.022,1.4826,1.4826,1791.1,705.13
89641,frame_089641.png,59.43,66.06,6.096,5.9,1.4826,1.4826,1679.53,683.13
89701,frame_089701.png,52.83,55.51,6.354,5.846,1.4826,1.4826,1312.75,557.07
89761,frame_089761.png,39.14,43.55,5.472,5.401,2.9652,2.9652,1384.78,511.58
89821,frame_089821.png,37.86,40.4,5.607,5.183,2.9652,2.9652,1039.55,354.53
89881,frame_089881.png,39.38,41.27,6.001,5.3,2.9652,2.9652,1011.35,391.74
89941,frame_089941.png,62.55,69.34,9.641,7.554,1.4826,1.4826,797.4,413.36
90001,frame_090001.png,41.74,48.83,7.233,6.334,1.4826,1.4826,971.26,314.6
90061,frame_090061.png,62.36,62.02,7.961,7.033,1.4826,1.4826,683.4,376.53
90121,frame_090121.png,58.67,56.1,7.774,6.886,1.4826,1.4826,703.22,377.6
90181,frame_090181.png,22.34,25.87,4.843,4.754,4.4477,2.9652,1175.21,387.48
90241,frame_090241.png,34.67,40.63,5.31,5.22,2.9652,2.9652,1216.24,474.1
90301,frame_090301.png,39.64,41.03,5.318,5.208,2.9652,2.9652,1128.3,548.96
90361,frame_090361.png,31.0,35.21,5.805,5.383,2.9652,2.9652,921.43,261.11
90421,frame_090421.png,49.92,47.52,6.207,5.34,1.4826,1.4826,492.58,199.21
90481,frame_090481.png,35.53,42.66,6.36,6.388,1.4826,1.4826,811.38,190.85
90541,frame_090541.png,33.12,43.04,6.467,6.49,1.4826,1.4826,810.6,196.12
90601,frame_090601.png,37.13,45.37,6.215,5.962,1.4826,1.4826,859.62,236.35
90661,frame_090661.png,26.49,33.43,4.602,4.621,2.9652,2.9652,962.93,269.76
90721,frame_090721.png,31.74,39.77,5.819,5.192,2.9652,2.9652,785.15,187.08
90781,frame_090781.png,32.81,42.44,6.203,5.665,2.9652,2.9652,790.08,185.37
90841,frame_090841.png,28.3,39.49,6.281,5.979,2.9652,1.4826,503.53,48.34
90901,frame_090901.png,32.65,44.7,6.948,6.163,1.4826,1.4826,498.33,47.05
90961,frame_090961.png,34.44,48.72,6.837,6.249,1.4826,1.4826,744.17,167.99
91021,frame_091021.png,103.55,100.76,16.595,24.818,0.0,0.0,2221.14,1017.8
91081,frame_091081.png,73.31,76.92,11.991,8.305,0.0,0.0,901.07,296.98
91141,frame_091141.png,45.64,44.78,7.345,6.356,1.4826,1.4826,1471.36,612.77
91201,frame_091201.png,47.57,50.91,6.83,6.91,1.4826,1.4826,1460.99,620.69
91261,frame_091261.png,33.31,34.81,6.312,6.258,1.4826,1.4826,1577.56,746.83
91321,frame_091321.png,53.5,57.21,7.246,6.356,1.4826,1.4826,894.49,393.36
91381,frame_091381.png,55.16,59.8,6.824,6.649,1.4826,1.4826,1306.99,621.65
91441,frame_091441.png,51.63,67.87,10.319,10.608,1.4826,1.4826,1787.6,692.04
91501,frame_091501.png,52.15,63.87,9.775,9.603,1.4826,1.4826,1343.59,452.6
91561,frame_091561.png,42.82,51.3,7.762,7.117,1.4826,1.4826,1163.57,420.14
91621,frame_091621.png,34.86,37.52,6.981,5.925,1.4826,1.4826,1098.47,386.1
91681,frame_091681.png,35.28,38.37,7.217,6.776,2.9652,1.4826,1250.77,534.77
91741,frame_091741.png,45.97,48.31,7.699,7.091,1.4826,1.4826,1372.84,679.39
91801,frame_091801.png,29.22,27.81,5.473,5.274,2.9652,2.9652,1437.65,744.32
91861,frame_091861.png,40.0,40.91,6.278,6.681,1.4826,1.4826,1403.19,698.19
91921,frame_091921.png,40.05,37.93,6.652,6.276,1.4826,1.4826,1452.67,747.21
91981,frame_091981.png,44.11,45.26,6.849,6.838,1.4826,1.4826,1466.73,759.79
92041,frame_092041.png,40.02,40.85,6.634,6.99,1.4826,1.4826,1515.14,772.75
92101,frame_092101.png,42.94,44.72,5.917,6.013,1.4826,1.4826,1584.0,797.28
92161,frame_092161.png,56.17,60.66,8.724,7.558,1.4826,1.4826,1267.42,589.94
92221,frame_092221.png,46.7,49.98,7.275,6.88,1.4826,1.4826,1671.38,826.57
92281,frame_092281.png,47.38,47.06,5.575,5.775,1.4826,1.4826,1828.01,933.01
92341,frame_092341.png,43.45,44.22,5.816,5.367,1.4826,1.4826,1980.97,981.59
92401,frame_092401.png,46.01,48.42,6.485,6.471,1.4826,1.4826,1738.06,833.99
92461,frame_092461.png,41.88,42.76,5.864,6.35,1.4826,1.4826,1737.27,864.17
92521,frame_092521.png,43.8,46.69,6.623,6.078,1.4826,1.4826,1675.8,841.83
92581,frame_092581.png,48.34,50.86,6.307,5.649,1.4826,1.4826,1481.83,748.25
92641,frame_092641.png,48.19,50.65,6.565,6.074,1.4826,1.4826,1571.27,794.49
92701,frame_092701.png,46.06,49.27,6.492,6.254,1.4826,1.4826,1529.45,783.1
92761,frame_092761.png,41.67,42.91,6.1,5.747,1.4826,1.4826,1592.74,842.19
92821,frame_092821.png,41.0,42.9,6.749,6.127,1.4826,1.4826,1513.93,762.04
92881,frame_092881.png,57.79,72.27,9.323,10.523,1.4826,1.4826,1099.29,394.9
92941,frame_092941.png,62.19,76.4,9.609,9.249,1.4826,1.4826,1110.44,413.75
93001,frame_093001.png,63.43,70.36,9.544,9.484,1.4826,1.4826,1001.65,380.71
93061,frame_093061.png,56.33,69.77,9.16,9.279,1.4826,1.4826,1134.84,409.18
93121,frame_093121.png,50.05,61.92,9.079,8.759,1.4826,1.4826,1141.94,393.16
93181,frame_093181.png,59.29,66.61,8.904,8.449,1.4826,1.4826,1174.06,460.16
93241,frame_093241.png,39.04,43.28,7.859,7.758,2.9652,2.9652,911.54,333.02
93301,frame_093301.png,45.34,54.28,6.733,6.587,2.9652,2.9652,1458.53,690.63
93361,frame_093361.png,45.83,52.13,5.854,5.733,2.9652,2.9652,1355.2,627.41
93421,frame_093421.png,42.68,53.35,5.465,5.673,2.9652,1.4826,1946.1,745.49
93481,frame_093481.png,37.32,44.75,4.973,5.091,2.9652,2.9652,1793.63,707.29
93541,frame_093541.png,37.73,49.72,6.621,7.127,1.4826,1.4826,1376.94,500.02
93601,frame_093601.png,33.57,45.48,5.939,6.115,1.4826,1.4826,1376.31,459.48
93661,frame_093661.png,50.15,53.63,6.254,5.884,2.9652,1.4826,1369.72,612.91
93721,frame_093721.png,40.64,50.08,5.312,5.388,2.9652,2.9652,1536.31,623.37
93781,frame_093781.png,40.67,50.72,6.572,6.331,1.4826,1.4826,1112.96,348.36
93841,frame_093841.png,40.59,50.46,6.904,6.604,1.4826,1.4826,1162.47,349.85
93901,frame_093901.png,52.67,62.82,8.156,8.065,1.4826,1.4826,758.97,174.58
93961,frame_093961.png,92.0,107.39,23.206,29.092,0.0,0.0,409.3,1.4
94021,frame_094021.png,93.23,107.42,23.629,28.992,0.0,0.0,357.68,9.7
94081,frame_094081.png,52.54,65.88,9.941,8.681,1.4826,1.4826,989.74,293.66
94141,frame_094141.png,55.07,59.8,7.354,5.483,2.9652,2.9652,1025.41,466.08
94201,frame_094201.png,53.74,55.8,7.335,6.213,1.4826,1.4826,1062.11,430.98
94261,frame_094261.png,34.21,41.96,5.321,5.595,2.9652,2.9652,1928.9,692.82
94321,frame_094321.png,48.97,55.05,5.435,5.351,1.4826,1.4826,1930.53,769.01
94381,frame_094381.png,57.53,65.31,6.627,6.428,1.4826,1.4826,1331.24,577.88
94441,frame_094441.png,39.72,47.48,5.681,5.539,2.9652,2.9652,1763.99,585.8
94501,frame_094501.png,38.83,48.69,5.873,6.069,2.9652,1.4826,1750.83,585.25
94561,frame_094561.png,48.43,57.83,5.742,6.262,1.4826,1.4826,1891.79,658.83
94621,frame_094621.png,50.68,58.5,6.133,6.512,1.4826,1.4826,1883.29,677.3
94681,frame_094681.png,48.79,55.47,6.046,5.87,1.4826,1.4826,1954.11,686.76
94741,frame_094741.png,52.99,61.82,6.285,6.22,1.4826,1.4826,1938.71,672.34
94801,frame_094801.png,47.52,60.86,6.405,6.324,1.4826,1.4826,2087.97,834.06
94861,frame_094861.png,41.35,51.45,5.668,6.018,2.9652,1.4826,1893.03,845.03
94921,frame_094921.png,35.08,45.81,5.527,6.28,2.9652,2.9652,2167.32,844.39
94981,frame_094981.png,35.97,46.58,5.284,5.781,2.9652,2.9652,2150.09,847.45
95041,frame_095041.png,37.38,47.95,5.276,5.82,2.9652,1.4826,2240.15,894.65
95101,frame_095101.png,33.03,44.98,5.115,5.883,2.9652,2.9652,2090.27,760.79
95161,frame_095161.png,34.28,44.33,5.099,5.877,2.9652,2.9652,2186.09,881.43
95221,frame_095221.png,38.48,46.92,5.732,6.106,2.9652,1.4826,2121.69,881.63
95281,frame_095281.png,33.0,43.84,5.435,6.001,2.9652,1.4826,2180.34,894.07
95341,frame_095341.png,40.96,50.71,6.08,6.228,2.9652,2.9652,1086.52,405.9
95401,frame_095401.png,48.87,55.22,6.736,6.514,2.9652,2.9652,1052.01,411.45
95461,frame_095461.png,56.21,59.36,6.894,6.431,1.4826,1.4826,818.03,301.18
95521,frame_095521.png,40.86,48.76,6.647,6.138,2.9652,2.9652,1172.53,433.61
95581,frame_095581.png,36.25,42.28,6.491,5.827,2.9652,2.9652,1222.76,463.23
95641,frame_095641.png,24.17,30.84,6.355,5.88,4.4477,4.4477,1439.24,519.67
95701,frame_095701.png,22.18,25.85,6.631,6.103,5.9303,4.4477,1492.32,528.56
95761,frame_095761.png,52.76,56.95,6.425,6.513,2.9652,2.9652,1069.82,458.54
95821,frame_095821.png,43.83,51.19,5.992,6.164,2.9652,2.9652,1222.13,494.76
95881,frame_095881.png,47.4,52.63,6.476,5.949,2.9652,2.9652,1179.18,533.11
95941,frame_095941.png,44.34,48.02,5.899,5.599,2.9652,2.9652,1147.15,483.75
96001,frame_096001.png,42.09,49.35,6.401,5.73,2.9652,2.9652,1209.42,502.87
96061,frame_096061.png,39.52,44.15,5.818,5.788,2.9652,2.9652,1201.07,523.69
96121,frame_096121.png,16.13,16.8,5.385,5.413,5.9303,5.9303,1566.47,581.81
96181,frame_096181.png,18.34,17.47,5.166,5.345,5.9303,5.9303,1531.48,565.3
96241,frame_096241.png,20.56,24.57,6.217,6.176,5.9303,4.4477,1426.44,521.43
96301,frame_096301.png,19.2,19.74,6.298,5.771,5.9303,5.9303,1334.49,485.09
96361,frame_096361.png,21.22,23.53,6.202,5.766,5.9303,4.4477,1257.15,447.08
96421,frame_096421.png,32.63,41.26,5.71,6.309,2.9652,2.9652,1466.6,555.65
96481,frame_096481.png,40.01,45.92,5.951,6.234,2.9652,2.9652,1695.33,595.88
96541,frame_096541.png,39.6,46.19,5.824,5.91,2.9652,2.9652,1638.56,575.88
96601,frame_096601.png,43.63,54.46,6.85,6.85,1.4826,1.4826,1429.35,573.52
96661,frame_096661.png,67.74,65.99,8.472,7.124,1.4826,1.4826,316.89,112.82
96721,frame_096721.png,41.25,50.94,7.131,7.86,1.4826,1.4826,1450.45,509.99
96781,frame_096781.png,53.28,55.93,8.131,8.125,1.4826,1.4826,1001.25,424.54
96841,frame_096841.png,47.45,52.39,6.827,6.998,2.9652,2.9652,1173.01,531.98
96901,frame_096901.png,49.56,49.17,6.497,6.17,2.9652,2.9652,1156.83,567.89
96961,frame_096961.png,53.42,54.95,6.469,6.052,1.4826,1.4826,816.15,352.59
97021,frame_097021.png,38.21,43.59,6.059,6.125,1.4826,1.4826,1042.36,293.08
97081,frame_097081.png,36.55,42.92,5.612,5.869,1.4826,1.4826,1155.1,344.97
97141,frame_097141.png,38.84,44.78,6.141,5.817,1.4826,1.4826,1104.73,350.01
97201,frame_097201.png,66.15,67.1,9.833,8.191,1.4826,1.4826,366.27,107.32
97261,frame_097261.png,42.51,51.62,6.97,6.656,1.4826,1.4826,671.9,127.56
97321,frame_097321.png,46.54,55.27,8.115,6.955,1.4826,1.4826,753.65,176.74
97381,frame_097381.png,43.29,51.51,7.116,6.72,1.4826,1.4826,706.62,158.11
97441,frame_097441.png,39.24,49.32,6.556,6.073,1.4826,1.4826,675.66,148.44
97501,frame_097501.png,31.59,36.92,5.075,4.795,2.9652,2.9652,922.96,250.81
97561,frame_097561.png,50.68,50.49,6.455,5.749,1.4826,1.4826,818.99,270.95
97621,frame_097621.png,72.33,70.78,8.469,6.958,1.4826,1.4826,368.53,218.79
97681,frame_097681.png,35.11,44.87,6.124,5.838,1.4826,1.4826,627.5,100.41
97741,frame_097741.png,38.2,44.7,6.193,5.669,1.4826,1.4826,720.28,168.07
97801,frame_097801.png,35.8,39.35,5.479,5.071,2.9652,1.4826,806.17,201.28
97861,frame_097861.png,33.19,39.65,5.752,5.681,2.9652,2.9652,868.53,254.43
97921,frame_097921.png,47.99,53.98,6.628,5.943,1.4826,1.4826,520.05,140.86
97981,frame_097981.png,27.52,34.83,4.974,5.095,2.9652,2.9652,791.26,186.23
98041,frame_098041.png,36.64,41.31,4.888,5.031,1.4826,1.4826,830.92,222.8
98101,frame_098101.png,52.75,64.23,10.296,8.75,1.4826,1.4826,896.24,285.09
98161,frame_098161.png,29.03,34.46,6.008,5.721,2.9652,2.9652,2389.84,957.87
98221,frame_098221.png,74.57,81.75,6.666,6.271,0.0,0.0,2248.81,1038.9
98281,frame_098281.png,32.95,36.15,4.718,4.379,4.4477,4.4477,1539.15,600.56
98341,frame_098341.png,35.34,37.11,8.032,6.041,5.9303,5.9303,1430.33,615.32
98401,frame_098401.png,91.37,109.99,21.839,26.244,0.0,0.0,374.2,12.72
98461,frame_098461.png,51.19,60.69,7.893,7.786,1.4826,1.4826,942.72,242.25
98521,frame_098521.png,35.37,46.99,6.109,6.014,1.4826,1.4826,939.37,249.68
98581,frame_098581.png,64.71,64.01,10.096,7.327,1.4826,1.4826,492.46,296.4
98641,frame_098641.png,37.31,44.21,5.06,5.374,1.4826,1.4826,884.11,253.31
98701,frame_098701.png,52.7,60.79,6.726,6.766,1.4826,1.4826,920.83,265.86
98761,frame_098761.png,54.55,62.32,8.177,7.138,1.4826,1.4826,953.23,295.94
98821,frame_098821.png,61.18,62.74,8.503,6.359,5.9303,5.9303,1730.02,827.43
98881,frame_098881.png,46.37,47.15,8.354,6.011,4.4477,4.4477,1229.06,609.81
98941,frame_098941.png,43.9,45.99,7.758,5.804,4.4477,4.4477,1006.87,473.55
99001,frame_099001.png,55.31,49.52,7.471,5.751,7.4129,7.4129,1628.8,803.7
99061,frame_099061.png,63.82,65.38,7.499,6.918,1.4826,1.4826,809.52,373.13
99121,frame_099121.png,27.08,29.16,6.901,5.243,5.9303,5.9303,1330.71,495.74
99181,frame_099181.png,107.98,109.0,11.2,7.293,5.9303,5.9303,2358.08,1356.8
99241,frame_099241.png,56.59,65.67,7.111,6.427,1.4826,1.4826,1679.38,714.77
99301,frame_099301.png,52.53,63.27,8.148,7.33,1.4826,1.4826,964.24,247.29
99361,frame_099361.png,38.64,43.69,5.229,5.205,1.4826,1.4826,1073.11,306.9
99421,frame_099421.png,35.63,40.04,5.191,4.911,2.9652,2.9652,1622.23,582.27
99481,frame_099481.png,33.61,38.66,4.894,5.332,2.9652,2.9652,1678.07,607.07
99541,frame_099541.png,51.98,58.96,6.047,5.475,1.4826,1.4826,1196.7,479.83
99601,frame_099601.png,36.49,42.95,5.307,5.205,2.9652,2.9652,1369.28,471.46
99661,frame_099661.png,41.58,49.94,5.241,5.909,1.4826,1.4826,2080.32,857.84
99721,frame_099721.png,47.25,55.47,4.846,5.354,1.4826,1.4826,2317.57,909.13
99781,frame_099781.png,47.14,57.87,6.71,6.649,1.4826,1.4826,1896.54,775.2
99841,frame_099841.png,50.8,65.99,7.559,7.875,1.4826,1.4826,2197.11,881.4
99901,frame_099901.png,69.41,78.98,6.288,5.445,0.0,0.0,1958.1,875.67
99961,frame_099961.png,69.03,81.43,6.141,6.397,0.0,0.0,2586.42,959.83
100021,frame_100021.png,62.86,73.88,5.555,6.215,0.0,0.0,2513.94,942.52
100081,frame_100081.png,96.33,106.4,20.997,23.164,0.0,0.0,227.26,16.89
100141,frame_100141.png,67.59,77.16,5.728,5.879,0.0,0.0,2007.86,896.98
100201,frame_100201.png,66.01,77.46,4.496,4.995,0.0,0.0,2621.96,995.46
100261,frame_100261.png,71.76,81.89,7.598,6.864,0.0,0.0,2163.37,955.79
100321,frame_100321.png,71.62,85.38,7.539,6.612,0.0,0.0,2687.7,1035.42
100381,frame_100381.png,68.53,80.65,6.014,6.033,0.0,0.0,2753.65,1041.7
100441,frame_100441.png,71.34,85.45,7.155,7.024,0.0,0.0,2463.48,1045.46
100501,frame_100501.png,72.43,86.46,7.103,6.836,0.0,0.0,2656.83,1043.64
100561,frame_100561.png,72.02,85.66,7.292,6.954,0.0,0.0,2691.26,1053.11
100621,frame_100621.png,72.91,87.59,7.07,7.149,0.0,0.0,2649.64,1051.46
100681,frame_100681.png,71.67,85.21,6.541,6.579,0.0,0.0,2672.22,1048.62
100741,frame_100741.png,72.12,85.15,5.955,5.886,0.0,0.0,2725.4,1046.28
100801,frame_100801.png,71.89,85.06,6.704,6.823,0.0,0.0,2740.1,1046.94
100861,frame_100861.png,72.37,85.98,6.095,6.329,0.0,0.0,2737.15,1044.03
100921,frame_100921.png,72.03,86.44,6.768,6.679,0.0,0.0,2709.54,1045.51
100981,frame_100981.png,72.43,86.62,6.201,6.407,0.0,0.0,2708.79,1039.6
101041,frame_101041.png,73.12,86.36,6.468,6.274,0.0,0.0,2691.38,1043.47
101101,frame_101101.png,71.76,84.1,6.558,6.451,0.0,0.0,2669.91,1040.01
101161,frame_101161.png,72.55,83.38,6.476,6.383,0.0,0.0,2631.35,1039.65
101221,frame_101221.png,73.05,85.02,6.776,7.05,0.0,0.0,2609.38,1019.18
101281,frame_101281.png,73.31,86.15,6.717,7.065,0.0,0.0,2585.62,1012.0
101341,frame_101341.png,69.57,80.63,6.053,6.42,0.0,0.0,2579.89,997.91
101401,frame_101401.png,69.77,81.23,6.017,6.048,0.0,0.0,2510.52,976.46
101461,frame_101461.png,70.33,80.87,5.891,6.407,0.0,0.0,2483.17,965.91
101521,frame_101521.png,69.62,80.36,5.861,5.585,0.0,0.0,2506.11,975.55
101581,frame_101581.png,68.48,78.77,5.658,5.84,0.0,0.0,2517.04,976.53
101641,frame_101641.png,69.43,79.84,5.775,6.29,0.0,0.0,2438.27,944.22
101701,frame_101701.png,68.61,78.39,5.754,6.268,0.0,0.0,2484.74,933.31
101761,frame_101761.png,67.13,76.43,5.547,5.807,0.0,0.0,2478.68,942.0
101821,frame_101821.png,66.78,75.97,10.017,5.561,0.0,0.0,2470.83,945.68
101881,frame_101881.png,66.65,75.6,5.796,6.019,0.0,0.0,2408.0,930.77
101941,frame_101941.png,65.83,76.05,5.201,4.952,0.0,0.0,2392.71,931.85
102001,frame_102001.png,65.25,77.64,4.589,4.38,0.0,0.0,2412.62,915.56
102061,frame_102061.png,61.26,71.46,5.017,4.673,0.0,0.0,2407.34,918.38
102121,frame_102121.png,63.9,74.91,5.602,4.923,0.0,0.0,2361.5,908.66
102181,frame_102181.png,64.81,74.87,5.751,5.104,0.0,0.0,2311.8,884.92
102241,frame_102241.png,60.78,68.85,5.066,4.625,0.0,0.0,2315.69,896.41
102301,frame_102301.png,58.82,66.72,5.019,4.447,0.0,0.0,2283.04,879.45
102361,frame_102361.png,54.83,63.26,4.814,4.292,0.0,0.0,1976.14,680.23
102421,frame_102421.png,57.34,63.06,5.165,4.75,1.4826,0.0,2188.36,856.69
102481,frame_102481.png,57.9,63.14,5.378,4.753,1.4826,1.4826,2028.1,852.89
102541,frame_102541.png,55.17,61.61,5.323,4.819,1.4826,1.4826,2035.25,818.25
102601,frame_102601.png,54.15,60.19,5.28,4.612,1.4826,1.4826,2012.75,808.72
102661,frame_102661.png,51.29,58.53,5.58,5.397,1.4826,1.4826,1947.8,798.98
102721,frame_102721.png,45.95,50.92,4.827,4.479,1.4826,1.4826,1987.22,798.8
102781,frame_102781.png,47.76,53.27,5.456,5.004,1.4826,1.4826,1923.24,779.1
102841,frame_102841.png,45.87,50.57,5.263,4.781,1.4826,1.4826,1886.67,772.49
102901,frame_102901.png,47.34,53.3,5.832,5.062,1.4826,1.4826,1905.25,770.16
102961,frame_102961.png,44.21,50.97,5.417,4.995,2.9652,1.4826,1865.49,732.02
103021,frame_103021.png,46.74,53.1,5.443,5.154,2.9652,1.4826,1744.46,723.22
103081,frame_103081.png,47.74,54.89,5.676,5.477,2.9652,1.4826,1802.17,718.67
103141,frame_103141.png,47.61,49.66,6.54,5.844,1.4826,1.4826,1532.23,675.07
103201,frame_103201.png,28.82,31.53,4.375,4.484,2.9652,2.9652,1679.12,638.32
103261,frame_103261.png,34.54,39.8,5.317,5.168,2.9652,2.9652,1773.46,660.8
103321,frame_103321.png,31.11,37.58,5.398,5.127,2.9652,2.9652,1199.39,395.97
103381,frame_103381.png,47.87,50.78,6.392,5.694,1.4826,1.4826,1535.29,622.27
103441,frame_103441.png,41.97,51.46,6.051,5.859,1.4826,1.4826,1620.75,688.39
103501,frame_103501.png,93.78,106.96,22.6,29.082,0.0,0.0,414.14,13.38
103561,frame_103561.png,40.09,48.13,5.971,6.583,1.4826,1.4826,1411.85,488.12
103621,frame_103621.png,68.64,74.25,11.607,8.232,0.0,0.0,1063.67,352.3
103681,frame_103681.png,35.43,39.57,5.64,5.516,2.9652,2.9652,1558.82,612.59
103741,frame_103741.png,38.24,42.72,5.846,5.875,2.9652,2.9652,1291.61,501.43
103801,frame_103801.png,37.6,43.42,5.178,4.61,2.9652,2.9652,1356.83,548.73
103861,frame_103861.png,26.03,27.5,4.193,4.329,2.9652,2.9652,1749.23,694.35
103921,frame_103921.png,54.69,56.65,7.34,6.053,1.4826,1.4826,1078.01,563.37
103981,frame_103981.png,33.31,35.88,5.073,4.67,2.9652,1.4826,1615.12,596.33
104041,frame_104041.png,43.76,41.85,5.829,5.01,2.9652,2.9652,989.42,513.89
104101,frame_104101.png,38.66,41.37,5.583,5.258,2.9652,2.9652,1302.67,525.33
104161,frame_104161.png,28.92,31.73,5.149,4.548,4.4477,4.4477,1281.6,483.67
104221,frame_104221.png,51.88,51.98,7.03,6.393,2.9652,2.9652,1010.32,502.84
104281,frame_104281.png,50.25,47.69,7.181,6.036,2.9652,2.9652,803.38,458.23
104341,frame_104341.png,33.14,36.74,5.569,4.746,2.9652,2.9652,1174.77,402.8
104401,frame_104401.png,61.26,57.42,7.265,6.249,2.9652,2.9652,513.42,257.61
104461,frame_104461.png,50.3,46.0,6.82,6.056,4.4477,4.4477,1411.7,793.2
104521,frame_104521.png,98.49,104.86,23.865,29.115,0.0,0.0,344.47,15.37
104581,frame_104581.png,51.25,52.66,6.488,5.821,2.9652,2.9652,1474.15,797.3
104641,frame_104641.png,52.76,49.99,6.367,6.102,2.9652,2.9652,910.01,492.34
104701,frame_104701.png,59.33,61.49,7.708,7.232,1.4826,1.4826,923.95,465.71
104761,frame_104761.png,49.62,46.44,5.82,4.881,1.4826,1.4826,925.48,480.99
104821,frame_104821.png,35.54,37.99,5.582,5.103,2.9652,2.9652,1360.77,464.02
104881,frame_104881.png,25.24,28.45,4.326,4.334,2.9652,2.9652,1349.16,480.32
104941,frame_104941.png,88.94,95.79,11.36,10.804,0.0,0.0,241.06,15.29
105001,frame_105001.png,35.39,39.67,5.846,4.793,2.9652,2.9652,1241.58,436.44
105061,frame_105061.png,31.64,34.05,4.783,4.402,2.9652,2.9652,1257.74,481.93
105121,frame_105121.png,34.88,40.69,5.943,5.616,2.9652,2.9652,1369.16,489.61
105181,frame_105181.png,52.1,51.07,7.095,6.341,1.4826,1.4826,1011.37,499.99
105241,frame_105241.png,26.52,28.15,4.954,4.443,4.4477,4.4477,1373.9,492.7
105301,frame_105301.png,49.74,47.65,6.48,5.187,2.9652,1.4826,891.56,548.34
105361,frame_105361.png,29.92,34.5,4.831,4.888,2.9652,2.9652,1324.04,457.48
105421,frame_105421.png,66.34,79.64,8.147,6.982,0.0,0.0,592.49,95.4
105481,frame_105481.png,35.87,39.19,5.402,4.803,2.9652,2.9652,1232.62,425.94
105541,frame_105541.png,38.62,36.89,5.539,4.748,2.9652,2.9652,1063.42,477.79
105601,frame_105601.png,32.22,35.39,5.217,4.836,2.9652,2.9652,1441.92,481.65
105661,frame_105661.png,37.97,44.16,5.911,5.605,2.9652,2.9652,1004.12,310.24
105721,frame_105721.png,32.03,35.73,4.892,4.777,2.9652,2.9652,1103.9,337.18
105781,frame_105781.png,28.67,30.14,4.106,3.929,4.4477,4.4477,1469.11,541.58
105841,frame_105841.png,36.83,38.44,5.826,5.067,2.9652,2.9652,1263.82,409.83
105901,frame_105901.png,39.88,39.86,6.095,5.114,2.9652,2.9652,1157.15,449.04
105961,frame_105961.png,39.08,40.71,5.551,4.82,2.9652,2.9652,1147.89,468.74
106021,frame_106021.png,35.45,37.36,4.693,4.384,2.9652,2.9652,1316.39,514.8
106081,frame_106081.png,44.51,47.2,5.596,5.259,1.4826,1.4826,1089.34,455.15
106141,frame_106141.png,62.73,62.72,9.02,6.512,0.0,1.4826,664.08,378.05
106201,frame_106201.png,41.78,42.77,5.961,5.763,2.9652,2.9652,1295.48,500.7
106261,frame_106261.png,30.76,33.0,4.599,4.396,2.9652,2.9652,1384.24,494.19
106321,frame_106321.png,47.73,44.52,5.74,5.119,2.9652,2.9652,991.23,509.11
106381,frame_106381.png,42.45,43.0,5.507,4.819,2.9652,1.4826,928.39,410.15
106441,frame_106441.png,66.68,71.03,7.579,6.852,1.4826,1.4826,853.44,482.71
106501,frame_106501.png,41.34,48.79,6.539,6.896,2.9652,2.9652,1345.32,519.98
106561,frame_106561.png,58.14,56.99,7.399,6.089,1.4826,1.4826,1020.51,526.73
106621,frame_106621.png,31.13,36.4,4.97,4.916,2.9652,2.9652,1341.64,439.03
106681,frame_106681.png,39.65,45.95,6.056,5.809,1.4826,1.4826,1097.79,346.19
106741,frame_106741.png,41.09,47.35,5.515,5.196,1.4826,1.4826,1124.05,340.69
106801,frame_106801.png,36.77,42.88,5.431,5.113,2.9652,1.4826,1416.63,495.45
106861,frame_106861.png,39.95,46.2,6.27,5.492,1.4826,1.4826,1323.39,472.61
106921,frame_106921.png,83.04,91.39,16.056,10.401,0.0,0.0,280.66,112.54
106981,frame_106981.png,43.81,55.4,10.293,8.676,2.9652,2.9652,1135.49,462.37
107041,frame_107041.png,55.52,54.75,5.815,5.113,1.4826,1.4826,1783.46,810.29
107101,frame_107101.png,51.05,51.3,12.973,8.037,2.9652,2.9652,945.22,391.42
107161,frame_107161.png,30.91,34.79,4.799,4.943,2.9652,2.9652,1242.58,396.41
107221,frame_107221.png,57.03,62.11,7.264,6.639,1.4826,1.4826,883.52,352.63
107281,frame_107281.png,27.18,32.75,4.334,4.281,2.9652,2.9652,1026.15,313.19
107341,frame_107341.png,28.83,34.71,4.399,4.452,4.4477,4.4477,1006.46,328.03
107401,frame_107401.png,23.88,29.09,3.694,4.055,4.4477,4.4477,935.03,328.07
107461,frame_107461.png,29.02,37.06,5.032,5.112,2.9652,2.9652,878.47,293.04
107521,frame_107521.png,69.34,62.2,7.589,6.046,1.4826,1.4826,199.14,130.75
107581,frame_107581.png,52.1,46.65,6.38,5.805,1.4826,1.4826,638.04,370.08
107641,frame_107641.png,87.75,108.71,23.638,29.483,0.0,0.0,486.05,10.08
107701,frame_107701.png,34.0,36.49,4.857,4.403,4.4477,4.4477,1001.47,311.05
107761,frame_107761.png,36.96,39.16,5.7,4.975,2.9652,2.9652,990.66,312.89
107821,frame_107821.png,21.36,29.45,4.28,4.357,2.9652,2.9652,558.95,69.63
107881,frame_107881.png,35.3,37.33,5.597,5.193,2.9652,2.9652,814.56,268.81
107941,frame_107941.png,33.01,37.78,5.466,4.754,2.9652,2.9652,904.56,269.55
108001,frame_108001.png,85.17,91.29,10.795,8.221,0.0,0.0,204.64,23.07
108061,frame_108061.png,54.28,57.04,6.756,6.148,1.4826,1.4826,750.81,383.42
108121,frame_108121.png,44.25,43.11,5.987,5.398,2.9652,2.9652,777.78,369.2
108181,frame_108181.png,28.4,30.85,4.573,4.202,4.4477,4.4477,1042.86,351.62
108241,frame_108241.png,24.63,30.03,5.11,4.988,2.9652,2.9652,916.63,269.18
108301,frame_108301.png,29.27,32.08,5.022,4.62,4.4477,2.9652,1045.11,414.05
108361,frame_108361.png,59.12,55.68,6.993,6.327,1.4826,1.4826,635.35,407.09
108421,frame_108421.png,31.43,34.65,5.63,5.212,4.4477,4.4477,1085.88,412.74
108481,frame_108481.png,37.87,38.89,5.741,5.546,2.9652,2.9652,963.12,357.61
108541,frame_108541.png,31.7,33.87,5.456,4.976,2.9652,2.9652,894.88,284.54
108601,frame_108601.png,41.67,42.07,6.077,5.337,2.9652,1.4826,675.37,204.11
108661,frame_108661.png,86.13,92.08,12.975,11.892,0.0,0.0,230.27,17.16
108721,frame_108721.png,41.74,42.87,5.604,5.487,2.9652,2.9652,1137.59,405.84
108781,frame_108781.png,36.77,36.79,4.821,4.574,2.9652,2.9652,1181.68,414.89
108841,frame_108841.png,44.02,49.45,6.519,6.101,2.9652,2.9652,1050.27,358.52
108901,frame_108901.png,39.45,43.51,5.582,5.781,2.9652,2.9652,1038.7,406.97
108961,frame_108961.png,50.68,48.62,6.198,5.449,2.9652,2.9652,838.16,472.11
109021,frame_109021.png,35.92,40.34,5.575,5.276,2.9652,2.9652,1138.38,402.44
109081,frame_109081.png,34.54,40.05,5.341,5.01,2.9652,2.9652,1536.62,569.16
109141,frame_109141.png,38.27,40.26,5.49,4.881,2.9652,2.9652,1132.13,389.78
109201,frame_109201.png,35.11,37.18,4.848,4.908,2.9652,2.9652,1275.33,433.51
109261,frame_109261.png,31.99,34.4,4.078,4.272,2.9652,2.9652,1238.12,393.88
109321,frame_109321.png,35.61,37.15,4.929,4.696,1.4826,1.4826,1269.92,453.63
109381,frame_109381.png,54.72,52.11,7.048,5.893,1.4826,1.4826,957.18,526.09
109441,frame_109441.png,59.71,59.04,7.323,5.818,1.4826,1.4826,867.26,450.73
109501,frame_109501.png,40.87,46.96,4.728,4.969,1.4826,1.4826,1232.52,405.11
109561,frame_109561.png,80.94,81.65,11.905,9.794,0.0,0.0,299.12,6.49
109621,frame_109621.png,45.04,49.68,5.782,5.529,2.9652,2.9652,1518.76,663.46
109681,frame_109681.png,37.38,36.63,5.85,4.958,2.9652,2.9652,898.97,388.22
109741,frame_109741.png,32.36,34.45,5.079,4.6,2.9652,2.9652,1088.39,349.16
109801,frame_109801.png,46.76,50.36,7.3,6.714,1.4826,1.4826,976.72,345.45
109861,frame_109861.png,60.09,62.54,7.7,5.726,1.4826,1.4826,741.17,308.94
109921,frame_109921.png,34.11,41.85,4.956,4.903,2.9652,2.9652,1078.96,328.41
109981,frame_109981.png,39.47,44.98,5.734,5.32,2.9652,2.9652,1343.02,549.48
110041,frame_110041.png,40.32,37.9,5.914,5.058,2.9652,2.9652,962.18,413.68
110101,frame_110101.png,27.4,29.16,4.393,4.432,4.4477,2.9652,1350.41,454.41
110161,frame_110161.png,40.74,39.54,5.789,5.295,2.9652,2.9652,1178.77,506.11
110221,frame_110221.png,44.6,45.08,5.808,5.12,1.4826,1.4826,1219.63,478.57
110281,frame_110281.png,31.64,33.11,4.276,3.982,2.9652,2.9652,1478.87,528.79
110341,frame_110341.png,36.62,41.88,4.833,4.678,2.9652,2.9652,1479.29,528.69
110401,frame_110401.png,37.06,39.12,6.003,5.484,2.9652,2.9652,1323.13,500.45
110461,frame_110461.png,32.74,35.4,5.225,4.82,2.9652,1.4826,1481.0,527.91
110521,frame_110521.png,37.6,43.47,5.822,5.833,2.9652,2.9652,1272.97,504.93
110581,frame_110581.png,40.84,44.46,6.524,5.597,2.9652,2.9652,1181.21,397.99
110641,frame_110641.png,51.35,48.37,7.05,5.802,1.4826,1.4826,666.41,390.27
110701,frame_110701.png,67.7,65.29,8.184,6.75,1.4826,1.4826,606.36,415.77
110761,frame_110761.png,33.77,40.57,5.469,5.491,2.9652,2.9652,1033.07,335.19
110821,frame_110821.png,31.55,42.7,8.248,7.017,1.4826,1.4826,619.96,99.25
110881,frame_110881.png,36.01,49.16,10.622,8.407,1.4826,1.4826,650.63,111.81
110941,frame_110941.png,43.43,58.32,9.423,7.759,1.4826,1.4826,627.13,93.36
111001,frame_111001.png,62.03,64.34,8.467,6.777,1.4826,1.4826,451.08,94.63
111061,frame_111061.png,42.35,47.03,5.804,5.338,1.4826,1.4826,2184.97,961.99
111121,frame_111121.png,44.84,58.47,7.814,6.701,1.4826,1.4826,630.12,96.85
111181,frame_111181.png,36.33,48.89,10.356,8.111,1.4826,1.4826,642.21,99.56
111241,frame_111241.png,62.72,65.49,9.299,7.411,1.4826,1.4826,797.54,327.4
111301,frame_111301.png,44.95,55.43,7.195,6.616,1.4826,1.4826,1190.71,387.69
111361,frame_111361.png,52.53,51.21,6.753,5.809,1.4826,1.4826,1003.3,498.96
111421,frame_111421.png,27.85,30.78,4.589,4.204,2.9652,2.9652,1446.68,477.44
111481,frame_111481.png,30.13,35.35,5.451,4.583,2.9652,2.9652,1449.78,554.22
111541,frame_111541.png,22.64,25.1,3.983,3.781,4.4477,4.4477,1331.31,502.92
111601,frame_111601.png,47.09,44.75,6.322,5.56,2.9652,1.4826,736.63,385.24
111661,frame_111661.png,49.78,48.13,6.496,5.659,2.9652,2.9652,803.14,452.31
111721,frame_111721.png,36.91,37.33,5.429,4.973,2.9652,2.9652,1105.95,360.32
111781,frame_111781.png,41.62,42.49,5.715,5.267,2.9652,2.9652,1019.81,381.91
111841,frame_111841.png,54.9,48.42,6.989,5.898,1.4826,1.4826,504.86,214.63
111901,frame_111901.png,28.05,34.94,4.899,4.602,2.9652,2.9652,864.76,256.42
111961,frame_111961.png,31.16,32.63,4.287,4.187,2.9652,2.9652,1219.3,473.53
112021,frame_112021.png,65.64,59.35,7.244,6.818,1.4826,1.4826,523.92,168.22
112081,frame_112081.png,57.26,60.34,6.431,5.288,1.4826,1.4826,1233.28,643.97
112141,frame_112141.png,60.27,63.61,6.711,6.058,1.4826,1.4826,552.06,203.04
112201,frame_112201.png,29.96,32.12,4.271,4.461,4.4477,2.9652,1700.22,686.75
112261,frame_112261.png,32.19,34.28,4.495,4.517,2.9652,2.9652,1725.95,666.28
112321,frame_112321.png,29.47,31.71,4.672,4.525,2.9652,2.9652,1505.07,538.79
112381,frame_112381.png,34.62,40.44,5.018,4.95,2.9652,2.9652,1668.92,627.49
112441,frame_112441.png,34.61,40.29,5.61,5.158,2.9652,2.9652,1651.82,652.41
112501,frame_112501.png,24.81,27.03,4.59,4.244,4.4477,4.4477,1578.07,664.75
112561,frame_112561.png,29.54,32.68,4.849,4.419,4.4477,2.9652,1518.06,649.93
112621,frame_112621.png,35.8,39.25,5.52,5.055,2.9652,2.9652,1486.28,639.36
112681,frame_112681.png,45.05,44.07,6.071,5.312,2.9652,2.9652,1096.23,540.38
112741,frame_112741.png,52.63,59.49,5.165,5.039,1.4826,1.4826,2028.63,773.96
112801,frame_112801.png,53.58,59.11,4.871,4.912,1.4826,1.4826,1895.19,736.93
112861,frame_112861.png,55.97,57.57,5.2,4.75,1.4826,1.4826,1569.95,726.56
112921,frame_112921.png,45.92,49.55,4.456,4.205,1.4826,1.4826,1966.38,701.24
112981,frame_112981.png,43.51,47.15,4.425,4.18,1.4826,1.4826,1932.4,691.06
113041,frame_113041.png,40.44,44.82,5.508,5.355,2.9652,2.9652,1587.77,559.65
113101,frame_113101.png,48.41,49.93,6.469,5.94,1.4826,1.4826,916.67,373.4
113161,frame_113161.png,29.65,32.68,4.706,4.719,2.9652,2.9652,1243.58,398.03
113221,frame_113221.png,36.56,37.85,5.656,5.226,2.9652,2.9652,1067.73,350.0
113281,frame_113281.png,37.25,42.04,5.909,5.718,2.9652,2.9652,1002.74,326.43
113341,frame_113341.png,49.27,48.55,6.93,6.185,1.4826,1.4826,741.89,303.57
113401,frame_113401.png,30.95,36.13,5.274,4.709,2.9652,2.9652,1062.13,351.04
113461,frame_113461.png,87.05,86.25,16.026,11.726,0.0,0.0,449.69,25.52
113521,frame_113521.png,58.88,60.28,7.263,6.83,1.4826,1.4826,912.87,492.1
113581,frame_113581.png,37.02,43.05,5.489,5.297,2.9652,2.9652,1350.78,496.06
113641,frame_113641.png,31.4,35.38,5.588,5.206,2.9652,2.9652,958.29,257.69
113701,frame_113701.png,50.74,48.96,7.503,6.112,1.4826,1.4826,696.07,349.4
113761,frame_113761.png,27.75,36.21,5.573,5.558,2.9652,2.9652,858.53,215.33
113821,frame_113821.png,27.53,36.33,5.379,5.365,2.9652,2.9652,793.58,191.84
113881,frame_113881.png,42.77,46.48,6.79,5.748,1.4826,1.4826,810.92,247.74
113941,frame_113941.png,31.72,37.63,5.63,5.155,2.9652,2.9652,902.88,233.07
114001,frame_114001.png,92.29,105.02,21.999,29.142,0.0,0.0,480.2,17.62
114061,frame_114061.png,23.05,34.22,6.244,5.604,2.9652,2.9652,804.06,194.61
114121,frame_114121.png,37.85,47.51,5.973,5.738,1.4826,1.4826,741.98,158.46
114181,frame_114181.png,50.65,62.83,8.266,6.759,1.4826,1.4826,441.28,46.07
114241,frame_114241.png,55.37,54.37,7.065,6.524,1.4826,1.4826,521.44,211.48
114301,frame_114301.png,28.94,38.92,5.639,5.017,2.9652,2.9652,793.82,182.52
114361,frame_114361.png,66.55,71.7,8.185,7.694,0.0,0.0,1706.82,712.68
114421,frame_114421.png,43.43,43.29,6.705,6.379,1.4826,1.4826,1475.3,640.45
114481,frame_114481.png,53.18,52.19,7.525,7.292,1.4826,1.4826,1405.93,554.58
114541,frame_114541.png,36.51,38.79,6.001,6.164,1.4826,1.4826,1860.7,800.55
114601,frame_114601.png,57.87,61.97,7.602,8.266,1.4826,1.4826,1497.95,660.76
114661,frame_114661.png,55.33,67.04,8.06,7.887,1.4826,1.4826,721.34,211.21
114721,frame_114721.png,54.98,68.38,9.016,9.353,1.4826,1.4826,1993.8,835.72
114781,frame_114781.png,53.1,68.78,9.171,9.662,1.4826,1.4826,1530.69,558.33
114841,frame_114841.png,50.04,62.56,8.423,8.519,1.4826,1.4826,1228.65,448.23
114901,frame_114901.png,47.74,52.51,7.775,6.998,1.4826,1.4826,1122.53,397.41
114961,frame_114961.png,42.83,48.57,8.312,7.378,1.4826,1.4826,1052.71,360.95
115021,frame_115021.png,41.78,44.99,8.078,7.294,1.4826,1.4826,1262.39,555.99
115081,frame_115081.png,50.18,53.15,8.454,7.613,1.4826,1.4826,1333.46,681.13
115141,frame_115141.png,39.73,37.93,6.421,5.906,1.4826,1.4826,1469.4,759.32
115201,frame_115201.png,44.22,43.11,6.484,5.852,1.4826,1.4826,1446.97,743.71
115261,frame_115261.png,37.23,39.24,6.195,6.112,1.4826,1.4826,1411.0,710.73
115321,frame_115321.png,39.93,42.66,6.771,6.705,1.4826,1.4826,1428.23,722.31
115381,frame_115381.png,42.49,43.68,6.549,6.845,1.4826,1.4826,1508.55,759.96
115441,frame_115441.png,47.63,49.65,6.939,6.761,1.4826,1.4826,1563.71,788.36
115501,frame_115501.png,43.46,44.09,6.8,6.509,1.4826,1.4826,1658.07,829.5
115561,frame_115561.png,50.64,56.26,7.422,6.554,1.4826,1.4826,1498.92,732.02
115621,frame_115621.png,47.49,49.21,5.92,6.417,1.4826,1.4826,1843.2,932.47
115681,frame_115681.png,41.36,45.62,5.948,5.986,1.4826,1.4826,1821.47,861.85
115741,frame_115741.png,42.5,45.76,5.722,6.255,1.4826,1.4826,1754.87,867.06
115801,frame_115801.png,44.81,46.57,5.914,6.238,1.4826,1.4826,1714.36,853.22
115861,frame_115861.png,46.33,47.75,6.122,6.35,1.4826,1.4826,1673.95,842.48
115921,frame_115921.png,48.94,49.0,6.039,6.321,1.4826,1.4826,1652.89,852.15
115981,frame_115981.png,53.57,56.4,6.627,6.211,1.4826,1.4826,1572.54,819.87
116041,frame_116041.png,44.69,44.94,5.711,5.734,1.4826,1.4826,1615.86,863.64
116101,frame_116101.png,52.14,53.46,6.489,6.237,1.4826,1.4826,1553.04,810.51
116161,frame_116161.png,31.65,28.61,5.448,5.041,2.9652,2.9652,1558.63,821.6
116221,frame_116221.png,27.55,28.12,5.828,5.666,2.9652,2.9652,1177.54,436.19
116281,frame_116281.png,26.51,28.83,5.776,5.835,2.9652,2.9652,1212.67,452.44
116341,frame_116341.png,66.31,72.6,9.661,9.439,1.4826,1.4826,965.71,373.8
116401,frame_116401.png,57.99,73.53,8.919,9.098,1.4826,1.4826,1115.07,409.87
116461,frame_116461.png,60.01,70.21,8.907,8.842,1.4826,1.4826,1118.72,440.55
116521,frame_116521.png,50.92,59.43,7.672,7.726,1.4826,1.4826,940.32,347.1
116581,frame_116581.png,37.94,49.31,6.105,5.963,2.9652,2.9652,1633.75,648.06
116641,frame_116641.png,49.19,49.07,6.431,5.79,2.9652,2.9652,1172.7,549.18
116701,frame_116701.png,43.84,50.84,5.414,5.058,2.9652,2.9652,1671.76,686.12
116761,frame_116761.png,43.25,46.75,5.505,5.025,2.9652,2.9652,1318.67,640.63
116821,frame_116821.png,46.04,52.7,5.537,5.482,2.9652,2.9652,1667.95,701.99
116881,frame_116881.png,32.6,43.8,5.798,6.276,1.4826,1.4826,1422.32,481.16
116941,frame_116941.png,28.68,41.2,6.429,5.933,2.9652,1.4826,1388.32,472.95
117001,frame_117001.png,36.47,45.66,5.476,5.381,2.9652,2.9652,1720.94,631.43
117061,frame_117061.png,48.12,55.93,6.61,6.823,1.4826,1.4826,1822.97,710.14
117121,frame_117121.png,32.97,43.27,5.446,5.474,1.4826,1.4826,1144.75,346.39
117181,frame_117181.png,28.07,37.96,5.573,5.615,2.9652,2.9652,1160.0,352.7
117241,frame_117241.png,50.62,58.63,8.295,6.63,1.4826,1.4826,850.89,197.43
117301,frame_117301.png,31.62,41.6,5.699,5.614,2.9652,1.4826,1104.82,344.79
117361,frame_117361.png,52.26,63.25,9.7,7.458,1.4826,1.4826,843.47,207.05
117421,frame_117421.png,58.18,60.25,7.494,6.443,1.4826,1.4826,795.02,351.27
117481,frame_117481.png,65.84,80.77,12.056,9.252,0.0,0.0,1340.18,422.57
117541,frame_117541.png,51.79,54.76,6.567,6.81,1.4826,1.4826,1060.05,460.86
117601,frame_117601.png,52.62,55.8,6.23,6.145,1.4826,1.4826,1556.76,640.23
117661,frame_117661.png,44.47,50.71,5.936,5.674,2.9652,1.4826,1789.78,770.31
117721,frame_117721.png,41.31,49.01,5.291,5.346,2.9652,1.4826,1708.05,602.81
117781,frame_117781.png,33.72,43.19,5.31,5.59,2.9652,2.9652,1750.1,582.59
117841,frame_117841.png,51.6,60.89,6.397,6.859,1.4826,1.4826,1701.49,663.57
117901,frame_117901.png,44.93,54.57,5.56,5.764,1.4826,1.4826,1784.66,687.13
117961,frame_117961.png,51.17,59.65,6.355,6.486,1.4826,1.4826,1740.87,661.0
118021,frame_118021.png,42.8,51.87,5.457,5.764,1.4826,1.4826,1953.51,693.94
118081,frame_118081.png,44.76,52.49,5.229,5.314,1.4826,1.4826,1737.0,725.87
118141,frame_118141.png,36.18,47.7,5.638,6.071,2.9652,2.9652,2168.86,871.04
118201,frame_118201.png,37.63,49.07,5.81,6.15,2.9652,1.4826,2152.91,850.91
118261,frame_118261.png,40.06,51.07,5.681,6.208,2.9652,1.4826,2144.33,847.64
118321,frame_118321.png,42.94,53.3,5.969,6.406,1.4826,1.4826,2119.35,797.35
118381,frame_118381.png,39.27,50.91,5.422,6.191,2.9652,1.4826,2202.41,872.02
118441,frame_118441.png,46.3,57.04,5.94,6.228,1.4826,1.4826,2168.96,871.57
118501,frame_118501.png,48.65,59.06,6.575,7.34,1.4826,1.4826,2119.52,865.79
118561,frame_118561.png,38.11,48.5,5.868,6.121,2.9652,1.4826,1967.81,865.37
118621,frame_118621.png,35.1,38.12,5.796,5.716,2.9652,2.9652,809.36,300.22
118681,frame_118681.png,16.53,14.08,4.903,5.177,7.4129,7.4129,1230.29,404.53
118741,frame_118741.png,57.85,59.38,7.406,6.145,4.4477,4.4477,1089.16,549.74
118801,frame_118801.png,51.46,56.48,6.058,5.981,2.9652,2.9652,995.17,448.37
118861,frame_118861.png,46.03,53.21,6.147,5.862,2.9652,2.9652,1134.86,469.15
118921,frame_118921.png,41.54,48.15,6.318,6.048,2.9652,2.9652,1144.61,462.84
118981,frame_118981.png,15.18,11.71,4.908,5.297,7.4129,7.4129,1446.74,504.83
119041,frame_119041.png,14.76,16.13,5.359,5.897,5.9303,5.9303,1519.03,563.9
119101,frame_119101.png,15.62,15.65,5.109,5.322,7.4129,5.9303,1494.0,552.57
119161,frame_119161.png,15.55,16.86,5.123,5.421,5.9303,5.9303,1557.71,603.11
119221,frame_119221.png,17.02,13.36,4.859,5.041,7.4129,5.9303,1556.64,620.53
119281,frame_119281.png,27.89,39.59,5.914,6.32,4.4477,4.4477,1393.93,507.46
119341,frame_119341.png,51.3,56.23,7.281,6.613,2.9652,2.9652,1136.94,487.15
119401,frame_119401.png,48.05,55.67,7.529,6.467,2.9652,2.9652,1173.79,497.79
119461,frame_119461.png,19.57,17.91,5.934,5.559,5.9303,5.9303,1556.63,579.2
119521,frame_119521.png,20.51,24.6,5.279,5.653,5.9303,4.4477,1422.59,516.76
119581,frame_119581.png,40.09,42.33,6.04,5.262,4.4477,4.4477,980.47,484.38
119641,frame_119641.png,33.1,38.21,6.487,5.962,4.4477,2.9652,1182.72,443.06
119701,frame_119701.png,48.02,55.25,7.645,7.957,2.9652,1.4826,1367.28,501.21
119761,frame_119761.png,32.12,40.86,5.851,6.508,2.9652,2.9652,1563.11,561.2
119821,frame_119821.png,33.31,41.7,5.533,6.093,2.9652,2.9652,1738.86,592.45
119881,frame_119881.png,41.08,46.24,5.902,5.503,2.9652,2.9652,1435.95,520.12
119941,frame_119941.png,33.63,43.54,5.837,6.232,1.4826,1.4826,1500.61,552.15
120001,frame_120001.png,91.42,109.83,15.208,16.639,0.0,0.0,389.5,5.95
120061,frame_120061.png,34.66,45.84,6.896,7.106,1.4826,1.4826,1419.63,494.06
120121,frame_120121.png,35.31,42.12,5.891,6.227,1.4826,1.4826,1473.55,521.13
120181,frame_120181.png,29.89,39.09,5.966,6.278,2.9652,2.9652,1481.04,449.7
120241,frame_120241.png,38.34,44.09,6.128,6.269,2.9652,2.9652,1433.64,561.49
120301,frame_120301.png,47.45,52.23,6.453,6.601,1.4826,1.4826,1071.72,343.57
120361,frame_120361.png,50.09,56.02,7.213,7.31,1.4826,1.4826,1096.66,325.57
120421,frame_120421.png,41.84,48.38,6.355,6.262,1.4826,1.4826,1033.86,321.85
120481,frame_120481.png,48.83,50.48,6.592,5.496,1.4826,1.4826,601.62,291.95
120541,frame_120541.png,48.54,54.38,8.252,7.266,1.4826,1.4826,644.24,113.14
120601,frame_120601.png,48.09,54.61,7.235,6.85,1.4826,1.4826,714.55,154.16
120661,frame_120661.png,40.61,52.69,7.352,6.973,1.4826,1.4826,733.64,168.26
120721,frame_120721.png,41.83,48.78,7.421,6.758,1.4826,1.4826,686.0,142.18
120781,frame_120781.png,55.96,53.5,7.425,6.428,1.4826,1.4826,623.55,304.59
120841,frame_120841.png,41.17,44.7,5.549,5.596,1.4826,1.4826,892.73,225.8
120901,frame_120901.png,31.86,36.25,5.043,4.925,2.9652,2.9652,821.98,236.71
120961,frame_120961.png,71.48,77.77,11.169,8.597,0.0,0.0,483.62,98.81
121021,frame_121021.png,45.01,48.25,5.985,5.663,1.4826,1.4826,654.79,198.12
121081,frame_121081.png,34.02,39.2,5.612,5.379,2.9652,1.4826,754.18,174.94
121141,frame_121141.png,61.17,59.51,7.459,5.974,1.4826,1.4826,452.15,224.32
121201,frame_121201.png,63.41,57.37,6.7,6.09,1.4826,1.4826,259.56,103.64
121261,frame_121261.png,46.4,54.35,7.009,6.823,1.4826,1.4826,747.44,173.72
121321,frame_121321.png,29.69,35.64,5.208,5.433,2.9652,2.9652,803.56,193.01
121381,frame_121381.png,41.91,50.84,5.812,5.531,1.4826,1.4826,904.23,254.7
121441,frame_121441.png,40.85,50.12,6.422,6.193,1.4826,1.4826,997.56,293.52
121501,frame_121501.png,33.3,35.96,5.991,6.04,2.9652,1.4826,2341.04,1012.51
121561,frame_121561.png,35.01,39.05,5.683,4.961,2.9652,2.9652,1359.81,496.89
121621,frame_121621.png,34.95,37.86,4.99,4.816,2.9652,2.9652,1520.22,646.43
121681,frame_121681.png,45.05,52.89,7.176,7.369,1.4826,1.4826,1156.67,371.09
121741,frame_121741.png,45.89,54.87,7.764,7.674,1.4826,1.4826,940.08,259.46
121801,frame_121801.png,40.29,51.74,6.647,6.787,1.4826,1.4826,962.02,250.51
121861,frame_121861.png,36.95,45.03,6.125,5.998,1.4826,1.4826,925.75,244.81
121921,frame_121921.png,29.5,42.76,5.263,5.236,2.9652,2.9652,871.62,246.56
121981,frame_121981.png,32.5,39.28,4.642,4.687,2.9652,1.4826,899.69,258.35
122041,frame_122041.png,59.24,68.21,9.946,8.86,1.4826,1.4826,908.06,251.6
122101,frame_122101.png,59.96,70.12,10.426,9.354,1.4826,1.4826,922.32,286.39
122161,frame_122161.png,64.71,70.88,10.355,6.617,2.9652,2.9652,1334.92,649.24
122221,frame_122221.png,55.47,59.72,9.294,6.771,2.9652,2.9652,994.46,468.63
122281,frame_122281.png,44.52,38.52,6.917,5.105,7.4129,7.4129,1420.85,707.34
122341,frame_122341.png,68.63,68.33,8.42,5.978,4.4477,4.4477,1230.83,641.11
122401,frame_122401.png,43.51,49.41,7.025,5.716,2.9652,2.9652,1046.84,414.82
122461,frame_122461.png,30.34,40.35,6.114,5.05,4.4477,4.4477,1286.22,463.1
122521,frame_122521.png,64.15,57.09,5.865,5.726,19.2735,17.791,2921.54,1839.46
122581,frame_122581.png,34.18,37.14,5.639,5.391,2.9652,2.9652,1884.12,789.99
122641,frame_122641.png,95.7,106.82,22.058,29.292,0.0,0.0,507.26,2.59
122701,frame_122701.png,47.64,48.32,6.417,5.56,1.4826,1.4826,1023.53,413.75
122761,frame_122761.png,35.58,40.09,5.134,5.061,2.9652,2.9652,1597.45,573.76
122821,frame_122821.png,53.04,52.09,6.009,5.226,1.4826,1.4826,989.17,451.93
122881,frame_122881.png,43.15,52.24,7.1,5.957,1.4826,1.4826,1240.92,407.29
122941,frame_122941.png,38.96,43.35,5.147,5.253,2.9652,1.4826,1376.29,475.9
123001,frame_123001.png,46.86,56.12,5.807,5.99,1.4826,1.4826,2067.39,855.4
123061,frame_123061.png,51.28,60.5,7.318,6.403,1.4826,1.4826,1613.55,687.91
123121,frame_123121.png,60.0,71.52,7.976,8.109,1.4826,1.4826,1898.41,845.74
123181,frame_123181.png,46.83,61.06,7.312,7.467,1.4826,1.4826,2189.57,862.66
123241,frame_123241.png,69.65,80.37,5.55,6.674,0.0,0.0,2465.47,930.36
123301,frame_123301.png,68.83,80.59,5.564,7.028,0.0,0.0,2499.55,944.39
123361,frame_123361.png,64.31,73.91,5.243,5.788,0.0,0.0,2482.58,959.63
123421,frame_123421.png,43.44,46.16,5.476,5.211,1.4826,1.4826,1477.16,683.03
123481,frame_123481.png,65.89,77.8,5.245,5.478,0.0,0.0,2640.22,1024.72
123541,frame_123541.png,68.73,80.9,4.879,5.558,0.0,0.0,2619.18,976.13
123601,frame_123601.png,67.67,79.37,6.595,5.994,0.0,0.0,2720.8,1047.83
123661,frame_123661.png,69.04,81.92,6.391,6.13,0.0,0.0,2727.58,1038.53
123721,frame_123721.png,68.23,80.88,6.316,5.954,0.0,0.0,2709.85,1032.21
123781,frame_123781.png,72.1,84.8,7.008,6.722,0.0,0.0,2660.44,1041.84
123841,frame_123841.png,71.6,85.12,6.804,6.414,0.0,0.0,2711.72,1050.71
123901,frame_123901.png,73.53,87.72,7.072,7.188,0.0,0.0,2641.77,1044.29
123961,frame_123961.png,73.8,88.33,7.023,7.078,0.0,0.0,2652.81,1044.87
124021,frame_124021.png,74.52,89.06,7.294,7.061,0.0,0.0,2668.78,1044.71
124081,frame_124081.png,71.62,85.61,6.229,6.392,0.0,0.0,2742.75,1046.35
124141,frame_124141.png,72.51,86.23,6.312,6.751,0.0,0.0,2734.28,1045.47
124201,frame_124201.png,72.25,86.08,6.346,6.41,0.0,0.0,2703.0,1045.49
124261,frame_124261.png,72.41,86.3,6.444,6.527,0.0,0.0,2709.56,1040.97
124321,frame_124321.png,71.76,84.73,5.781,6.019,0.0,0.0,2697.25,1041.31
124381,frame_124381.png,72.13,84.21,6.146,6.079,0.0,0.0,2673.98,1038.95
124441,frame_124441.png,70.96,82.61,6.154,6.269,0.0,0.0,2646.63,1033.69
124501,frame_124501.png,71.34,81.32,5.694,6.137,0.0,0.0,2631.29,1030.38
124561,frame_124561.png,70.13,81.25,6.222,6.401,0.0,0.0,2599.6,1016.71
124621,frame_124621.png,69.63,80.25,6.152,6.419,0.0,0.0,2591.31,1004.99
124681,frame_124681.png,70.95,82.35,6.218,6.722,0.0,0.0,2513.86,990.17
124741,frame_124741.png,69.93,80.79,6.038,6.471,0.0,0.0,2507.03,970.85
124801,frame_124801.png,72.33,82.86,6.466,6.433,0.0,0.0,2499.88,970.06
124861,frame_124861.png,70.65,81.54,6.202,6.67,0.0,0.0,2512.64,983.41
124921,frame_124921.png,71.07,82.05,6.244,6.559,0.0,0.0,2501.08,964.45
124981,frame_124981.png,72.33,84.0,6.298,6.553,0.0,0.0,2469.85,930.15
125041,frame_125041.png,67.17,76.74,5.336,5.676,0.0,0.0,2487.46,939.11
125101,frame_125101.png,67.86,77.34,5.551,5.704,0.0,0.0,2482.45,944.67
125161,frame_125161.png,65.34,74.46,5.371,5.699,0.0,0.0,2418.86,909.29
125221,frame_125221.png,66.39,74.75,5.003,5.385,0.0,0.0,2366.82,936.46
125281,frame_125281.png,67.69,78.63,4.801,4.713,0.0,0.0,2409.43,921.28
125341,frame_125341.png,64.66,75.92,4.887,4.446,0.0,0.0,2419.03,907.12
125401,frame_125401.png,62.18,72.31,5.371,4.687,0.0,0.0,2388.8,912.12
125461,frame_125461.png,62.27,73.04,4.853,4.63,0.0,0.0,2364.68,905.09
125521,frame_125521.png,60.96,70.91,4.942,4.477,0.0,0.0,2318.81,897.31
125581,frame_125581.png,59.18,66.85,4.933,4.514,0.0,0.0,2294.27,891.49
125641,frame_125641.png,59.34,67.26,5.027,4.455,0.0,0.0,2247.58,873.73
125701,frame_125701.png,58.37,66.48,5.331,4.795,0.0,0.0,2197.02,854.23
125761,frame_125761.png,59.73,67.83,5.332,4.749,1.4826,0.0,2092.59,851.25
125821,frame_125821.png,56.23,62.76,5.44,4.755,1.4826,1.4826,2101.08,850.13
125881,frame_125881.png,62.32,71.39,6.828,5.784,1.4826,1.4826,1859.71,799.15
125941,frame_125941.png,53.33,60.81,5.176,4.897,1.4826,1.4826,1976.15,807.92
126001,frame_126001.png,54.54,60.43,5.757,5.127,1.4826,1.4826,1734.35,774.72
126061,frame_126061.png,50.58,55.81,5.078,4.723,1.4826,1.4826,1874.64,783.92
126121,frame_126121.png,49.95,55.32,5.361,4.818,1.4826,1.4826,1858.7,778.04
126181,frame_126181.png,48.5,53.11,5.474,5.087,1.4826,1.4826,1916.45,780.16
126241,frame_126241.png,40.88,46.71,5.431,4.798,2.9652,2.9652,1747.64,640.97
126301,frame_126301.png,45.99,52.01,5.36,5.037,2.9652,1.4826,1859.5,720.26
126361,frame_126361.png,48.8,53.1,5.413,5.072,1.4826,1.4826,1763.55,716.81
126421,frame_126421.png,52.87,55.23,6.219,5.166,1.4826,1.4826,1450.35,705.33
126481,frame_126481.png,28.22,31.19,4.202,4.235,2.9652,2.9652,1725.2,636.89
126541,frame_126541.png,39.73,43.87,4.992,4.886,2.9652,2.9652,1586.41,626.28
126601,frame_126601.png,93.72,109.74,22.17,27.881,0.0,0.0,323.63,12.22
126661,frame_126661.png,49.79,54.39,6.384,6.194,1.4826,1.4826,1403.31,564.36
126721,frame_126721.png,47.21,55.93,6.716,6.645,1.4826,1.4826,1667.78,663.01
126781,frame_126781.png,41.02,49.25,5.387,5.404,1.4826,1.4826,1902.52,726.81
126841,frame_126841.png,57.32,63.51,9.717,6.878,1.4826,1.4826,1245.22,519.47
126901,frame_126901.png,46.63,54.4,7.346,6.905,1.4826,1.4826,1410.42,487.63
126961,frame_126961.png,41.83,45.73,6.269,5.717,1.4826,1.4826,1482.34,623.27
127021,frame_127021.png,23.4,24.98,4.905,4.371,2.9652,2.9652,1739.57,662.52
127081,frame_127081.png,40.7,40.75,5.583,4.883,2.9652,2.9652,969.47,434.64
127141,frame_127141.png,54.53,58.07,6.729,6.032,1.4826,1.4826,1211.41,590.25
127201,frame_127201.png,48.14,51.11,6.135,5.825,1.4826,1.4826,1366.57,582.33
127261,frame_127261.png,34.25,40.68,5.528,5.106,2.9652,2.9652,1506.46,528.33
127321,frame_127321.png,33.21,35.22,5.359,5.144,2.9652,1.4826,1416.48,504.72
127381,frame_127381.png,49.67,48.22,6.29,5.668,2.9652,2.9652,887.04,465.64
127441,frame_127441.png,44.07,45.97,5.52,5.257,2.9652,2.9652,1223.92,564.23
127501,frame_127501.png,36.72,37.04,4.714,4.402,4.4477,2.9652,1168.9,432.55
127561,frame_127561.png,32.76,34.99,4.25,3.967,4.4477,4.4477,1331.87,497.54
127621,frame_127621.png,36.65,40.55,5.458,4.998,2.9652,2.9652,1124.04,395.7
127681,frame_127681.png,60.27,60.54,7.202,6.344,2.9652,2.9652,913.9,487.19
127741,frame_127741.png,88.56,97.08,12.457,15.381,0.0,0.0,2162.41,990.45
127801,frame_127801.png,52.9,51.1,6.233,5.705,4.4477,4.4477,1617.06,822.24
127861,frame_127861.png,49.7,48.52,6.316,5.559,2.9652,2.9652,619.2,354.17
127921,frame_127921.png,48.93,44.87,6.544,5.582,4.4477,4.4477,668.81,358.87
127981,frame_127981.png,97.19,110.76,22.77,29.559,0.0,0.0,459.76,3.18
128041,frame_128041.png,35.29,35.07,5.222,4.701,4.4477,4.4477,1290.76,468.06
128101,frame_128101.png,32.13,34.79,5.547,4.903,2.9652,2.9652,1300.89,460.05
128161,frame_128161.png,47.05,52.39,6.588,5.949,1.4826,1.4826,1283.69,444.87
128221,frame_128221.png,31.07,38.14,5.368,5.154,2.9652,2.9652,1326.57,473.64
128281,frame_128281.png,46.02,42.45,6.425,5.675,2.9652,2.9652,961.22,506.56
128341,frame_128341.png,29.88,32.49,4.995,4.474,4.4477,2.9652,1247.9,443.1
128401,frame_128401.png,94.92,101.31,21.558,27.15,0.0,0.0,211.59,25.46
128461,frame_128461.png,29.01,32.79,4.684,4.572,2.9652,2.9652,1418.03,478.33
128521,frame_128521.png,95.91,108.43,21.494,27.68,0.0,0.0,336.09,12.92
128581,frame_128581.png,36.84,40.87,5.851,5.448,2.9652,2.9652,1289.05,471.58
128641,frame_128641.png,33.79,40.72,5.636,5.246,2.9652,2.9652,1382.01,484.1
128701,frame_128701.png,68.42,66.84,10.07,8.313,1.4826,1.4826,285.13,34.65
128761,frame_128761.png,50.87,48.24,6.791,6.291,1.4826,1.4826,955.01,398.11
128821,frame_128821.png,41.85,45.18,6.562,5.798,2.9652,2.9652,1228.62,401.55
128881,frame_128881.png,29.65,32.03,4.448,4.373,4.4477,4.4477,1296.6,439.07
128941,frame_128941.png,38.76,39.4,5.503,4.489,2.9652,2.9652,1220.34,470.45
129001,frame_129001.png,29.87,33.49,4.249,4.313,2.9652,2.9652,1110.19,329.49
129061,frame_129061.png,33.13,41.26,6.631,5.754,2.9652,2.9652,1109.91,328.15
129121,frame_129121.png,40.41,42.69,5.934,5.334,2.9652,2.9652,1369.25,508.19
129181,frame_129181.png,45.13,44.54,6.265,5.566,2.9652,2.9652,1036.43,420.39
129241,frame_129241.png,38.74,41.34,5.721,5.148,2.9652,2.9652,1273.03,510.03
129301,frame_129301.png,38.34,41.18,5.191,4.886,2.9652,2.9652,1218.09,497.12
129361,frame_129361.png,39.13,41.19,5.618,4.797,2.9652,2.9652,1304.66,499.58
129421,frame_129421.png,35.96,39.02,5.208,4.97,2.9652,2.9652,1400.89,502.75
129481,frame_129481.png,42.17,49.74,6.252,5.685,1.4826,1.4826,964.33,297.0
129541,frame_129541.png,41.24,45.74,5.689,5.657,1.4826,1.4826,1388.5,522.65
129601,frame_129601.png,44.51,48.32,5.883,5.771,1.4826,1.4826,1353.61,498.72
129661,frame_129661.png,38.62,41.55,5.517,5.109,2.9652,2.9652,1242.56,492.0
129721,frame_129721.png,32.1,35.57,4.841,4.807,2.9652,2.9652,1102.1,392.27
129781,frame_129781.png,37.97,41.79,5.226,5.104,2.9652,2.9652,1350.79,472.94
129841,frame_129841.png,36.05,43.57,5.917,5.849,2.9652,2.9652,1408.2,514.92
129901,frame_129901.png,34.12,38.67,4.828,4.792,2.9652,2.9652,1352.83,455.05
129961,frame_129961.png,93.27,108.09,21.412,25.789,0.0,0.0,422.66,15.63
130021,frame_130021.png,39.98,46.48,5.949,5.815,1.4826,1.4826,1151.41,363.23
130081,frame_130081.png,94.65,109.81,21.627,29.14,0.0,0.0,446.67,7.87
130141,frame_130141.png,34.45,39.97,5.213,4.723,2.9652,2.9652,1451.25,509.54
130201,frame_130201.png,33.79,39.79,5.194,5.123,2.9652,1.4826,1339.06,454.32
130261,frame_130261.png,53.66,57.55,6.786,5.671,1.4826,1.4826,1069.77,526.27
130321,frame_130321.png,52.34,48.62,5.647,4.869,5.9303,5.9303,864.52,427.87
130381,frame_130381.png,46.07,44.47,10.996,7.925,2.9652,2.9652,1047.32,528.43
130441,frame_130441.png,32.05,38.64,5.057,4.984,2.9652,2.9652,1308.84,429.86
130501,frame_130501.png,32.9,39.41,5.985,5.265,2.9652,2.9652,1248.09,402.46
130561,frame_130561.png,43.47,45.35,6.087,5.296,2.9652,2.9652,870.3,315.37
130621,frame_130621.png,30.63,35.72,4.545,4.5,2.9652,2.9652,1021.51,320.52
130681,frame_130681.png,29.86,36.21,4.487,4.641,4.4477,2.9652,942.74,289.22
130741,frame_130741.png,27.9,32.46,4.313,4.391,4.4477,2.9652,911.96,303.75
130801,frame_130801.png,28.96,32.51,4.5,4.492,2.9652,2.9652,856.32,276.7
130861,frame_130861.png,37.01,35.79,5.523,4.821,2.9652,2.9652,756.17,372.81
130921,frame_130921.png,32.18,37.79,6.031,5.076,2.9652,2.9652,1091.22,354.04
130981,frame_130981.png,54.07,47.94,6.877,6.2,2.9652,2.9652,605.95,371.71
131041,frame_131041.png,37.69,40.5,5.176,4.693,2.9652,2.9652,951.38,292.94
131101,frame_131101.png,47.36,54.89,7.214,7.013,1.4826,1.4826,489.22,73.26
131161,frame_131161.png,19.32,25.06,4.362,4.481,4.4477,4.4477,576.02,94.53
131221,frame_131221.png,25.83,28.83,4.348,4.098,4.4477,2.9652,911.86,271.77
131281,frame_131281.png,38.91,43.22,6.426,5.736,2.9652,2.9652,809.0,283.25
131341,frame_131341.png,39.56,49.3,7.238,6.7,1.4826,1.4826,435.5,53.21
131401,frame_131401.png,34.86,38.72,5.464,4.928,2.9652,2.9652,1083.46,372.02
131461,frame_131461.png,40.26,45.28,6.66,5.97,2.9652,2.9652,1050.05,350.98
131521,frame_131521.png,87.87,108.26,23.566,29.313,0.0,0.0,481.19,14.32
131581,frame_131581.png,47.86,39.89,5.854,5.21,2.9652,2.9652,648.48,327.93
131641,frame_131641.png,38.27,39.22,5.922,5.388,2.9652,2.9652,947.11,438.62
131701,frame_131701.png,32.66,33.97,5.209,4.901,2.9652,2.9652,964.21,338.46
131761,frame_131761.png,49.5,44.21,6.603,5.509,2.9652,2.9652,699.24,429.71
131821,frame_131821.png,24.22,27.14,4.558,4.189,2.9652,2.9652,1011.71,329.91
131881,frame_131881.png,18.77,24.25,4.351,4.158,4.4477,4.4477,955.93,281.28
131941,frame_131941.png,39.8,40.2,5.57,5.077,2.9652,1.4826,777.44,201.92
132001,frame_132001.png,46.27,44.99,6.289,5.796,2.9652,2.9652,724.3,317.09
132061,frame_132061.png,23.98,27.09,4.613,4.28,4.4477,4.4477,1190.52,367.15
132121,frame_132121.png,35.37,38.49,5.165,4.95,2.9652,2.9652,1256.15,440.36
132181,frame_132181.png,32.55,33.09,5.764,5.47,2.9652,2.9652,1154.41,386.49
132241,frame_132241.png,43.62,45.5,6.201,5.821,2.9652,2.9652,1032.52,433.38
132301,frame_132301.png,34.07,38.99,5.334,5.553,2.9652,2.9652,1280.28,470.58
132361,frame_132361.png,45.48,50.03,6.576,6.137,1.4826,1.4826,1077.2,410.14
132421,frame_132421.png,44.08,46.97,6.173,5.81,1.4826,1.4826,1168.73,402.95
132481,frame_132481.png,75.56,75.42,11.246,8.986,0.0,0.0,457.38,143.87
132541,frame_132541.png,52.59,51.66,6.565,5.851,1.4826,1.4826,1004.08,490.7
132601,frame_132601.png,33.97,35.61,4.293,4.391,2.9652,2.9652,1286.43,444.16
132661,frame_132661.png,39.04,42.45,4.968,4.945,1.4826,1.4826,1225.98,424.99
132721,frame_132721.png,41.51,43.11,6.028,5.444,2.9652,1.4826,1019.36,400.88
132781,frame_132781.png,41.58,44.92,4.934,4.817,1.4826,1.4826,1190.16,394.46
132841,frame_132841.png,92.84,111.56,22.324,29.627,0.0,0.0,482.0,6.13
132901,frame_132901.png,44.9,47.07,6.125,5.678,2.9652,2.9652,1016.37,430.19
132961,frame_132961.png,39.62,46.29,5.361,5.041,2.9652,2.9652,1707.35,601.28
133021,frame_133021.png,24.02,25.79,4.725,4.331,4.4477,2.9652,1114.83,334.08
133081,frame_133081.png,26.53,28.88,4.999,4.369,4.4477,4.4477,1154.59,384.27
133141,frame_133141.png,37.7,40.03,6.056,5.287,2.9652,2.9652,1119.94,398.2
133201,frame_133201.png,37.47,44.85,6.507,5.468,2.9652,1.4826,1057.52,386.68
133261,frame_133261.png,65.16,75.12,8.825,7.835,1.4826,1.4826,558.72,233.74
133321,frame_133321.png,40.69,46.23,6.549,6.412,2.9652,2.9652,1312.4,519.07
133381,frame_133381.png,26.76,28.85,4.133,4.445,4.4477,2.9652,1343.11,449.53
133441,frame_133441.png,34.91,36.54,5.138,5.051,2.9652,2.9652,1248.33,421.61
133501,frame_133501.png,24.64,26.35,4.21,4.217,4.4477,4.4477,1393.25,493.73
133561,frame_133561.png,43.36,47.34,5.445,4.846,1.4826,1.4826,1267.66,481.68
133621,frame_133621.png,46.34,48.78,5.62,4.785,1.4826,1.4826,1350.96,569.32
133681,frame_133681.png,34.98,38.75,4.541,4.433,2.9652,2.9652,1341.6,521.8
133741,frame_133741.png,27.44,30.62,4.459,4.466,2.9652,2.9652,1463.95,507.86
133801,frame_133801.png,49.38,52.47,6.485,5.534,1.4826,1.4826,1250.78,589.38
133861,frame_133861.png,50.86,46.06,6.742,5.718,2.9652,2.9652,743.45,367.2
133921,frame_133921.png,67.22,69.96,8.742,7.361,1.4826,1.4826,381.73,105.91
133981,frame_133981.png,31.21,38.8,5.699,5.218,2.9652,2.9652,1084.21,340.97
134041,frame_134041.png,29.78,37.54,5.222,5.131,2.9652,2.9652,1066.51,336.68
134101,frame_134101.png,40.42,49.27,5.517,5.289,1.4826,1.4826,877.17,263.11
134161,frame_134161.png,42.18,56.92,9.272,7.029,1.4826,1.4826,632.28,97.5
134221,frame_134221.png,38.97,51.9,11.408,9.011,1.4826,1.4826,638.32,99.47
134281,frame_134281.png,70.46,79.88,12.374,10.63,0.0,0.0,560.86,82.37
134341,frame_134341.png,42.57,40.57,5.62,4.956,2.9652,2.9652,1124.02,553.72
134401,frame_134401.png,48.91,64.74,9.251,7.97,1.4826,1.4826,622.89,85.88
134461,frame_134461.png,46.77,56.08,7.956,6.775,1.4826,1.4826,580.68,83.44
134521,frame_134521.png,44.58,51.14,8.299,7.135,1.4826,1.4826,629.99,103.44
134581,frame_134581.png,38.87,47.72,6.589,6.471,1.4826,1.4826,1193.99,378.53
134641,frame_134641.png,38.68,48.7,6.669,6.691,1.4826,1.4826,1228.8,401.33
134701,frame_134701.png,28.25,32.28,4.483,4.626,2.9652,2.9652,1372.16,444.43
134761,frame_134761.png,33.66,37.45,5.58,4.84,2.9652,2.9652,1435.38,503.44
134821,frame_134821.png,27.98,30.79,4.887,4.486,2.9652,2.9652,1350.15,504.48
134881,frame_134881.png,30.38,32.03,4.542,4.374,2.9652,2.9652,1246.85,426.65
134941,frame_134941.png,30.89,36.76,5.193,4.852,2.9652,2.9652,1070.64,360.0
135001,frame_135001.png,38.55,40.79,5.443,5.162,2.9652,2.9652,1091.67,365.09
135061,frame_135061.png,28.81,29.2,4.075,3.764,4.4477,4.4477,1228.32,394.03
135121,frame_135121.png,39.45,43.84,5.54,5.248,2.9652,2.9652,1071.18,404.52
135181,frame_135181.png,41.13,48.76,6.695,6.178,1.4826,1.4826,805.16,224.14
135241,frame_135241.png,48.42,47.34,6.168,5.653,2.9652,2.9652,942.63,496.28
135301,frame_135301.png,47.24,44.29,5.808,5.368,2.9652,2.9652,938.19,441.93
135361,frame_135361.png,49.22,48.47,5.077,4.598,2.9652,2.9652,984.85,454.38
135421,frame_135421.png,64.29,68.44,7.969,5.723,1.4826,1.4826,1415.84,690.9
135481,frame_135481.png,42.7,41.89,5.034,4.77,2.9652,2.9652,1430.59,685.53
135541,frame_135541.png,37.2,36.62,4.536,4.593,2.9652,2.9652,1545.29,631.6
135601,frame_135601.png,34.08,35.82,4.821,4.713,2.9652,2.9652,1711.97,667.2
135661,frame_135661.png,28.81,33.94,4.43,4.669,2.9652,2.9652,1679.03,634.96
135721,frame_135721.png,23.67,27.6,4.387,4.518,4.4477,4.4477,1647.73,600.56
135781,frame_135781.png,27.56,29.85,4.748,4.499,4.4477,2.9652,1550.43,598.94
135841,frame_135841.png,32.43,34.47,5.162,4.617,2.9652,2.9652,1550.43,668.36
135901,frame_135901.png,40.98,42.47,5.997,5.282,2.9652,2.9652,1423.66,654.0
135961,frame_135961.png,23.36,26.43,5.025,4.299,4.4477,4.4477,1350.33,496.56
136021,frame_136021.png,58.85,62.18,5.608,5.267,1.4826,1.4826,1550.06,727.55
136081,frame_136081.png,54.88,62.83,5.861,5.091,1.4826,1.4826,2012.4,758.38
136141,frame_136141.png,61.87,69.73,6.214,5.724,1.4826,1.4826,1864.99,713.9
136201,frame_136201.png,49.34,55.31,4.814,4.465,1.4826,1.4826,1926.85,676.07
136261,frame_136261.png,49.07,53.17,4.978,4.658,1.4826,1.4826,1895.68,659.53
136321,frame_136321.png,45.0,48.99,4.93,4.836,2.9652,2.9652,1727.5,640.14
136381,frame_136381.png,38.24,42.53,5.272,5.226,2.9652,2.9652,1319.11,508.3
136441,frame_136441.png,36.05,35.86,5.293,4.534,2.9652,2.9652,1019.57,360.47
136501,frame_136501.png,44.14,48.24,6.448,5.831,2.9652,1.4826,1048.1,371.19
136561,frame_136561.png,95.21,108.97,23.022,26.624,0.0,0.0,312.04,13.77
136621,frame_136621.png,42.97,47.8,5.995,5.514,1.4826,1.4826,961.32,335.66
136681,frame_136681.png,33.49,38.09,5.718,4.983,2.9652,2.9652,1082.18,350.52
136741,frame_136741.png,22.05,26.89,4.693,4.73,2.9652,2.9652,1018.79,311.01
136801,frame_136801.png,29.8,32.99,5.508,5.054,2.9652,2.9652,1077.27,356.11
136861,frame_136861.png,32.5,37.28,5.58,5.49,2.9652,2.9652,1316.81,449.17
136921,frame_136921.png,29.57,33.55,4.706,4.385,2.9652,2.9652,1356.13,526.69
136981,frame_136981.png,35.41,42.55,6.532,6.117,2.9652,1.4826,915.89,265.29
137041,frame_137041.png,89.97,108.69,23.695,29.397,0.0,0.0,490.35,10.58
137101,frame_137101.png,25.74,33.09,5.154,5.303,2.9652,2.9652,817.94,197.45
137161,frame_137161.png,28.96,37.2,5.8,6.291,2.9652,2.9652,806.72,194.38
137221,frame_137221.png,25.92,31.52,4.743,4.826,2.9652,2.9652,951.88,259.26
137281,frame_137281.png,32.53,38.41,5.357,5.0,2.9652,2.9652,904.89,246.62
137341,frame_137341.png,41.62,50.63,7.166,5.712,1.4826,1.4826,651.04,206.0
137401,frame_137401.png,45.24,51.67,7.073,6.083,1.4826,1.4826,729.75,201.99
137461,frame_137461.png,38.15,56.78,8.343,7.362,1.4826,1.4826,491.13,47.27
137521,frame_137521.png,46.05,59.57,8.256,7.003,1.4826,1.4826,478.22,44.47
137581,frame_137581.png,43.37,51.36,6.852,6.094,1.4826,1.4826,659.82,166.66
137641,frame_137641.png,76.36,80.81,7.314,7.195,0.0,0.0,1171.64,578.48
137701,frame_137701.png,48.85,56.22,6.409,6.783,1.4826,1.4826,1806.46,754.76
137761,frame_137761.png,46.3,48.13,6.428,5.327,1.4826,1.4826,1543.96,684.65
137821,frame_137821.png,43.99,47.55,6.935,6.813,1.4826,1.4826,1817.48,766.52
137881,frame_137881.png,40.51,45.15,7.127,6.667,1.4826,1.4826,1663.9,670.45
137941,frame_137941.png,65.71,69.82,7.598,7.414,1.4826,1.4826,906.93,392.9
138001,frame_138001.png,65.43,71.55,8.67,7.671,1.4826,1.4826,1346.01,598.23
138061,frame_138061.png,54.73,66.94,9.413,9.284,1.4826,1.4826,1848.2,700.54
138121,frame_138121.png,52.85,67.55,8.75,8.732,1.4826,1.4826,1404.02,492.14
138181,frame_138181.png,51.46,62.37,8.75,7.882,1.4826,1.4826,1156.89,415.46
138241,frame_138241.png,37.51,42.6,6.913,6.686,1.4826,1.4826,1103.03,382.27
138301,frame_138301.png,40.99,45.56,6.663,6.111,1.4826,1.4826,1192.35,491.25
138361,frame_138361.png,32.87,35.57,6.159,5.857,2.9652,2.9652,1175.54,479.27
138421,frame_138421.png,31.09,29.42,5.871,5.569,2.9652,2.9652,1435.46,739.65
138481,frame_138481.png,41.3,41.42,6.82,6.824,1.4826,1.4826,1419.5,712.66
138541,frame_138541.png,35.18,34.16,6.061,5.819,2.9652,1.4826,1472.68,768.61
138601,frame_138601.png,39.89,40.16,7.31,6.971,1.4826,1.4826,1431.51,740.12
138661,frame_138661.png,45.5,47.72,7.081,7.004,1.4826,1.4826,1430.04,706.36
138721,frame_138721.png,44.75,46.62,6.538,6.509,1.4826,1.4826,1539.22,774.77
138781,frame_138781.png,34.35,33.46,5.63,5.499,2.9652,2.9652,1627.61,819.57
138841,frame_138841.png,50.0,54.86,7.757,6.733,1.4826,1.4826,1514.7,735.31
138901,frame_138901.png,51.62,51.16,6.246,6.042,1.4826,1.4826,1814.52,921.55
138961,frame_138961.png,45.16,46.17,7.073,6.709,1.4826,1.4826,2359.71,1172.96
139021,frame_139021.png,41.06,43.12,5.83,6.285,1.4826,1.4826,1808.52,868.03
139081,frame_139081.png,42.29,44.42,5.898,5.914,1.4826,1.4826,1722.85,849.66
139141,frame_139141.png,49.37,52.15,6.731,6.289,1.4826,1.4826,1197.41,618.02
139201,frame_139201.png,42.23,42.27,5.303,5.357,1.4826,1.4826,1682.41,852.14
139261,frame_139261.png,43.73,43.62,5.438,5.639,1.4826,1.4826,1642.3,832.49
139321,frame_139321.png,48.51,52.8,6.621,6.292,1.4826,1.4826,1415.14,730.27
139381,frame_139381.png,39.82,40.33,5.976,5.806,2.9652,1.4826,1608.48,848.34
139441,frame_139441.png,51.99,54.62,6.324,6.275,1.4826,1.4826,1269.82,645.99
139501,frame_139501.png,31.81,33.09,6.73,6.317,2.9652,2.9652,1199.4,448.88
139561,frame_139561.png,29.65,30.64,5.735,5.86,2.9652,2.9652,1198.84,445.72
139621,frame_139621.png,29.65,30.9,6.82,6.616,2.9652,2.9652,1205.35,450.75
139681,frame_139681.png,29.22,28.68,6.029,5.767,2.9652,2.9652,1222.28,462.87
139741,frame_139741.png,33.85,36.71,6.477,6.392,2.9652,1.4826,1215.71,446.24
139801,frame_139801.png,54.84,66.83,9.454,8.854,1.4826,1.4826,1219.35,450.01
139861,frame_139861.png,61.65,74.71,9.511,10.074,1.4826,1.4826,863.83,304.88
139921,frame_139921.png,52.35,60.1,6.816,6.872,1.4826,1.4826,1617.4,771.92
139981,frame_139981.png,45.53,51.84,6.049,5.89,2.9652,2.9652,1446.88,585.91
140041,frame_140041.png,48.63,57.51,5.693,5.566,1.4826,1.4826,1779.84,729.85
140101,frame_140101.png,36.51,45.89,5.064,5.139,2.9652,2.9652,1829.0,720.26
140161,frame_140161.png,46.95,51.22,6.581,6.516,1.4826,1.4826,1120.83,500.65
140221,frame_140221.png,32.65,42.73,5.588,5.637,1.4826,1.4826,1376.63,460.48
140281,frame_140281.png,51.27,61.93,6.569,6.362,1.4826,1.4826,1329.44,657.81
140341,frame_140341.png,45.26,56.84,6.127,5.991,2.9652,1.4826,1655.37,624.37
140401,frame_140401.png,43.41,52.56,7.297,7.147,1.4826,1.4826,1084.68,350.62
140461,frame_140461.png,30.29,40.42,5.944,5.754,2.9652,1.4826,1192.77,361.33
140521,frame_140521.png,77.32,82.81,13.049,9.227,0.0,0.0,397.78,59.55
140581,frame_140581.png,51.15,61.86,8.615,7.199,1.4826,1.4826,850.78,202.3
140641,frame_140641.png,28.9,39.34,5.759,5.548,2.9652,1.4826,1122.51,355.4
140701,frame_140701.png,44.34,56.43,7.671,6.894,1.4826,1.4826,991.13,274.04
140761,frame_140761.png,42.49,32.53,6.194,4.432,10.3781,8.8955,1426.23,667.44
140821,frame_140821.png,94.69,108.51,21.685,29.225,0.0,0.0,455.73,8.27
140881,frame_140881.png,35.15,46.0,5.825,6.52,2.9652,2.9652,1920.07,672.84
140941,frame_140941.png,54.93,62.63,6.288,5.617,1.4826,1.4826,1694.69,710.14
141001,frame_141001.png,54.78,58.35,5.896,5.692,1.4826,1.4826,1391.81,595.97
141061,frame_141061.png,41.51,49.93,5.371,5.6,2.9652,1.4826,1776.55,583.92
141121,frame_141121.png,44.13,53.4,6.233,5.595,1.4826,1.4826,1424.73,569.55
141181,frame_141181.png,47.77,55.75,5.633,5.975,1.4826,1.4826,1899.54,653.67
141241,frame_141241.png,54.32,60.79,6.301,6.464,1.4826,1.4826,1942.6,700.38
141301,frame_141301.png,44.14,50.51,5.424,6.078,1.4826,1.4826,1977.24,691.36
141361,frame_141361.png,41.95,51.61,5.385,5.598,1.4826,1.4826,1954.76,681.75
141421,frame_141421.png,45.11,54.5,5.824,5.955,1.4826,1.4826,2113.51,839.49
141481,frame_141481.png,35.31,43.85,5.423,5.828,2.9652,2.9652,1747.66,660.73
141541,frame_141541.png,36.0,47.54,5.655,6.226,2.9652,2.9652,2158.62,851.8
141601,frame_141601.png,35.83,47.26,5.46,5.964,2.9652,2.9652,2101.58,860.91
141661,frame_141661.png,40.48,50.28,5.672,5.973,2.9652,1.4826,2144.99,890.42
141721,frame_141721.png,34.82,47.01,5.192,5.91,2.9652,2.9652,2185.3,891.33
141781,frame_141781.png,35.46,47.43,5.323,5.991,2.9652,1.4826,2193.93,885.77
141841,frame_141841.png,41.41,52.26,5.957,6.592,1.4826,1.4826,2115.8,892.05
141901,frame_141901.png,35.77,47.51,5.854,6.413,2.9652,1.4826,2190.63,892.37
141961,frame_141961.png,19.08,20.52,5.843,5.921,5.9303,5.9303,1315.05,481.73
142021,frame_142021.png,18.94,16.62,5.665,5.405,7.4129,5.9303,1300.59,444.48
142081,frame_142081.png,59.48,62.94,10.61,7.701,4.4477,4.4477,1754.81,776.89
142141,frame_142141.png,18.63,17.19,5.87,5.486,5.9303,5.9303,1432.33,516.64
142201,frame_142201.png,21.41,19.83,6.236,5.435,5.9303,5.9303,1472.73,539.98
142261,frame_142261.png,30.49,41.45,5.835,5.888,4.4477,2.9652,1356.33,492.13
142321,frame_142321.png,16.12,20.55,5.856,6.182,5.9303,5.9303,1494.47,543.01
142381,frame_142381.png,17.61,20.84,6.337,5.98,5.9303,5.9303,1501.27,571.47
142441,frame_142441.png,15.95,18.96,5.868,6.259,5.9303,5.9303,1538.26,590.67
142501,frame_142501.png,14.57,13.6,5.579,5.328,5.9303,5.9303,1552.1,612.58
142561,frame_142561.png,18.21,16.25,5.075,5.417,7.4129,5.9303,1448.7,552.08
142621,frame_142621.png,15.17,13.38,4.957,5.084,7.4129,5.9303,1481.26,534.17
142681,frame_142681.png,18.41,14.7,4.999,4.997,7.4129,5.9303,1325.37,468.81
142741,frame_142741.png,18.61,21.54,6.326,6.355,5.9303,5.9303,1560.06,570.76
142801,frame_142801.png,22.88,24.35,7.206,6.218,4.4477,4.4477,1531.77,561.89
142861,frame_142861.png,48.44,55.24,6.933,6.553,2.9652,2.9652,1032.66,425.05
142921,frame_142921.png,46.01,52.43,7.888,6.09,2.9652,2.9652,1109.74,401.39
142981,frame_142981.png,29.89,36.53,6.152,6.182,4.4477,4.4477,1173.87,420.38
143041,frame_143041.png,37.84,43.01,5.52,5.273,2.9652,2.9652,1398.69,557.48
143101,frame_143101.png,45.42,52.17,6.458,6.971,2.9652,1.4826,1618.13,583.83
143161,frame_143161.png,36.37,46.0,5.79,6.568,2.9652,2.9652,1677.45,572.74
143221,frame_143221.png,62.25,64.24,8.106,8.12,1.4826,1.4826,1108.12,556.02
143281,frame_143281.png,78.15,78.98,15.025,10.082,0.0,0.0,297.15,91.6
143341,frame_143341.png,45.7,52.12,7.009,7.086,1.4826,1.4826,1337.8,477.74
143401,frame_143401.png,29.02,37.4,5.999,5.873,2.9652,1.4826,1455.7,513.37
143461,frame_143461.png,45.52,48.39,6.168,6.265,2.9652,2.9652,992.49,358.2
143521,frame_143521.png,44.79,42.05,6.093,5.416,2.9652,2.9652,967.79,501.37
143581,frame_143581.png,55.89,56.7,6.799,6.401,1.4826,1.4826,685.73,293.21
143641,frame_143641.png,41.23,45.95,6.15,6.854,1.4826,1.4826,1033.13,285.11
143701,frame_143701.png,38.6,46.48,6.312,6.068,1.4826,1.4826,1142.4,340.76
143761,frame_143761.png,42.96,50.92,6.923,7.042,1.4826,1.4826,1103.18,356.8
143821,frame_143821.png,60.17,59.11,7.849,6.327,1.4826,1.4826,381.51,121.09
143881,frame_143881.png,42.8,53.71,7.769,6.964,1.4826,1.4826,627.01,115.85
143941,frame_143941.png,49.25,58.25,8.773,7.55,1.4826,1.4826,775.51,178.14
144001,frame_144001.png,56.75,63.44,8.556,7.611,1.4826,1.4826,687.21,156.27
144061,frame_144061.png,59.72,65.09,8.944,7.866,1.4826,1.4826,568.89,148.82
144121,frame_144121.png,31.02,36.3,5.235,5.002,2.9652,1.4826,952.65,268.32
144181,frame_144181.png,56.07,55.64,6.901,6.003,1.4826,1.4826,727.77,265.14
144241,frame_144241.png,31.9,34.25,5.031,5.019,2.9652,2.9652,799.73,244.4
144301,frame_144301.png,34.52,42.41,5.379,5.689,1.4826,1.4826,606.54,99.99
144361,frame_144361.png,30.49,35.94,5.039,5.12,2.9652,2.9652,810.06,191.87
144421,frame_144421.png,35.46,40.48,5.447,5.231,2.9652,1.4826,773.96,196.47
144481,frame_144481.png,36.63,45.07,6.251,5.857,2.9652,2.9652,811.23,255.66
144541,frame_144541.png,37.77,40.18,5.445,5.506,2.9652,2.9652,633.63,179.02
144601,frame_144601.png,31.51,39.21,5.349,5.444,2.9652,2.9652,784.97,184.5
144661,frame_144661.png,33.09,39.46,5.128,5.303,2.9652,1.4826,839.16,208.69
144721,frame_144721.png,42.38,56.16,8.124,7.33,1.4826,1.4826,977.61,289.8
144781,frame_144781.png,33.14,36.47,5.915,5.428,2.9652,1.4826,2189.13,931.03
144841,frame_144841.png,103.96,104.88,23.598,29.112,0.0,0.0,486.43,9.82
144901,frame_144901.png,33.39,35.98,4.801,4.401,2.9652,2.9652,1471.72,573.75
144961,frame_144961.png,38.67,44.99,6.669,5.624,4.4477,4.4477,1290.59,533.76
145021,frame_145021.png,29.69,36.6,4.798,4.861,2.9652,2.9652,1175.15,372.13
145081,frame_145081.png,41.38,49.99,7.639,7.78,1.4826,1.4826,898.2,235.18
145141,frame_145141.png,37.67,48.8,6.489,6.381,1.4826,1.4826,937.36,241.0
145201,frame_145201.png,33.3,43.78,6.238,5.904,1.4826,1.4826,880.05,234.64
145261,frame_145261.png,30.95,40.35,5.076,5.264,2.9652,1.4826,888.87,249.46
145321,frame_145321.png,46.58,53.38,5.546,5.671,1.4826,1.4826,942.36,262.71
145381,frame_145381.png,46.83,55.04,7.126,6.694,1.4826,1.4826,950.34,278.48
145441,frame_145441.png,51.91,40.77,7.41,5.186,13.3432,11.8606,2335.14,1213.01
145501,frame_145501.png,61.47,60.66,8.512,7.389,2.9652,2.9652,938.21,498.57
145561,frame_145561.png,63.89,67.56,8.144,6.513,2.9652,2.9652,743.93,360.76
145621,frame_145621.png,57.25,53.42,9.599,6.413,5.9303,5.9303,1579.11,780.29
145681,frame_145681.png,79.75,83.79,11.809,10.795,2.9652,2.9652,1461.12,681.55
145741,frame_145741.png,34.65,44.16,7.214,5.769,4.4477,4.4477,1210.14,439.87
145801,frame_145801.png,90.24,86.72,9.879,6.715,8.8955,8.8955,3069.79,1809.61
145861,frame_145861.png,79.74,79.07,9.718,7.093,5.9303,5.9303,2233.96,1235.8
145921,frame_145921.png,65.08,74.03,8.804,8.145,1.4826,0.0,946.85,240.74
145981,frame_145981.png,31.2,39.42,5.653,5.413,2.9652,1.4826,1073.56,313.6
146041,frame_146041.png,30.59,35.94,4.516,4.831,2.9652,2.9652,1653.72,591.17
146101,frame_146101.png,38.06,44.18,5.47,5.456,2.9652,2.9652,1664.66,594.32
146161,frame_146161.png,37.83,46.04,5.498,5.508,1.4826,1.4826,1311.63,426.73
146221,frame_146221.png,46.89,50.6,6.494,5.594,1.4826,1.4826,1146.36,451.84
146281,frame_146281.png,47.09,50.51,5.869,5.723,1.4826,1.4826,1778.42,851.51
146341,frame_146341.png,45.05,51.09,4.739,5.127,1.4826,1.4826,2324.03,923.15
146401,frame_146401.png,34.52,42.33,5.294,5.582,2.9652,1.4826,1861.96,718.05
146461,frame_146461.png,53.3,67.95,8.117,8.277,1.4826,1.4826,2177.81,875.1
146521,frame_146521.png,75.59,87.0,7.693,6.509,0.0,0.0,1806.37,812.74
146581,frame_146581.png,68.51,79.44,5.602,6.544,0.0,0.0,2499.42,935.7
146641,frame_146641.png,63.27,73.27,5.122,5.57,0.0,0.0,2498.2,936.28
146701,frame_146701.png,60.8,70.27,4.909,5.267,0.0,0.0,2505.29,980.29
146761,frame_146761.png,92.92,111.0,20.366,23.302,0.0,0.0,366.51,2.07
146821,frame_146821.png,69.96,83.03,5.805,6.114,0.0,0.0,2575.74,994.81
146881,frame_146881.png,71.94,82.57,8.018,7.225,0.0,0.0,2249.05,1004.25
146941,frame_146941.png,66.91,79.6,6.541,5.932,0.0,0.0,2711.2,1048.57
147001,frame_147001.png,68.04,80.41,5.976,5.912,0.0,0.0,2773.46,1063.4
147061,frame_147061.png,68.66,80.92,6.618,6.109,0.0,0.0,2684.38,1051.7
147121,frame_147121.png,71.07,85.16,6.566,6.33,0.0,0.0,2696.73,1041.8
147181,frame_147181.png,70.34,83.38,6.945,6.513,0.0,0.0,2718.17,1052.79
147241,frame_147241.png,70.73,83.82,6.616,6.539,0.0,0.0,2732.87,1056.0
147301,frame_147301.png,71.07,83.86,6.421,6.278,0.0,0.0,2720.64,1047.27
147361,frame_147361.png,71.9,85.28,5.995,6.022,0.0,0.0,2729.17,1046.07
147421,frame_147421.png,71.64,85.72,6.511,6.33,0.0,0.0,2741.43,1046.47
147481,frame_147481.png,71.88,85.41,6.425,6.668,0.0,0.0,2738.74,1044.16
