frame_idx,nombre_archivo,brisque_orig,brisque_sin_hud,niqe_orig,niqe_sin_hud,sigma_orig,sigma_sin_hud,var_lap_orig,var_lap_sin_hud,brisque_denoised,niqe_denoised,sigma_denoised,var_lap_denoised
1,frame_00001.png,29.87,19.29,3.81,3.314,5.9303,5.9303,1461.9,482.95,17.83,3.814,5.9303,481.72
31,frame_00031.png,26.09,16.62,3.047,3.129,10.3781,7.4129,1535.39,514.37,17.08,3.883,7.4129,504.96
61,frame_00061.png,24.98,13.31,3.027,3.044,10.3781,7.4129,1561.14,515.85,15.18,3.896,7.4129,506.34
91,frame_00091.png,25.67,13.44,3.569,3.063,8.8955,7.4129,1541.77,504.64,14.84,3.842,7.4129,497.89
121,frame_00121.png,23.17,12.47,3.002,2.995,10.3781,7.4129,1562.33,515.07,13.49,3.836,7.4129,505.44
151,frame_00151.png,25.21,14.34,3.548,3.141,7.4129,7.4129,1528.62,486.64,14.44,3.702,7.4129,480.91
181,frame_00181.png,23.18,14.3,3.244,3.138,10.3781,7.4129,1613.81,520.33,14.96,3.836,7.4129,513.22
211,frame_00211.png,26.99,17.11,4.19,3.354,7.4129,5.9303,1468.68,498.82,10.78,4.827,5.9303,491.17
241,frame_00241.png,24.82,11.98,3.549,3.332,8.8955,5.9303,1523.58,500.47,10.33,4.336,5.9303,494.24
271,frame_00271.png,23.97,13.05,3.747,3.345,7.4129,5.9303,1547.41,531.84,10.96,3.976,5.9303,524.74
301,frame_00301.png,21.3,9.2,3.261,3.125,10.3781,7.4129,1529.8,537.51,10.53,3.967,7.4129,526.79
331,frame_00331.png,19.68,8.08,3.424,3.42,8.8955,5.9303,1470.21,496.88,8.11,4.244,7.4129,488.2
361,frame_00361.png,20.16,8.12,3.268,3.049,10.3781,7.4129,1468.65,499.44,9.79,3.878,7.4129,490.38
391,frame_00391.png,21.33,8.03,3.301,3.225,10.3781,7.4129,1527.39,512.8,10.72,3.946,7.4129,503.59
421,frame_00421.png,24.06,11.9,4.204,3.379,7.4129,5.9303,1542.14,476.81,5.53,5.399,5.9303,470.02
451,frame_00451.png,23.45,10.03,3.87,3.458,8.8955,5.9303,1529.92,474.92,11.38,4.238,5.9303,469.77
481,frame_00481.png,24.23,11.87,4.294,3.287,7.4129,5.9303,1560.63,494.78,11.23,4.073,5.9303,487.98
511,frame_00511.png,26.26,15.03,4.698,3.754,7.4129,5.9303,1512.39,477.06,12.66,4.86,5.9303,469.64
541,frame_00541.png,18.26,8.86,3.964,3.35,7.4129,5.9303,1461.77,488.2,8.99,4.499,5.9303,478.38
571,frame_00571.png,21.32,8.88,3.332,3.048,8.8955,5.9303,1480.38,496.02,7.23,3.985,5.9303,481.05
601,frame_00601.png,26.81,14.34,3.687,3.124,7.4129,5.9303,1394.33,501.93,11.53,3.958,5.9303,492.36
631,frame_00631.png,34.59,24.77,4.066,3.397,7.4129,5.9303,1500.38,502.48,16.56,4.493,5.9303,491.07
661,frame_00661.png,34.83,26.29,3.98,3.119,7.4129,5.9303,1492.73,509.86,23.41,3.636,5.9303,500.91
691,frame_00691.png,24.07,17.01,3.905,3.208,8.8955,7.4129,1181.14,208.63,15.12,3.701,7.4129,209.94
721,frame_00721.png,24.62,16.56,3.776,3.205,10.3781,7.4129,1340.87,234.96,15.27,3.544,7.4129,233.47
751,frame_00751.png,25.49,18.73,3.838,3.012,10.3781,7.4129,1435.73,255.09,16.81,3.449,7.4129,256.7
781,frame_00781.png,24.21,16.88,3.55,3.069,11.8606,8.8955,1450.6,246.5,15.59,3.465,8.8955,243.39
811,frame_00811.png,25.24,16.87,4.074,3.058,10.3781,7.4129,1452.56,226.28,15.58,3.468,7.4129,223.24
841,frame_00841.png,22.96,16.32,3.669,2.964,11.8606,8.8955,1478.61,240.76,15.09,3.382,8.8955,236.26
871,frame_00871.png,25.54,19.05,3.991,3.231,10.3781,7.4129,1496.52,231.04,17.25,3.555,8.8955,226.7
901,frame_00901.png,26.62,19.18,3.931,3.114,10.3781,7.4129,1497.93,233.09,17.2,3.336,8.8955,228.73
931,frame_00931.png,24.23,17.66,3.556,3.061,13.3432,8.8955,1521.85,248.05,16.64,3.428,8.8955,240.58
961,frame_00961.png,25.93,18.8,3.997,3.314,10.3781,7.4129,1457.93,212.2,17.12,3.558,7.4129,212.22
991,frame_00991.png,26.29,19.98,3.969,3.181,10.3781,7.4129,1458.03,215.25,17.73,3.397,8.8955,214.52
1021,frame_01021.png,26.25,19.52,3.904,3.183,10.3781,8.8955,1437.82,222.9,18.07,3.356,8.8955,222.06
1051,frame_01051.png,24.6,16.8,3.391,3.05,13.3432,8.8955,1475.75,250.46,16.29,3.357,8.8955,246.08
1081,frame_01081.png,25.69,17.23,3.843,3.238,10.3781,8.8955,1419.68,225.11,16.02,3.502,8.8955,221.77
1111,frame_01111.png,25.2,19.23,4.346,3.606,8.8955,7.4129,1277.85,196.82,14.62,3.9,7.4129,192.16
1141,frame_01141.png,26.42,20.38,5.73,3.507,5.9303,5.9303,1097.31,104.54,15.6,3.8,5.9303,106.84
1171,frame_01171.png,23.99,17.37,4.178,3.408,8.8955,7.4129,1247.61,209.21,14.25,3.616,7.4129,201.97
1201,frame_01201.png,26.06,19.87,4.114,3.351,8.8955,7.4129,1268.2,207.75,16.48,3.651,7.4129,200.13
1231,frame_01231.png,25.25,19.7,4.15,3.46,8.8955,7.4129,1269.07,215.39,16.41,3.675,7.4129,208.32
1261,frame_01261.png,26.98,20.33,4.646,3.505,7.4129,5.9303,1109.13,125.12,16.12,3.814,5.9303,124.15
1291,frame_01291.png,21.89,16.64,3.789,3.404,10.3781,7.4129,1239.55,209.67,13.52,3.766,7.4129,201.06
1321,frame_01321.png,24.84,19.81,4.039,3.436,10.3781,7.4129,1279.6,217.8,16.55,3.758,7.4129,208.98
1351,frame_01351.png,24.49,19.8,3.714,3.021,11.8606,8.8955,1535.61,295.06,16.26,3.485,8.8955,281.86
1381,frame_01381.png,28.53,35.3,8.053,6.436,2.9652,2.9652,1787.28,135.28,26.5,7.768,2.9652,154.98
1411,frame_01411.png,16.92,8.3,5.633,4.545,5.9303,4.4477,1149.21,109.17,9.27,6.59,5.9303,112.01
1441,frame_01441.png,61.63,82.1,15.334,18.54,0.0,0.0,668.36,9.48,53.44,12.625,1.4826,8.88
1471,frame_01471.png,31.13,24.45,4.673,3.295,7.4129,5.9303,1247.4,206.54,20.24,3.527,5.9303,204.71
1501,frame_01501.png,24.95,18.82,4.039,3.483,10.3781,8.8955,1300.43,277.36,16.14,3.744,8.8955,266.94
1531,frame_01531.png,24.73,18.76,4.047,3.596,10.3781,8.8955,1306.6,275.86,16.56,3.836,8.8955,266.35
1561,frame_01561.png,24.61,19.61,3.931,3.484,10.3781,8.8955,1307.45,291.09,17.47,3.711,8.8955,282.54
1591,frame_01591.png,19.16,15.49,4.708,4.959,14.8258,11.8606,1566.13,589.07,19.04,5.692,11.8606,571.58
1621,frame_01621.png,19.03,15.37,4.694,5.035,14.8258,11.8606,1569.29,613.34,19.05,5.796,11.8606,599.18
1651,frame_01651.png,17.99,14.89,4.736,5.005,14.8258,11.8606,1591.4,620.01,18.9,5.708,11.8606,601.82
1681,frame_01681.png,18.1,14.57,4.446,4.985,16.3084,11.8606,1640.15,663.72,18.54,5.461,11.8606,644.24
1711,frame_01711.png,18.74,14.82,4.708,5.065,14.8258,11.8606,1588.18,639.54,19.01,5.896,11.8606,625.12
1741,frame_01741.png,19.37,15.75,4.827,5.238,14.8258,11.8606,1567.94,619.41,19.13,5.704,11.8606,605.18
1771,frame_01771.png,20.34,16.63,4.663,4.824,14.8258,11.8606,1455.07,522.17,19.55,5.669,11.8606,508.86
1801,frame_01801.png,20.05,10.53,6.129,6.45,8.8955,7.4129,1654.79,249.83,15.86,7.503,7.4129,249.08
1831,frame_01831.png,19.21,12.34,6.584,9.773,8.8955,5.9303,2310.65,179.1,15.9,11.052,4.4477,163.34
1861,frame_01861.png,19.87,14.81,6.2,9.769,8.8955,7.4129,2315.6,174.66,19.0,10.766,4.4477,154.14
1891,frame_01891.png,20.35,11.47,6.969,8.716,8.8955,7.4129,2044.24,206.24,24.21,11.288,7.4129,211.78
1921,frame_01921.png,19.7,11.08,6.69,8.644,10.3781,7.4129,2100.42,207.0,22.89,11.311,7.4129,210.95
1951,frame_01951.png,21.67,12.01,7.358,9.076,10.3781,8.8955,1914.88,216.16,26.54,11.863,8.8955,218.93
1981,frame_01981.png,25.21,12.78,7.442,8.759,7.4129,5.9303,1490.35,156.95,23.87,11.256,5.9303,161.52
2011,frame_02011.png,26.13,12.65,7.827,8.59,7.4129,5.9303,1174.01,132.81,26.02,10.904,5.9303,137.83
2041,frame_02041.png,25.3,12.37,7.379,7.844,7.4129,5.9303,1135.17,136.47,28.22,10.08,5.9303,140.64
2071,frame_02071.png,19.53,14.38,4.694,4.84,13.3432,10.3781,1404.33,468.38,17.2,5.546,11.8606,456.29
2101,frame_02101.png,17.36,13.61,4.665,4.792,14.8258,11.8606,1592.54,641.75,17.81,5.531,11.8606,624.84
2131,frame_02131.png,17.78,13.73,4.7,4.697,14.8258,11.8606,1569.29,627.58,18.01,5.624,11.8606,611.57
2161,frame_02161.png,22.84,11.84,7.282,6.999,7.4129,5.9303,1495.42,168.87,16.58,8.35,5.9303,173.91
2191,frame_02191.png,23.13,12.11,7.423,8.099,7.4129,5.9303,1745.38,180.63,19.4,9.974,5.9303,188.26
2221,frame_02221.png,126.53,95.76,21.423,31.085,0.0,0.0,2365.79,97.41,100.21,30.384,0.0,116.23
2251,frame_02251.png,123.02,103.27,19.238,30.186,0.0,0.0,2368.5,132.4,103.39,29.997,0.0,143.35
2281,frame_02281.png,124.05,104.52,19.709,29.823,0.0,0.0,2368.23,129.05,105.18,29.93,0.0,150.4
2311,frame_02311.png,23.05,13.87,7.565,9.195,7.4129,5.9303,2074.73,226.6,24.12,11.412,5.9303,233.64
2341,frame_02341.png,101.7,103.55,16.578,24.977,0.0,0.0,2357.09,129.51,103.8,24.489,0.0,150.32
2371,frame_02371.png,113.64,102.39,17.459,28.072,0.0,0.0,2377.99,129.39,103.36,27.559,0.0,141.15
2401,frame_02401.png,126.82,110.86,20.071,30.06,0.0,0.0,2378.44,131.83,107.16,29.927,0.0,153.21
2431,frame_02431.png,126.72,107.85,20.03,29.893,0.0,0.0,2389.89,132.71,104.52,29.917,0.0,144.26
2461,frame_02461.png,120.04,102.56,19.469,29.832,0.0,0.0,2386.76,129.96,103.81,29.829,0.0,150.62
2491,frame_02491.png,127.81,112.29,19.883,29.599,0.0,0.0,2388.05,131.2,106.31,29.804,0.0,152.72
2521,frame_02521.png,127.6,119.76,20.331,30.013,0.0,0.0,2371.15,132.68,105.51,29.932,0.0,143.94
2551,frame_02551.png,127.82,120.36,20.377,30.138,0.0,0.0,2384.8,132.3,108.82,29.934,0.0,154.69
2581,frame_02581.png,127.82,109.03,20.734,29.813,0.0,0.0,2375.88,131.85,104.85,29.979,0.0,143.46
2611,frame_02611.png,126.92,106.81,20.0,30.335,0.0,0.0,2373.31,128.58,105.77,29.924,0.0,149.83
2641,frame_02641.png,123.76,104.13,19.668,30.103,0.0,0.0,2384.97,129.09,104.0,29.919,0.0,141.17
2671,frame_02671.png,115.68,102.64,16.338,27.863,0.0,0.0,2382.99,129.74,103.86,27.753,0.0,151.47
2701,frame_02701.png,43.01,57.12,7.252,10.468,2.9652,2.9652,2315.05,149.73,55.49,10.337,1.4826,154.67
2731,frame_02731.png,35.01,48.32,6.852,9.839,2.9652,2.9652,2327.47,154.58,50.76,10.701,1.4826,156.99
2761,frame_02761.png,34.25,45.79,6.474,9.298,2.9652,2.9652,2318.25,118.48,47.31,10.296,1.4826,127.13
2791,frame_02791.png,21.51,14.24,6.922,9.586,8.8955,7.4129,2202.7,204.59,23.46,11.591,7.4129,205.69
2821,frame_02821.png,21.87,14.75,7.288,10.077,8.8955,7.4129,2249.12,202.47,23.88,11.843,7.4129,200.38
2851,frame_02851.png,22.58,14.96,6.64,9.894,10.3781,7.4129,2292.07,194.27,20.57,11.832,5.9303,176.92
2881,frame_02881.png,88.18,103.91,11.339,19.271,0.0,0.0,2366.24,100.31,101.93,17.569,0.0,117.82
2911,frame_02911.png,86.11,102.63,10.844,18.946,0.0,0.0,2366.17,100.6,101.41,17.655,0.0,117.83
2941,frame_02941.png,126.47,95.93,20.331,30.185,0.0,0.0,2379.01,97.56,100.22,29.979,0.0,116.32
2971,frame_02971.png,124.59,98.56,20.122,30.204,0.0,0.0,2377.94,97.72,102.12,29.916,0.0,116.39
3001,frame_03001.png,76.2,90.8,7.918,13.452,1.4826,0.0,2281.01,103.23,88.71,16.108,0.0,120.22
3031,frame_03031.png,126.06,98.76,20.328,29.75,0.0,0.0,2375.52,97.72,102.32,29.639,0.0,116.46
3061,frame_03061.png,126.94,95.62,19.755,30.206,0.0,0.0,2383.68,97.64,100.73,29.834,0.0,116.35
3091,frame_03091.png,127.46,96.82,19.903,30.174,0.0,0.0,2386.36,97.56,99.9,29.953,0.0,116.29
3121,frame_03121.png,127.25,95.67,19.739,30.099,0.0,0.0,2378.9,97.63,100.48,29.883,0.0,116.34
3151,frame_03151.png,127.05,98.43,19.698,30.179,0.0,0.0,2398.7,97.56,99.94,29.886,0.0,116.3
3181,frame_03181.png,127.35,100.34,20.402,30.372,0.0,0.0,2395.78,97.47,99.03,30.008,0.0,116.21
3211,frame_03211.png,126.36,95.88,19.805,30.171,0.0,0.0,2380.61,97.57,100.06,29.954,0.0,116.31
3241,frame_03241.png,115.43,104.72,20.939,28.618,0.0,0.0,2389.21,98.07,105.17,27.99,0.0,116.8
3271,frame_03271.png,74.29,88.87,9.943,11.925,1.4826,1.4826,2386.77,101.95,85.59,15.365,0.0,118.92
3301,frame_03301.png,110.59,105.27,20.908,26.623,0.0,0.0,2385.38,98.04,105.25,27.059,0.0,117.03
3331,frame_03331.png,79.36,95.3,9.427,14.847,0.0,0.0,2321.75,101.63,92.07,13.425,0.0,118.62
3361,frame_03361.png,90.07,102.27,11.381,18.605,0.0,0.0,2372.15,99.1,102.56,17.567,0.0,117.87
3391,frame_03391.png,19.25,11.46,6.602,9.038,8.8955,7.4129,2135.52,196.98,20.62,11.249,5.9303,197.42
3421,frame_03421.png,19.78,11.15,7.025,8.964,10.3781,8.8955,2020.82,208.3,24.24,11.515,7.4129,214.4
3451,frame_03451.png,19.21,11.58,6.555,9.148,10.3781,7.4129,2159.08,202.81,20.05,11.339,7.4129,198.48
3481,frame_03481.png,18.46,9.77,6.827,8.772,8.8955,7.4129,2081.89,199.54,19.73,11.232,7.4129,202.67
3511,frame_03511.png,19.11,10.3,6.827,8.878,10.3781,7.4129,2060.89,201.3,22.76,11.507,7.4129,205.99
3541,frame_03541.png,18.86,11.65,6.879,9.103,8.8955,5.9303,2144.77,182.09,16.5,10.955,4.4477,163.84
3571,frame_03571.png,18.73,9.73,6.554,8.791,8.8955,7.4129,2114.56,194.29,17.27,11.229,5.9303,188.5
3601,frame_03601.png,20.81,12.2,7.158,9.18,10.3781,8.8955,1949.64,209.32,27.34,12.087,8.8955,217.17
3631,frame_03631.png,18.08,10.51,6.387,8.867,8.8955,7.4129,2167.45,200.85,16.51,10.78,5.9303,182.71
3661,frame_03661.png,19.19,10.74,6.818,8.924,8.8955,7.4129,2014.3,200.8,24.08,11.645,7.4129,210.46
3691,frame_03691.png,16.92,9.5,6.182,8.824,8.8955,7.4129,2159.32,198.42,16.53,10.819,5.9303,184.03
3721,frame_03721.png,18.65,10.78,6.677,8.945,8.8955,7.4129,2051.83,198.16,22.64,11.466,7.4129,205.03
3751,frame_03751.png,94.61,89.89,10.89,8.678,111.1935,91.9199,18142.5,13373.3,95.28,9.405,90.4374,12108.25
3781,frame_03781.png,95.54,92.71,10.619,8.38,120.089,102.298,21397.66,15878.32,97.6,8.808,99.3328,14051.01
3811,frame_03811.png,95.68,91.34,11.05,8.811,115.6412,94.8851,19684.81,14589.51,96.37,9.614,94.8851,13220.16
3841,frame_03841.png,93.85,91.66,10.8,8.462,118.6064,99.3328,19770.96,14580.46,97.48,9.575,96.3677,12840.56
3871,frame_03871.png,88.77,84.73,10.602,7.895,99.3328,80.0593,16313.28,11599.8,90.73,8.862,78.5767,10368.94
3901,frame_03901.png,93.05,86.96,10.757,8.357,102.298,84.507,16519.61,12105.93,92.61,9.11,83.0245,11105.75
3931,frame_03931.png,84.63,82.45,8.153,6.785,45.96,34.0993,8654.63,5324.12,89.09,7.725,35.5819,4779.33
3961,frame_03961.png,57.7,51.54,7.985,6.071,57.8206,40.0297,6068.56,3142.48,72.6,7.904,40.0297,2839.92
3991,frame_03991.png,65.43,55.71,9.383,7.528,37.0645,29.6516,3289.11,1856.7,64.56,9.16,29.6516,1667.57
4021,frame_04021.png,54.22,46.57,8.486,7.132,32.6168,26.6864,2790.7,1318.39,61.15,8.952,26.6864,1182.99
4051,frame_04051.png,60.13,47.91,8.962,7.047,20.7561,19.2735,2577.54,1241.11,56.84,8.371,20.7561,1153.65
4081,frame_04081.png,49.4,19.22,6.319,5.036,22.2387,13.3432,1345.68,285.4,42.94,7.028,13.3432,268.16
4111,frame_04111.png,58.27,14.15,6.856,4.912,34.0993,19.2735,3222.61,736.73,38.4,5.529,19.2735,732.03
4141,frame_04141.png,71.55,57.95,8.315,6.186,28.169,22.2387,4236.7,2005.01,68.17,6.52,23.7213,1852.0
4171,frame_04171.png,66.18,58.17,8.08,6.54,35.5819,26.6864,3160.37,1665.48,68.16,8.213,26.6864,1509.26
4201,frame_04201.png,81.89,81.03,10.189,7.587,75.6116,59.3032,10587.87,7062.38,92.63,8.768,59.3032,6330.16
4231,frame_04231.png,75.25,68.01,8.938,7.46,54.8554,42.9948,5605.51,3757.52,78.94,9.223,41.5122,3276.27
4261,frame_04261.png,94.67,90.58,10.785,8.055,112.6761,88.9548,18688.85,13513.16,95.93,8.707,88.9548,11974.43
4291,frame_04291.png,90.92,85.36,10.255,7.872,87.4722,69.6812,15193.13,10662.04,90.57,8.454,71.1638,9676.64
4321,frame_04321.png,84.75,78.87,10.944,7.81,90.4374,71.1638,14700.62,10165.42,87.31,9.021,71.1638,9218.92
4351,frame_04351.png,83.2,74.74,10.925,7.795,68.1987,54.8554,9777.62,6675.15,82.77,9.29,56.338,6165.67
4381,frame_04381.png,79.36,72.97,9.781,7.33,42.9948,37.0645,5776.33,3598.89,76.77,8.047,37.0645,3326.15
4411,frame_04411.png,36.62,19.49,6.047,5.038,14.8258,13.3432,1476.82,355.65,34.72,6.829,11.8606,311.32
4441,frame_04441.png,35.02,14.22,6.618,4.339,10.3781,7.4129,1495.36,185.26,20.44,5.147,7.4129,173.82
4471,frame_04471.png,37.93,19.36,5.582,4.546,16.3084,11.8606,1408.92,341.08,34.17,6.313,11.8606,301.84
4501,frame_04501.png,44.21,23.01,7.045,4.594,10.3781,8.8955,1494.36,288.08,28.91,5.375,8.8955,268.97
4531,frame_04531.png,43.96,21.12,6.742,4.47,14.8258,11.8606,1476.0,302.11,33.85,5.668,11.8606,284.03
4561,frame_04561.png,55.38,32.15,6.754,5.392,19.2735,14.8258,1933.08,487.37,46.98,7.605,14.8258,443.06
4591,frame_04591.png,33.79,17.99,6.804,6.009,14.8258,11.8606,1327.95,306.43,31.92,7.786,11.8606,270.69
4621,frame_04621.png,21.75,12.43,6.863,8.748,8.8955,7.4129,2150.9,200.19,22.35,10.877,5.9303,200.35
4651,frame_04651.png,23.46,11.6,7.168,8.123,8.8955,7.4129,1928.05,202.96,21.48,9.922,7.4129,213.05
4681,frame_04681.png,34.11,15.2,6.444,4.517,10.3781,8.8955,1419.44,168.66,22.23,5.864,7.4129,153.31
4711,frame_04711.png,52.35,38.79,7.316,6.243,42.9948,34.0993,5327.02,3400.96,28.17,6.917,32.6168,3108.71
4741,frame_04741.png,28.46,23.86,6.094,5.778,7.4129,5.9303,1513.08,346.26,21.65,6.301,7.4129,335.05
4771,frame_04771.png,22.28,19.14,5.889,5.704,11.8606,10.3781,1688.98,544.12,18.99,6.291,10.3781,508.34
4801,frame_04801.png,27.53,24.37,5.806,5.818,10.3781,8.8955,1774.1,640.63,23.36,6.26,8.8955,600.99
4831,frame_04831.png,27.3,24.38,5.69,5.614,8.8955,7.4129,1611.35,490.0,22.67,6.279,7.4129,460.13
4861,frame_04861.png,33.99,25.31,5.251,3.434,5.9303,5.9303,1277.83,288.02,20.11,4.007,5.9303,280.14
4891,frame_04891.png,23.36,28.19,5.979,6.239,8.8955,7.4129,1343.79,205.17,18.66,6.248,7.4129,181.18
4921,frame_04921.png,19.35,7.82,5.847,4.546,5.9303,5.9303,1195.09,135.11,11.88,6.547,5.9303,137.45
4951,frame_04951.png,18.97,10.82,6.728,4.751,4.4477,4.4477,1200.38,117.67,11.97,6.606,5.9303,121.9
4981,frame_04981.png,18.17,6.47,5.595,5.562,11.8606,8.8955,942.83,189.75,19.56,8.364,8.8955,158.18
5011,frame_05011.png,55.26,73.81,6.971,8.965,1.4826,1.4826,2368.58,104.51,49.81,7.883,1.4826,124.66
5041,frame_05041.png,26.34,18.59,4.293,3.132,10.3781,7.4129,1417.02,229.16,15.61,3.456,8.8955,230.97
5071,frame_05071.png,27.05,17.6,4.266,3.267,8.8955,7.4129,1402.53,215.09,14.32,3.698,7.4129,218.24
5101,frame_05101.png,37.8,29.89,5.628,3.243,5.9303,5.9303,1212.06,256.75,25.18,3.431,5.9303,240.0
5131,frame_05131.png,28.77,22.08,4.789,3.569,8.8955,7.4129,1309.0,240.16,17.97,3.903,7.4129,226.47
5161,frame_05161.png,27.0,19.09,4.135,3.299,11.8606,7.4129,1568.4,431.3,16.3,3.618,7.4129,420.03
5191,frame_05191.png,38.33,29.73,4.234,3.376,8.8955,7.4129,1553.55,539.03,27.34,3.61,7.4129,523.9
5221,frame_05221.png,38.81,31.33,3.893,3.33,10.3781,5.9303,1581.38,535.22,27.72,3.553,7.4129,519.04
5251,frame_05251.png,36.91,25.78,3.861,3.002,10.3781,7.4129,1604.29,565.17,24.15,3.417,7.4129,550.94
5281,frame_05281.png,34.17,26.42,5.33,4.101,4.4477,4.4477,1414.97,431.04,18.7,4.289,4.4477,425.33
5311,frame_05311.png,30.64,19.47,3.775,2.899,7.4129,5.9303,1462.86,487.96,15.29,3.572,5.9303,471.94
5341,frame_05341.png,31.88,18.81,3.256,2.782,8.8955,5.9303,1477.66,496.31,17.96,3.276,5.9303,480.38
5371,frame_05371.png,33.61,21.92,3.9,2.87,7.4129,5.9303,1440.23,487.05,19.47,3.431,5.9303,469.95
5401,frame_05401.png,33.57,19.21,3.302,2.797,10.3781,5.9303,1519.14,511.27,19.42,3.407,5.9303,495.9
5431,frame_05431.png,40.73,35.95,6.612,4.452,2.9652,2.9652,1290.49,397.86,27.17,5.018,2.9652,394.27
5461,frame_05461.png,21.05,15.38,4.363,3.498,7.4129,5.9303,1158.38,134.01,14.45,4.662,5.9303,126.73
5491,frame_05491.png,21.24,16.89,4.678,3.626,5.9303,4.4477,1190.19,118.41,8.69,5.238,4.4477,111.75
5521,frame_05521.png,19.48,11.04,6.098,4.515,5.9303,4.4477,1150.39,80.25,8.89,6.541,4.4477,79.52
5551,frame_05551.png,19.53,10.65,7.272,5.034,4.4477,4.4477,1266.29,94.61,10.33,7.07,4.4477,100.04
5581,frame_05581.png,21.77,13.12,4.463,3.208,7.4129,7.4129,1266.6,164.98,11.69,4.049,7.4129,161.32
5611,frame_05611.png,20.23,10.2,4.949,3.859,5.9303,5.9303,1308.85,116.27,6.58,5.689,5.9303,114.97
5641,frame_05641.png,22.59,12.25,4.952,3.991,5.9303,5.9303,1341.27,117.5,9.82,5.563,5.9303,117.06
5671,frame_05671.png,19.46,9.75,7.09,4.982,5.9303,4.4477,1120.41,86.86,9.64,7.299,4.4477,90.01
5701,frame_05701.png,22.23,13.6,6.767,4.493,5.9303,4.4477,1277.51,106.36,11.95,5.839,4.4477,112.91
5731,frame_05731.png,23.2,13.85,5.685,3.963,5.9303,5.9303,1238.69,124.57,12.87,5.184,5.9303,126.68
5761,frame_05761.png,22.66,12.9,4.347,3.559,8.8955,7.4129,1436.23,174.33,11.66,4.519,7.4129,175.15
5791,frame_05791.png,26.07,18.7,5.1,3.721,7.4129,5.9303,1363.01,153.41,15.33,4.527,5.9303,155.39
5821,frame_05821.png,25.54,19.05,4.789,3.598,7.4129,5.9303,1334.29,164.8,15.44,4.392,5.9303,164.89
5851,frame_05851.png,25.8,19.14,4.677,3.564,8.8955,5.9303,1298.58,177.76,15.99,4.116,5.9303,174.49
5881,frame_05881.png,26.31,20.54,4.441,3.48,8.8955,5.9303,1269.47,193.06,17.39,3.993,5.9303,186.9
5911,frame_05911.png,26.0,19.7,4.668,3.533,7.4129,5.9303,1270.36,165.29,16.29,4.312,5.9303,160.78
5941,frame_05941.png,37.42,25.83,4.619,3.482,5.9303,5.9303,1592.61,470.45,23.47,4.375,5.9303,467.28
5971,frame_05971.png,38.55,28.54,4.444,3.282,7.4129,5.9303,1569.12,482.08,24.64,3.968,5.9303,475.1
6001,frame_06001.png,37.21,25.81,3.919,3.22,10.3781,7.4129,1565.37,573.16,25.06,3.708,7.4129,549.44
6031,frame_06031.png,36.43,29.15,4.249,3.56,7.4129,5.9303,1441.98,500.47,21.94,5.05,5.9303,479.3
6061,frame_06061.png,33.83,24.99,3.572,3.246,10.3781,7.4129,1511.96,538.6,23.07,3.989,7.4129,520.68
6091,frame_06091.png,34.63,24.06,3.598,3.219,10.3781,7.4129,1605.71,543.49,23.91,3.931,7.4129,525.1
6121,frame_06121.png,30.06,18.31,4.054,3.819,5.9303,5.9303,1729.41,490.22,19.96,4.635,5.9303,481.73
6151,frame_06151.png,29.86,15.09,4.629,4.728,7.4129,5.9303,1672.42,492.24,23.49,7.008,5.9303,482.06
6181,frame_06181.png,28.63,14.87,4.478,4.798,8.8955,7.4129,1590.11,491.94,24.54,6.924,7.4129,473.11
6211,frame_06211.png,28.61,16.3,4.579,5.028,8.8955,7.4129,1632.41,505.02,26.14,7.135,7.4129,480.4
6241,frame_06241.png,26.31,14.45,4.34,4.772,7.4129,5.9303,1697.07,490.73,22.9,6.778,5.9303,471.05
6271,frame_06271.png,28.95,16.8,5.16,5.255,7.4129,7.4129,1588.04,490.58,24.88,7.039,7.4129,469.86
6301,frame_06301.png,28.36,16.75,3.812,4.592,7.4129,7.4129,1477.05,505.19,21.26,6.849,7.4129,470.68
6331,frame_06331.png,27.32,18.72,5.825,6.206,4.4477,4.4477,1398.46,141.92,34.2,8.44,4.4477,135.04
6361,frame_06361.png,15.62,5.99,6.169,6.169,8.8955,7.4129,1370.04,167.55,12.05,8.971,7.4129,149.63
6391,frame_06391.png,16.18,6.55,7.045,6.374,5.9303,5.9303,1318.48,135.15,9.91,8.958,5.9303,130.66
6421,frame_06421.png,13.05,3.26,6.33,6.327,7.4129,5.9303,1362.09,155.15,9.41,9.012,5.9303,150.43
6451,frame_06451.png,16.01,6.39,6.817,6.37,5.9303,5.9303,1498.74,159.61,10.61,9.07,5.9303,161.28
6481,frame_06481.png,33.53,21.13,5.58,6.167,5.9303,4.4477,1833.74,182.68,36.25,8.053,4.4477,185.37
6511,frame_06511.png,27.11,18.0,6.402,5.857,8.8955,7.4129,1722.47,336.99,43.06,8.253,8.8955,332.89
6541,frame_06541.png,20.44,13.21,8.578,6.066,4.4477,4.4477,1091.7,108.93,15.71,8.439,4.4477,106.15
6571,frame_06571.png,34.74,25.65,7.158,5.866,2.9652,2.9652,1302.72,73.18,29.57,7.933,2.9652,73.95
6601,frame_06601.png,21.14,14.6,5.928,4.95,5.9303,5.9303,1170.04,127.93,12.08,5.939,5.9303,131.85
6631,frame_06631.png,21.01,11.68,6.615,5.271,5.9303,5.9303,1293.09,128.43,11.63,6.932,5.9303,135.48
6661,frame_06661.png,18.82,7.63,6.498,7.761,8.8955,7.4129,2101.36,205.22,16.08,9.261,7.4129,201.4
6691,frame_06691.png,19.12,11.9,6.698,9.365,8.8955,7.4129,2263.65,185.09,14.24,10.538,4.4477,157.72
6721,frame_06721.png,28.16,23.19,5.128,5.363,5.9303,5.9303,2277.65,291.65,11.59,6.711,5.9303,285.53
6751,frame_06751.png,35.29,40.57,9.974,9.363,2.9652,1.4826,877.66,18.74,35.76,9.014,2.9652,21.01
6781,frame_06781.png,31.86,39.21,9.857,9.582,2.9652,1.4826,859.33,16.75,34.0,9.468,2.9652,18.82
6811,frame_06811.png,15.97,10.12,5.569,7.76,7.4129,5.9303,1129.1,67.63,14.09,8.509,4.4477,57.9
6841,frame_06841.png,145.77,145.49,9.677,8.28,38.5471,23.7213,10386.4,7275.13,156.08,8.349,23.7213,6225.12
6871,frame_06871.png,21.19,11.07,7.63,5.989,4.4477,4.4477,1396.04,113.09,11.88,8.738,5.9303,115.82
6901,frame_06901.png,86.27,66.18,6.316,6.021,0.0,0.0,1802.24,106.32,71.12,8.279,0.0,99.06
6931,frame_06931.png,11.37,3.53,5.455,5.724,8.8955,7.4129,1375.86,160.47,12.94,8.466,7.4129,151.65
6961,frame_06961.png,36.8,49.03,10.267,7.746,1.4826,1.4826,1150.54,52.15,41.05,8.297,2.9652,60.49
6991,frame_06991.png,127.89,107.42,21.02,33.688,0.0,0.0,2479.15,101.52,103.41,29.672,0.0,120.46
7021,frame_07021.png,127.61,109.35,21.039,33.669,0.0,0.0,2473.33,99.61,104.0,29.662,0.0,118.47
7051,frame_07051.png,127.29,126.08,20.965,33.571,0.0,0.0,2476.61,97.31,102.91,30.959,0.0,116.2
7081,frame_07081.png,127.16,126.08,20.91,33.573,0.0,0.0,2478.81,97.32,102.91,30.96,0.0,116.21
7111,frame_07111.png,127.69,112.95,20.991,33.572,0.0,0.0,2481.2,97.31,101.61,30.787,0.0,116.2
7141,frame_07141.png,129.64,126.08,21.142,33.572,0.0,0.0,2410.04,97.32,102.91,30.96,0.0,116.2
7171,frame_07171.png,129.36,117.43,21.091,33.556,0.0,0.0,2414.07,97.32,100.9,30.853,0.0,116.2
7201,frame_07201.png,129.19,97.23,21.134,30.639,0.0,0.0,2410.31,97.37,98.8,30.116,0.0,116.2
7231,frame_07231.png,92.37,96.47,10.24,13.914,0.0,0.0,2378.84,103.99,96.7,14.697,0.0,118.7
7261,frame_07261.png,64.83,71.16,7.102,10.434,0.0,0.0,2347.36,118.42,70.42,11.154,0.0,126.67
7291,frame_07291.png,67.14,75.66,6.899,10.689,1.4826,0.0,2323.93,113.26,73.44,11.758,0.0,124.28
7321,frame_07321.png,39.26,38.0,6.272,8.888,4.4477,2.9652,2296.85,150.47,38.69,9.985,2.9652,143.63
7351,frame_07351.png,45.04,40.26,6.256,8.5,4.4477,4.4477,2328.88,163.49,44.09,10.138,2.9652,156.3
7381,frame_07381.png,55.12,50.05,6.549,8.561,4.4477,2.9652,2305.09,161.9,54.58,10.244,2.9652,160.58
7411,frame_07411.png,38.78,29.36,5.735,6.842,4.4477,2.9652,2296.83,194.5,34.03,7.68,2.9652,192.28
7441,frame_07441.png,26.93,17.93,5.152,6.772,7.4129,5.9303,2334.79,223.41,23.4,7.507,4.4477,217.32
7471,frame_07471.png,25.29,16.17,5.191,6.606,7.4129,5.9303,2308.73,214.01,19.95,7.406,4.4477,207.71
7501,frame_07501.png,17.56,8.09,5.317,6.603,10.3781,7.4129,2286.28,248.43,14.0,7.738,5.9303,236.22
7531,frame_07531.png,17.62,7.8,5.334,6.547,10.3781,7.4129,2198.53,251.87,13.93,7.278,7.4129,243.76
7561,frame_07561.png,17.28,8.41,5.382,6.744,11.8606,8.8955,2105.96,278.63,19.34,8.91,8.8955,268.98
7591,frame_07591.png,16.07,8.3,5.249,6.526,13.3432,10.3781,2099.25,326.56,18.0,7.588,10.3781,319.24
7621,frame_07621.png,19.82,7.77,4.659,4.114,7.4129,5.9303,1246.2,146.28,10.6,5.556,7.4129,146.51
7651,frame_07651.png,23.64,18.9,6.511,4.775,4.4477,4.4477,1137.94,114.58,15.48,5.576,4.4477,117.31
7681,frame_07681.png,16.63,9.13,5.9,6.909,13.3432,10.3781,1869.46,318.5,16.66,8.243,10.3781,319.92
7711,frame_07711.png,17.43,9.43,6.092,6.616,11.8606,8.8955,1892.13,332.97,15.97,7.863,10.3781,335.36
7741,frame_07741.png,21.58,12.43,6.855,6.981,11.8606,8.8955,1408.85,296.23,23.81,8.216,8.8955,302.06
7771,frame_07771.png,22.29,13.25,6.964,7.289,8.8955,7.4129,1216.43,247.87,18.03,8.716,7.4129,238.65
7801,frame_07801.png,22.68,12.04,6.421,6.759,10.3781,7.4129,1194.28,228.22,18.4,8.378,8.8955,220.7
7831,frame_07831.png,26.0,15.56,6.974,6.968,8.8955,7.4129,1103.81,192.59,18.53,8.426,7.4129,185.18
7861,frame_07861.png,24.37,13.23,6.964,6.886,7.4129,5.9303,1092.78,160.75,17.84,8.176,7.4129,159.57
7891,frame_07891.png,21.05,11.23,5.909,6.644,11.8606,8.8955,1118.25,211.31,19.84,7.862,8.8955,205.87
7921,frame_07921.png,20.68,10.5,5.972,6.541,11.8606,8.8955,1119.98,220.24,18.64,7.623,8.8955,212.83
7951,frame_07951.png,21.35,10.9,6.064,6.599,11.8606,8.8955,1106.3,194.33,19.16,7.603,8.8955,193.68
7981,frame_07981.png,20.97,11.02,6.068,6.809,11.8606,8.8955,1133.25,215.6,18.86,7.744,10.3781,212.9
8011,frame_08011.png,21.01,11.25,5.984,6.628,11.8606,8.8955,1135.72,211.02,18.78,7.597,8.8955,209.04
8041,frame_08041.png,21.74,10.91,5.964,6.736,11.8606,8.8955,1132.46,201.47,19.06,7.706,8.8955,200.25
8071,frame_08071.png,18.87,9.08,5.602,6.486,11.8606,10.3781,1165.13,216.61,19.64,7.723,10.3781,209.98
8101,frame_08101.png,20.12,9.79,6.302,6.859,10.3781,8.8955,1128.91,193.53,18.44,8.048,8.8955,193.74
8131,frame_08131.png,20.08,10.43,5.921,6.303,11.8606,8.8955,1124.53,217.9,18.97,7.195,8.8955,212.44
8161,frame_08161.png,19.95,9.47,5.766,6.465,11.8606,8.8955,1104.74,198.28,18.06,7.616,8.8955,195.29
8191,frame_08191.png,21.54,11.78,6.227,6.649,10.3781,7.4129,1097.71,200.14,17.97,7.39,8.8955,199.16
8221,frame_08221.png,21.31,12.01,5.833,6.671,11.8606,8.8955,1129.69,223.95,19.85,7.726,10.3781,217.24
8251,frame_08251.png,21.22,12.14,5.822,6.842,11.8606,10.3781,1119.29,220.55,19.55,7.748,10.3781,216.77
8281,frame_08281.png,20.76,11.96,5.531,6.431,13.3432,10.3781,1164.02,256.13,19.17,7.327,10.3781,247.09
8311,frame_08311.png,20.46,11.32,5.498,6.326,11.8606,10.3781,1150.4,241.6,18.86,7.361,10.3781,234.28
8341,frame_08341.png,22.65,14.11,5.983,6.279,10.3781,8.8955,1127.65,237.04,19.0,7.061,8.8955,229.23
8371,frame_08371.png,19.79,11.76,5.581,6.242,13.3432,10.3781,1156.6,253.76,19.1,7.148,10.3781,247.55
8401,frame_08401.png,19.15,10.98,5.496,6.55,13.3432,10.3781,1156.92,254.8,18.6,7.253,10.3781,247.18
8431,frame_08431.png,20.51,12.29,5.507,6.484,13.3432,10.3781,1138.89,244.58,19.21,7.355,10.3781,238.54
8461,frame_08461.png,21.05,13.31,5.497,6.36,13.3432,10.3781,1176.78,266.23,20.73,7.321,10.3781,257.64
8491,frame_08491.png,20.27,12.66,5.269,6.211,13.3432,10.3781,1170.81,259.67,19.84,7.043,10.3781,253.01
8521,frame_08521.png,20.54,12.09,5.409,6.197,13.3432,10.3781,1153.66,252.88,20.04,7.072,10.3781,243.62
8551,frame_08551.png,21.79,12.53,5.862,6.3,10.3781,8.8955,1121.35,228.31,17.76,6.853,8.8955,223.74
8581,frame_08581.png,20.29,12.11,5.371,6.396,13.3432,10.3781,1145.76,245.63,19.35,7.33,10.3781,237.82
8611,frame_08611.png,19.42,11.09,5.42,6.172,13.3432,10.3781,1149.04,251.2,18.69,7.163,10.3781,242.81
8641,frame_08641.png,20.46,13.13,5.605,6.39,13.3432,10.3781,1160.65,261.16,21.01,7.342,10.3781,253.69
8671,frame_08671.png,21.0,12.64,5.214,6.108,13.3432,10.3781,1153.02,262.82,21.04,6.982,10.3781,254.35
8701,frame_08701.png,20.29,12.39,5.174,6.206,13.3432,10.3781,1160.62,266.77,20.13,7.046,10.3781,260.15
8731,frame_08731.png,18.91,10.95,4.983,5.764,13.3432,10.3781,1171.5,271.59,18.47,6.736,10.3781,255.59
8761,frame_08761.png,17.84,7.26,5.445,5.975,11.8606,8.8955,1110.39,212.71,16.93,6.694,8.8955,207.85
8791,frame_08791.png,18.89,8.52,5.451,5.672,11.8606,8.8955,1090.86,200.41,17.21,6.474,8.8955,195.97
8821,frame_08821.png,21.96,13.49,5.653,5.709,11.8606,8.8955,1101.49,247.87,18.84,6.523,8.8955,239.9
8851,frame_08851.png,19.43,12.33,5.143,5.846,13.3432,10.3781,1152.79,271.59,19.76,6.774,10.3781,264.81
8881,frame_08881.png,19.5,11.43,5.466,5.862,13.3432,10.3781,1133.13,251.83,19.0,6.507,10.3781,246.01
8911,frame_08911.png,19.23,11.22,5.221,5.432,13.3432,10.3781,1125.73,247.84,18.76,6.106,10.3781,242.36
8941,frame_08941.png,22.1,12.77,5.69,5.521,11.8606,8.8955,1109.99,245.9,18.56,6.4,8.8955,240.99
8971,frame_08971.png,21.79,12.89,5.726,5.701,10.3781,8.8955,1091.87,226.84,18.36,6.737,8.8955,223.75
9001,frame_09001.png,19.41,11.1,5.258,5.441,13.3432,10.3781,1140.52,267.5,18.99,6.384,10.3781,259.33
9031,frame_09031.png,19.34,11.65,5.336,5.743,13.3432,10.3781,1133.38,257.81,18.77,6.564,10.3781,249.3
9061,frame_09061.png,22.4,13.71,5.747,5.446,10.3781,8.8955,1097.52,227.53,19.27,6.459,8.8955,222.95
9091,frame_09091.png,19.49,11.83,5.19,5.652,13.3432,10.3781,1136.91,253.54,18.12,6.462,10.3781,244.25
9121,frame_09121.png,19.1,11.38,5.149,5.293,13.3432,10.3781,1149.17,265.02,18.4,6.191,10.3781,253.22
9151,frame_09151.png,17.81,10.91,5.146,5.132,13.3432,10.3781,1144.9,264.58,18.34,6.043,10.3781,254.78
9181,frame_09181.png,20.88,11.37,5.422,5.547,11.8606,8.8955,1109.7,236.47,17.42,6.907,8.8955,222.23
9211,frame_09211.png,22.0,13.04,5.915,5.848,10.3781,8.8955,1082.21,223.1,17.78,6.486,8.8955,219.08
9241,frame_09241.png,24.2,14.22,6.399,6.29,8.8955,7.4129,1071.25,185.95,11.96,8.14,7.4129,174.49
9271,frame_09271.png,23.27,12.71,6.446,5.952,8.8955,7.4129,1030.59,170.7,17.72,6.934,7.4129,166.52
9301,frame_09301.png,23.63,11.7,6.234,6.277,8.8955,7.4129,1088.37,166.16,18.56,7.525,7.4129,164.42
9331,frame_09331.png,23.38,10.1,7.635,8.197,8.8955,7.4129,1066.91,144.31,23.92,10.241,7.4129,139.3
9361,frame_09361.png,22.08,10.1,7.195,8.433,10.3781,7.4129,1064.24,147.52,27.22,10.921,7.4129,142.94
9391,frame_09391.png,24.06,11.61,7.433,8.511,10.3781,7.4129,1047.82,148.69,28.4,10.933,7.4129,143.92
9421,frame_09421.png,22.68,11.32,7.066,8.684,10.3781,7.4129,1114.16,148.23,26.55,11.234,7.4129,142.51
9451,frame_09451.png,17.57,9.33,7.14,6.262,5.9303,5.9303,1226.6,150.22,10.47,4.637,5.9303,152.65
9481,frame_09481.png,108.52,101.84,13.397,18.93,0.0,0.0,2314.11,206.14,45.64,5.771,2.9652,212.18
9511,frame_09511.png,56.25,65.32,9.56,7.684,1.4826,1.4826,1116.83,19.97,47.31,7.45,1.4826,26.34
9541,frame_09541.png,16.8,5.54,6.03,5.844,8.8955,7.4129,1242.65,138.35,15.03,8.813,7.4129,135.7
9571,frame_09571.png,19.25,7.47,6.555,5.775,5.9303,5.9303,1158.84,118.09,16.06,8.745,5.9303,120.15
9601,frame_09601.png,25.46,12.18,7.795,8.463,10.3781,8.8955,1080.32,158.76,31.7,11.326,8.8955,158.02
9631,frame_09631.png,23.25,10.26,6.766,6.962,10.3781,7.4129,1086.21,181.98,24.79,8.686,8.8955,186.03
9661,frame_09661.png,18.37,13.28,5.058,6.248,14.8258,11.8606,1292.55,341.29,23.95,7.658,11.8606,326.82
9691,frame_09691.png,18.02,8.14,6.175,6.251,8.8955,7.4129,1224.69,227.18,12.74,7.09,7.4129,227.49
9721,frame_09721.png,25.37,11.91,7.862,8.231,7.4129,5.9303,1190.62,138.67,24.06,10.397,5.9303,142.6
9751,frame_09751.png,25.18,11.55,7.805,8.493,8.8955,7.4129,1156.49,158.62,24.89,10.646,7.4129,150.02
9781,frame_09781.png,24.4,11.33,7.332,8.28,10.3781,7.4129,1124.56,157.3,26.5,10.784,7.4129,147.06
9811,frame_09811.png,23.38,11.43,7.196,8.428,10.3781,7.4129,1096.45,149.76,28.58,10.918,7.4129,144.88
9841,frame_09841.png,23.47,10.55,7.515,8.469,8.8955,7.4129,1044.27,134.04,24.27,10.915,7.4129,128.65
9871,frame_09871.png,21.8,9.78,7.486,8.387,8.8955,7.4129,1058.53,138.48,25.23,10.807,7.4129,133.28
9901,frame_09901.png,23.7,11.73,7.367,8.798,10.3781,8.8955,1101.34,151.9,26.73,11.056,7.4129,146.01
9931,frame_09931.png,21.67,9.74,7.461,8.25,8.8955,7.4129,1052.27,131.81,23.62,10.641,7.4129,125.97
9961,frame_09961.png,22.66,10.9,7.118,8.383,10.3781,8.8955,1107.14,158.96,26.7,10.987,8.8955,149.92
9991,frame_09991.png,23.5,11.53,7.382,8.565,10.3781,7.4129,1082.29,147.05,26.76,11.246,7.4129,139.38
10021,frame_10021.png,22.29,10.72,7.238,8.428,10.3781,7.4129,1125.65,151.57,25.08,10.804,7.4129,143.73
10051,frame_10051.png,22.01,9.88,7.278,8.514,10.3781,7.4129,1141.06,147.74,24.09,11.023,7.4129,140.04
10081,frame_10081.png,23.21,11.18,7.553,8.618,10.3781,7.4129,1106.09,148.3,24.91,10.807,7.4129,139.07
10111,frame_10111.png,22.09,10.66,7.384,8.449,10.3781,7.4129,1104.47,150.43,25.22,10.785,7.4129,140.79
10141,frame_10141.png,22.58,10.82,7.255,8.479,10.3781,8.8955,1116.33,151.49,25.0,10.914,7.4129,141.87
10171,frame_10171.png,23.43,11.09,7.294,8.725,10.3781,8.8955,1111.11,149.79,24.27,11.037,7.4129,140.78
10201,frame_10201.png,22.82,11.38,7.463,8.462,10.3781,7.4129,1091.5,147.31,26.23,10.593,7.4129,138.89
10231,frame_10231.png,22.95,10.99,7.407,8.48,10.3781,7.4129,1084.23,143.52,25.12,10.699,7.4129,136.34
10261,frame_10261.png,23.19,10.99,7.386,8.534,10.3781,7.4129,1113.69,149.88,24.92,10.881,7.4129,143.96
10291,frame_10291.png,23.17,11.49,7.529,8.675,10.3781,8.8955,1105.84,152.28,27.13,10.828,7.4129,146.42
10321,frame_10321.png,22.17,11.02,7.506,8.448,8.8955,7.4129,1045.34,132.31,25.48,10.945,7.4129,128.79
10351,frame_10351.png,22.36,10.84,7.354,8.559,10.3781,7.4129,1101.85,151.2,27.94,10.842,7.4129,148.01
10381,frame_10381.png,22.8,11.08,7.28,8.691,10.3781,8.8955,1140.04,153.57,26.69,11.159,8.8955,149.17
10411,frame_10411.png,23.28,10.55,7.384,8.295,8.8955,7.4129,1036.77,125.45,26.37,10.956,7.4129,127.08
10441,frame_10441.png,22.96,10.9,7.433,8.463,8.8955,7.4129,1081.39,139.77,27.38,10.914,7.4129,138.76
10471,frame_10471.png,23.67,12.16,7.431,8.521,10.3781,8.8955,1103.06,152.58,30.47,10.822,8.8955,151.26
10501,frame_10501.png,22.7,10.38,7.397,8.399,8.8955,7.4129,1032.53,127.52,27.46,11.074,7.4129,128.98
10531,frame_10531.png,21.68,10.21,7.703,8.781,8.8955,7.4129,1111.65,138.64,28.16,11.046,7.4129,140.26
10561,frame_10561.png,22.79,10.6,7.089,8.351,10.3781,8.8955,1111.12,151.65,28.27,10.779,8.8955,152.03
10591,frame_10591.png,22.3,10.64,7.072,8.248,10.3781,7.4129,1106.67,150.14,28.27,10.694,7.4129,149.68
10621,frame_10621.png,23.19,11.05,7.326,8.495,10.3781,8.8955,1054.01,147.47,29.33,10.975,8.8955,144.9
10651,frame_10651.png,23.43,11.34,7.344,8.428,10.3781,7.4129,1053.05,142.57,28.04,10.96,7.4129,140.32
10681,frame_10681.png,22.69,10.76,7.067,8.431,10.3781,8.8955,1131.02,153.07,27.92,10.942,8.8955,151.21
10711,frame_10711.png,22.07,10.96,7.119,8.145,10.3781,7.4129,1122.24,148.35,27.83,10.794,7.4129,145.92
10741,frame_10741.png,22.38,10.34,7.523,8.294,10.3781,7.4129,1104.66,148.54,27.84,10.725,7.4129,145.83
10771,frame_10771.png,24.61,11.69,7.95,8.313,8.8955,7.4129,1047.05,145.15,28.32,10.889,7.4129,141.71
10801,frame_10801.png,24.18,11.64,7.949,8.619,8.8955,7.4129,1111.21,139.22,26.88,10.712,7.4129,137.15
10831,frame_10831.png,23.02,11.36,7.349,8.302,10.3781,7.4129,1092.39,147.15,27.45,10.712,7.4129,142.37
10861,frame_10861.png,23.93,11.73,7.529,8.322,10.3781,8.8955,1053.92,155.71,29.41,10.803,8.8955,148.17
10891,frame_10891.png,24.15,10.9,7.449,7.899,8.8955,7.4129,1131.6,144.07,25.31,9.76,7.4129,142.55
10921,frame_10921.png,22.51,11.32,7.156,8.251,10.3781,7.4129,1126.21,150.68,26.66,10.614,7.4129,145.33
10951,frame_10951.png,25.28,12.44,6.996,7.051,8.8955,7.4129,1041.08,151.42,21.93,8.416,7.4129,150.44
10981,frame_10981.png,25.62,17.09,5.792,5.626,8.8955,7.4129,1190.46,266.92,19.32,6.77,7.4129,258.72
11011,frame_11011.png,24.48,16.01,5.781,6.176,10.3781,7.4129,1193.43,286.9,16.61,8.209,8.8955,261.64
11041,frame_11041.png,24.5,18.84,5.117,5.068,11.8606,8.8955,1282.7,356.74,16.15,6.256,8.8955,308.53
11071,frame_11071.png,21.9,17.54,4.731,4.883,14.8258,11.8606,1488.84,575.18,19.67,5.331,11.8606,552.09
11101,frame_11101.png,22.55,18.07,4.754,4.748,14.8258,10.3781,1451.15,531.97,19.35,6.369,10.3781,476.27
11131,frame_11131.png,26.51,20.37,5.376,4.916,11.8606,8.8955,1264.36,363.42,21.0,5.588,8.8955,348.43
11161,frame_11161.png,26.47,20.15,4.186,3.349,10.3781,8.8955,1379.13,329.35,17.31,3.728,8.8955,313.25
11191,frame_11191.png,23.92,18.7,5.054,4.758,13.3432,10.3781,1319.45,396.38,19.14,5.227,10.3781,378.7
11221,frame_11221.png,28.54,21.59,6.15,5.485,11.8606,10.3781,1280.38,328.35,15.61,6.84,8.8955,292.15
11251,frame_11251.png,26.14,19.97,5.209,4.818,11.8606,8.8955,1307.03,364.12,15.03,6.013,8.8955,319.79
11281,frame_11281.png,30.42,21.75,6.498,6.217,8.8955,7.4129,1146.6,183.42,20.51,7.349,7.4129,173.5
11311,frame_11311.png,22.78,11.38,5.7,6.287,11.8606,8.8955,1157.63,200.99,17.52,7.381,8.8955,191.43
11341,frame_11341.png,18.31,8.46,6.669,5.009,5.9303,4.4477,1347.88,131.69,9.28,7.223,5.9303,140.58
11371,frame_11371.png,16.47,4.02,6.856,5.395,7.4129,4.4477,1327.45,119.95,9.48,7.76,5.9303,120.41
11401,frame_11401.png,21.2,8.07,7.641,5.199,5.9303,4.4477,1289.85,113.56,11.85,7.777,4.4477,113.8
11431,frame_11431.png,19.39,7.08,7.052,5.411,5.9303,4.4477,1236.85,112.74,12.13,8.028,5.9303,111.12
11461,frame_11461.png,60.22,46.06,9.783,5.963,26.6864,19.2735,2892.65,1418.78,69.36,8.001,19.2735,1265.58
11491,frame_11491.png,58.0,44.31,10.181,5.779,26.6864,19.2735,2880.55,1390.79,67.01,7.778,19.2735,1242.34
11521,frame_11521.png,54.21,39.68,8.896,5.104,26.6864,16.3084,2738.5,1189.78,64.48,6.268,17.791,1050.83
11551,frame_11551.png,56.65,36.79,9.489,4.971,25.2039,13.3432,2518.37,1016.1,58.54,6.219,13.3432,895.43
11581,frame_11581.png,57.69,36.46,9.355,4.685,23.7213,13.3432,2525.95,993.62,57.06,5.742,13.3432,867.21
11611,frame_11611.png,57.35,39.26,8.818,5.048,28.169,17.791,2783.01,1247.03,62.25,6.115,17.791,1095.8
11641,frame_11641.png,55.99,34.64,8.921,4.898,26.6864,14.8258,2646.99,1091.16,57.73,6.187,14.8258,955.78
11671,frame_11671.png,55.95,34.16,9.707,4.889,22.2387,13.3432,2349.48,913.33,54.05,6.177,13.3432,811.74
11701,frame_11701.png,52.22,39.56,8.327,4.644,34.0993,19.2735,3099.9,1489.02,65.85,6.038,19.2735,1305.45
11731,frame_11731.png,57.27,40.68,9.817,5.137,20.7561,16.3084,2473.26,1112.68,63.13,6.527,16.3084,1008.6
11761,frame_11761.png,56.3,53.1,8.654,7.206,31.1342,22.2387,2958.93,1624.07,77.54,8.3,23.7213,1430.57
11791,frame_11791.png,64.23,53.35,11.933,7.618,11.8606,10.3781,1874.99,800.54,67.22,8.224,11.8606,746.28
11821,frame_11821.png,116.7,102.65,19.042,26.784,0.0,0.0,2404.61,129.58,62.36,7.806,1.4826,148.8
11851,frame_11851.png,26.29,11.82,7.76,7.319,7.4129,5.9303,1051.05,136.22,21.39,9.556,5.9303,131.33
11881,frame_11881.png,23.36,13.7,6.719,6.537,10.3781,7.4129,1164.35,242.65,19.82,7.486,8.8955,240.46
11911,frame_11911.png,21.52,16.02,5.447,5.818,14.8258,10.3781,1476.13,542.52,19.72,6.605,11.8606,530.21
11941,frame_11941.png,30.48,24.78,6.279,5.871,8.8955,7.4129,1272.18,357.09,18.49,6.997,7.4129,316.16
11971,frame_11971.png,29.78,19.71,7.157,6.567,7.4129,5.9303,1061.81,161.41,20.75,8.388,5.9303,156.98
12001,frame_12001.png,23.4,14.13,6.364,5.706,7.4129,5.9303,1041.66,162.39,16.81,6.937,5.9303,159.76
12031,frame_12031.png,24.98,16.9,6.11,5.629,10.3781,7.4129,1128.08,225.77,16.21,7.416,7.4129,208.53
12061,frame_12061.png,28.59,9.34,4.62,3.484,17.791,11.8606,1704.83,603.11,27.07,5.438,11.8606,550.51
12091,frame_12091.png,27.48,9.41,4.535,3.379,17.791,11.8606,1761.94,592.17,26.63,5.108,11.8606,539.92
12121,frame_12121.png,27.68,9.26,4.541,3.252,17.791,13.3432,1743.3,622.19,22.37,4.705,13.3432,563.82
12151,frame_12151.png,28.22,11.2,4.565,3.613,19.2735,14.8258,1780.87,687.73,29.46,5.132,14.8258,621.25
12181,frame_12181.png,25.54,9.19,4.328,3.38,17.791,13.3432,1699.26,625.23,22.39,4.75,13.3432,565.94
12211,frame_12211.png,26.24,9.3,4.585,3.393,17.791,13.3432,1689.48,633.78,22.05,4.803,13.3432,573.35
12241,frame_12241.png,27.8,9.57,4.355,3.302,17.791,13.3432,1695.15,623.81,22.47,4.739,13.3432,567.78
12271,frame_12271.png,28.3,12.12,4.298,3.629,17.791,13.3432,1709.23,698.88,24.94,5.249,13.3432,637.85
12301,frame_12301.png,89.87,93.48,8.727,8.23,34.0993,28.169,3729.18,2521.55,117.28,10.531,28.169,2219.13
12331,frame_12331.png,31.63,23.4,4.426,3.351,20.7561,16.3084,2585.41,1523.02,21.84,3.691,16.3084,1404.53
12361,frame_12361.png,33.1,24.95,4.281,3.297,20.7561,16.3084,2514.5,1444.08,22.0,4.159,16.3084,1273.94
12391,frame_12391.png,31.62,23.17,4.117,3.313,19.2735,14.8258,2302.79,1279.99,18.11,4.485,14.8258,1074.43
12421,frame_12421.png,31.08,23.28,4.425,3.305,20.7561,14.8258,2361.87,1311.65,19.89,4.989,14.8258,1081.18
12451,frame_12451.png,33.57,24.74,4.343,3.398,19.2735,14.8258,2199.52,1186.79,18.7,4.558,14.8258,978.13
12481,frame_12481.png,26.87,19.24,3.809,3.347,23.7213,17.791,2498.51,1490.95,19.01,3.601,17.791,1374.56
12511,frame_12511.png,29.54,18.3,4.338,3.401,17.791,13.3432,1877.11,917.98,21.61,4.063,13.3432,802.55
12541,frame_12541.png,41.83,25.37,5.845,4.392,17.791,14.8258,1979.35,956.25,52.01,6.685,16.3084,879.19
12571,frame_12571.png,43.38,27.02,5.794,4.145,20.7561,16.3084,2376.62,1176.9,57.06,6.645,17.791,1073.33
12601,frame_12601.png,44.13,33.54,5.008,3.963,31.1342,22.2387,2882.44,1517.73,65.35,6.432,23.7213,1354.18
12631,frame_12631.png,54.54,45.76,9.096,5.768,23.7213,17.791,2524.59,1160.33,67.64,6.532,17.791,1038.18
12661,frame_12661.png,53.7,47.14,9.134,6.253,23.7213,17.791,2520.15,1196.84,67.39,7.194,17.791,1072.01
12691,frame_12691.png,56.9,50.84,9.218,6.78,26.6864,20.7561,2705.1,1405.36,74.07,7.393,20.7561,1254.79
12721,frame_12721.png,57.17,52.47,9.499,6.74,25.2039,19.2735,2599.34,1382.94,74.86,7.365,20.7561,1243.17
12751,frame_12751.png,56.89,54.09,9.52,7.117,31.1342,23.7213,2931.7,1694.42,76.06,7.917,23.7213,1495.12
12781,frame_12781.png,55.27,51.18,9.457,7.253,22.2387,19.2735,2473.03,1301.87,72.04,8.203,19.2735,1174.73
12811,frame_12811.png,52.84,50.8,8.219,6.885,28.169,22.2387,2733.5,1532.68,74.09,8.097,22.2387,1363.63
12841,frame_12841.png,55.82,51.94,9.116,7.134,25.2039,19.2735,2603.3,1404.73,72.54,7.975,20.7561,1262.11
12871,frame_12871.png,53.87,50.12,8.795,7.137,25.2039,20.7561,2674.59,1436.33,72.27,8.019,20.7561,1289.16
12901,frame_12901.png,55.02,51.67,9.493,7.157,22.2387,17.791,2496.96,1305.87,73.6,8.154,19.2735,1183.72
12931,frame_12931.png,55.12,53.18,9.093,7.331,29.6516,23.7213,2936.14,1689.81,75.02,8.72,23.7213,1497.07
12961,frame_12961.png,58.23,55.16,9.194,7.251,28.169,22.2387,2737.69,1545.24,77.87,8.031,22.2387,1374.36
12991,frame_12991.png,55.42,52.97,9.312,7.209,28.169,22.2387,2826.92,1568.77,75.26,8.297,22.2387,1394.68
13021,frame_13021.png,55.91,52.93,9.167,7.466,26.6864,20.7561,2708.44,1502.29,75.29,8.076,22.2387,1345.5
13051,frame_13051.png,57.05,53.96,8.974,7.068,29.6516,23.7213,2880.62,1666.13,76.13,8.224,23.7213,1471.2
13081,frame_13081.png,58.01,54.61,9.546,7.38,26.6864,20.7561,2638.94,1486.01,77.25,8.402,22.2387,1327.46
13111,frame_13111.png,135.09,98.62,17.783,19.505,0.0,0.0,1803.52,309.99,98.46,18.771,0.0,351.51
13141,frame_13141.png,29.4,17.67,6.569,5.56,7.4129,5.9303,1635.33,301.12,25.49,7.256,7.4129,290.21
13171,frame_13171.png,20.61,9.52,4.651,4.443,10.3781,8.8955,1669.17,320.91,22.66,6.147,8.8955,294.57
13201,frame_13201.png,18.86,7.9,4.131,4.357,10.3781,8.8955,1648.78,316.36,18.36,5.541,8.8955,291.74
13231,frame_13231.png,20.56,10.41,3.495,3.442,13.3432,10.3781,1751.76,396.31,23.37,4.898,10.3781,357.72
13261,frame_13261.png,20.47,8.41,4.034,4.06,10.3781,7.4129,1675.42,316.03,15.51,4.774,7.4129,297.39
13291,frame_13291.png,20.63,8.96,4.115,3.831,10.3781,8.8955,1648.03,331.55,15.06,4.464,8.8955,311.85
13321,frame_13321.png,19.12,8.71,3.724,3.351,10.3781,8.8955,1622.9,303.77,12.8,4.062,8.8955,291.83
13351,frame_13351.png,20.45,9.16,3.831,3.248,11.8606,8.8955,1604.17,303.63,13.57,3.909,8.8955,287.76
13381,frame_13381.png,21.41,10.19,3.823,3.283,11.8606,8.8955,1564.46,314.3,13.86,3.935,8.8955,296.57
13411,frame_13411.png,20.17,9.15,3.681,3.06,13.3432,8.8955,1547.96,329.31,12.71,3.862,8.8955,310.02
13441,frame_13441.png,20.53,9.44,3.748,3.238,13.3432,8.8955,1556.3,334.06,13.23,3.891,8.8955,314.66
13471,frame_13471.png,20.86,10.78,3.39,3.142,11.8606,8.8955,1594.59,309.26,12.05,3.85,8.8955,300.32
13501,frame_13501.png,21.46,11.04,3.45,3.119,11.8606,8.8955,1622.59,328.31,11.56,3.732,8.8955,318.5
13531,frame_13531.png,19.97,9.42,3.517,3.329,11.8606,8.8955,1607.41,337.54,11.23,4.014,8.8955,330.02
13561,frame_13561.png,20.65,11.25,3.229,3.262,13.3432,8.8955,1651.06,353.78,12.25,3.925,8.8955,343.04
13591,frame_13591.png,23.16,12.82,3.426,3.389,11.8606,8.8955,1623.65,361.51,13.25,3.942,8.8955,354.09
13621,frame_13621.png,22.36,11.9,3.459,3.328,11.8606,8.8955,1628.64,379.45,13.31,3.897,8.8955,368.56
13651,frame_13651.png,21.49,12.34,3.514,3.329,13.3432,10.3781,1644.03,396.49,14.07,3.982,10.3781,384.02
13681,frame_13681.png,22.11,12.28,3.382,3.243,13.3432,8.8955,1636.73,393.2,13.83,3.708,8.8955,380.11
13711,frame_13711.png,22.14,12.3,3.685,3.347,13.3432,8.8955,1624.27,386.63,13.52,3.885,8.8955,374.39
13741,frame_13741.png,21.76,12.65,3.515,3.236,13.3432,8.8955,1633.13,389.32,14.46,3.839,8.8955,376.88
13771,frame_13771.png,22.17,14.4,3.567,3.268,13.3432,8.8955,1628.16,388.95,16.13,3.891,8.8955,377.58
13801,frame_13801.png,20.76,11.6,3.703,3.265,11.8606,8.8955,1603.64,364.73,12.69,3.826,8.8955,361.48
13831,frame_13831.png,23.47,13.94,3.737,3.24,13.3432,10.3781,1687.67,411.54,16.32,3.752,10.3781,399.63
13861,frame_13861.png,23.26,11.6,4.105,3.416,13.3432,10.3781,1786.44,462.79,15.93,3.978,10.3781,445.42
13891,frame_13891.png,29.04,15.67,4.493,3.33,11.8606,10.3781,1698.49,429.84,17.69,3.808,10.3781,412.7
13921,frame_13921.png,25.41,12.29,4.454,3.534,14.8258,11.8606,1896.46,535.33,19.11,4.381,11.8606,511.35
13951,frame_13951.png,28.47,15.47,4.729,3.554,16.3084,11.8606,1912.31,558.89,24.8,4.488,11.8606,525.91
13981,frame_13981.png,42.13,27.45,6.442,4.449,17.791,13.3432,2428.08,836.58,45.0,6.232,13.3432,773.37
14011,frame_14011.png,47.63,40.94,6.961,5.938,19.2735,16.3084,2397.77,1028.16,60.55,7.381,16.3084,906.27
14041,frame_14041.png,46.2,43.22,6.769,6.118,22.2387,17.791,2620.78,1172.78,64.28,8.039,17.791,1018.48
14071,frame_14071.png,47.61,41.95,6.841,5.91,17.791,14.8258,2252.02,957.24,60.27,7.518,14.8258,838.84
14101,frame_14101.png,20.81,11.6,4.595,5.166,8.8955,7.4129,1645.85,314.87,21.87,7.463,7.4129,281.89
14131,frame_14131.png,23.98,15.06,4.504,4.774,7.4129,5.9303,1625.33,355.81,21.08,7.232,5.9303,319.59
14161,frame_14161.png,24.44,15.37,4.145,4.263,8.8955,7.4129,1660.3,370.46,17.91,7.096,7.4129,313.62
14191,frame_14191.png,20.67,12.82,4.325,4.579,7.4129,7.4129,1786.48,360.07,16.3,6.303,7.4129,319.08
14221,frame_14221.png,23.46,16.05,4.257,4.122,8.8955,7.4129,1866.27,401.2,20.38,6.251,7.4129,345.86
14251,frame_14251.png,22.59,14.98,4.292,4.099,5.9303,5.9303,1901.4,362.71,18.68,5.903,5.9303,326.82
14281,frame_14281.png,16.63,10.09,4.334,4.479,5.9303,5.9303,1887.32,355.42,13.11,6.379,5.9303,304.06
14311,frame_14311.png,21.89,13.19,4.235,4.034,5.9303,5.9303,1661.31,283.99,18.84,6.524,5.9303,248.85
14341,frame_14341.png,23.83,15.79,5.321,4.962,8.8955,7.4129,1839.62,322.52,28.26,6.93,7.4129,280.82
14371,frame_14371.png,41.06,41.66,10.131,7.195,2.9652,2.9652,1599.92,164.71,33.05,7.579,2.9652,161.65
14401,frame_14401.png,23.25,13.31,4.467,4.645,8.8955,7.4129,1675.17,334.08,23.2,6.683,7.4129,288.78
14431,frame_14431.png,19.13,10.46,4.633,5.038,8.8955,7.4129,1624.99,339.78,19.12,6.803,7.4129,304.71
14461,frame_14461.png,18.13,9.32,4.314,4.428,7.4129,5.9303,1579.13,272.68,17.22,6.513,5.9303,240.88
14491,frame_14491.png,21.62,12.89,4.776,4.706,5.9303,5.9303,1516.95,258.62,18.09,6.705,5.9303,229.74
14521,frame_14521.png,19.61,10.0,4.551,4.639,7.4129,5.9303,1587.55,296.31,18.95,6.59,5.9303,265.25
14551,frame_14551.png,21.62,12.97,4.799,4.695,5.9303,5.9303,1487.38,267.69,19.56,7.009,5.9303,235.46
14581,frame_14581.png,19.42,10.7,4.576,4.884,7.4129,7.4129,1462.4,280.94,19.66,7.185,5.9303,240.56
14611,frame_14611.png,23.07,13.38,4.351,4.729,7.4129,7.4129,1416.37,305.71,22.16,7.061,5.9303,268.56
14641,frame_14641.png,20.55,11.04,4.75,5.093,7.4129,5.9303,1406.47,284.65,18.47,7.409,5.9303,250.31
14671,frame_14671.png,17.99,9.11,4.593,5.016,5.9303,5.9303,1391.55,251.45,15.88,7.007,4.4477,221.14
14701,frame_14701.png,19.0,9.33,4.652,5.078,5.9303,5.9303,1394.23,255.53,16.71,7.274,4.4477,221.45
14731,frame_14731.png,19.4,12.01,4.724,5.226,5.9303,5.9303,1385.04,241.84,17.92,7.429,4.4477,206.94
14761,frame_14761.png,16.56,8.09,4.792,4.979,7.4129,5.9303,1431.1,236.61,15.24,6.995,5.9303,196.22
14791,frame_14791.png,18.23,10.17,4.79,5.016,7.4129,5.9303,1426.03,229.51,17.24,7.301,5.9303,193.33
14821,frame_14821.png,14.22,6.08,4.707,5.353,5.9303,5.9303,1443.31,240.52,14.12,7.194,5.9303,215.64
14851,frame_14851.png,17.53,9.21,4.435,4.787,7.4129,5.9303,1453.93,246.64,16.89,6.857,5.9303,213.39
14881,frame_14881.png,10.82,3.21,4.576,5.934,5.9303,5.9303,1367.09,223.56,10.2,7.865,4.4477,188.92
14911,frame_14911.png,17.52,9.11,4.75,4.869,5.9303,5.9303,1424.42,212.02,15.61,7.014,4.4477,180.21
14941,frame_14941.png,15.42,7.96,4.6,5.435,5.9303,5.9303,1373.6,215.1,14.44,7.429,5.9303,188.63
14971,frame_14971.png,19.4,10.18,4.513,4.926,7.4129,5.9303,1432.8,251.41,17.72,7.455,5.9303,215.63
15001,frame_15001.png,14.57,6.84,4.723,5.368,7.4129,5.9303,1426.06,230.66,13.29,7.358,5.9303,202.77
15031,frame_15031.png,16.92,8.46,4.908,5.412,5.9303,5.9303,1447.1,245.15,15.37,7.331,4.4477,216.19
15061,frame_15061.png,18.93,9.85,4.759,5.255,7.4129,5.9303,1461.79,290.86,19.84,7.398,5.9303,258.1
15091,frame_15091.png,17.09,8.66,4.985,5.599,7.4129,5.9303,1461.28,276.74,17.13,7.859,5.9303,244.36
15121,frame_15121.png,17.67,8.9,4.945,5.622,7.4129,5.9303,1470.35,287.3,17.06,7.673,5.9303,258.88
15151,frame_15151.png,16.06,8.22,4.68,5.678,7.4129,5.9303,1500.33,251.79,15.25,7.876,5.9303,220.62
15181,frame_15181.png,19.4,11.59,4.905,5.442,7.4129,5.9303,1496.47,298.35,20.34,7.282,5.9303,275.47
15211,frame_15211.png,22.22,13.66,4.986,5.529,8.8955,7.4129,1600.88,329.32,23.19,7.821,7.4129,305.91
15241,frame_15241.png,21.51,12.59,4.868,5.635,8.8955,7.4129,1535.24,320.93,21.16,7.732,7.4129,300.31
15271,frame_15271.png,23.17,15.05,4.928,5.64,8.8955,8.8955,1545.86,352.36,25.44,7.763,7.4129,325.45
15301,frame_15301.png,20.03,12.05,4.892,5.392,8.8955,7.4129,1432.4,262.31,20.73,7.579,7.4129,243.63
15331,frame_15331.png,24.91,15.22,5.284,5.721,7.4129,5.9303,1522.54,281.57,23.03,7.88,5.9303,267.41
15361,frame_15361.png,24.94,16.68,5.452,5.682,7.4129,5.9303,1689.82,262.34,22.47,8.095,5.9303,246.42
15391,frame_15391.png,23.16,15.59,5.592,5.747,7.4129,7.4129,1740.75,280.99,23.7,7.71,5.9303,270.29
15421,frame_15421.png,22.07,14.01,5.156,5.531,10.3781,8.8955,1749.37,363.79,25.29,8.156,8.8955,335.12
15451,frame_15451.png,23.64,16.02,5.045,5.047,10.3781,8.8955,1747.7,393.62,28.01,8.014,8.8955,354.55
15481,frame_15481.png,22.79,14.88,5.113,5.124,11.8606,10.3781,1820.83,399.89,26.56,7.677,8.8955,359.69
15511,frame_15511.png,20.67,13.97,5.278,5.651,10.3781,8.8955,1777.16,384.65,24.66,8.279,8.8955,353.73
15541,frame_15541.png,21.28,12.74,5.36,6.104,7.4129,7.4129,1639.07,242.52,18.44,8.268,7.4129,230.41
15571,frame_15571.png,24.84,17.41,5.385,5.582,7.4129,7.4129,1747.75,306.16,24.75,7.673,7.4129,287.71
15601,frame_15601.png,25.03,17.72,5.532,5.685,8.8955,7.4129,1730.07,338.98,27.02,7.561,7.4129,311.65
15631,frame_15631.png,24.01,16.04,5.442,5.396,8.8955,7.4129,1863.27,365.53,24.07,7.953,7.4129,337.53
15661,frame_15661.png,21.46,12.82,5.3,5.449,7.4129,5.9303,1839.28,362.42,18.81,7.31,7.4129,327.59
15691,frame_15691.png,25.87,16.1,5.404,5.141,5.9303,5.9303,1758.37,372.91,20.13,7.35,5.9303,355.55
15721,frame_15721.png,24.2,15.14,5.83,5.359,5.9303,5.9303,1795.54,339.0,17.45,7.203,5.9303,312.24
15751,frame_15751.png,20.95,12.64,5.812,5.462,8.8955,7.4129,1784.36,379.06,20.75,7.605,7.4129,367.6
15781,frame_15781.png,27.15,18.32,6.214,5.459,8.8955,7.4129,1889.06,414.57,29.01,7.219,8.8955,392.28
15811,frame_15811.png,20.8,13.03,5.821,5.797,10.3781,8.8955,1934.03,379.23,22.37,7.655,8.8955,344.99
15841,frame_15841.png,24.38,16.31,5.65,5.411,7.4129,7.4129,1922.17,321.71,24.94,7.745,7.4129,308.07
15871,frame_15871.png,23.06,17.67,6.081,5.957,11.8606,8.8955,2038.91,424.27,31.45,7.857,8.8955,387.88
15901,frame_15901.png,51.94,49.28,7.267,6.612,29.6516,23.7213,3018.22,1660.15,71.95,8.202,23.7213,1462.91
15931,frame_15931.png,56.34,50.0,9.161,7.597,20.7561,17.791,2571.85,1240.73,69.08,8.979,17.791,1128.42
15961,frame_15961.png,60.45,54.11,9.477,7.347,23.7213,19.2735,2805.31,1415.09,73.82,8.733,19.2735,1268.78
15991,frame_15991.png,54.27,51.12,8.666,7.539,26.6864,20.7561,2849.54,1467.03,72.52,8.954,22.2387,1302.66
16021,frame_16021.png,53.4,44.2,8.386,5.848,26.6864,20.7561,2895.6,1412.21,66.75,7.637,22.2387,1240.33
16051,frame_16051.png,49.23,39.97,7.705,5.452,23.7213,19.2735,2562.05,1206.72,62.04,7.077,19.2735,1078.14
16081,frame_16081.png,43.33,32.08,5.344,4.625,23.7213,19.2735,2435.38,1185.68,53.25,5.522,19.2735,1096.96
16111,frame_16111.png,43.99,33.53,5.137,4.551,28.169,20.7561,2743.65,1375.3,56.38,5.713,20.7561,1259.71
16141,frame_16141.png,47.11,38.83,5.498,4.877,26.6864,20.7561,2759.93,1408.93,62.36,6.352,20.7561,1287.5
16171,frame_16171.png,41.7,31.42,4.948,4.358,25.2039,19.2735,2535.07,1274.58,51.27,5.247,19.2735,1182.6
16201,frame_16201.png,40.17,26.51,5.126,3.817,22.2387,16.3084,2198.05,1075.44,44.5,4.549,16.3084,1005.3
16231,frame_16231.png,33.08,21.98,4.624,3.465,19.2735,14.8258,2019.3,944.98,33.05,4.29,14.8258,878.7
16261,frame_16261.png,34.31,22.87,5.037,3.908,16.3084,13.3432,1909.01,850.49,30.36,4.509,13.3432,800.54
16291,frame_16291.png,33.91,23.08,4.956,3.959,16.3084,13.3432,1859.19,807.53,28.23,4.571,13.3432,764.74
16321,frame_16321.png,32.7,22.21,4.903,4.04,14.8258,11.8606,1780.42,755.75,26.01,4.736,11.8606,713.15
16351,frame_16351.png,27.58,18.55,4.512,3.873,17.791,13.3432,1830.24,799.53,24.91,4.556,13.3432,741.88
16381,frame_16381.png,27.72,18.59,4.087,3.709,19.2735,13.3432,1798.67,785.83,25.63,4.374,13.3432,721.92
16411,frame_16411.png,25.31,14.47,4.048,3.615,17.791,11.8606,1681.13,704.3,20.14,4.142,11.8606,653.76
16441,frame_16441.png,26.8,16.14,4.382,3.86,14.8258,11.8606,1658.0,644.65,21.02,4.218,11.8606,602.23
16471,frame_16471.png,24.33,15.48,3.922,3.43,17.791,13.3432,1714.86,673.99,22.11,4.015,13.3432,623.27
16501,frame_16501.png,35.57,29.61,5.684,5.23,2.9652,1.4826,1762.33,333.51,25.75,5.498,2.9652,330.28
16531,frame_16531.png,26.26,19.15,3.988,3.668,11.8606,10.3781,1710.31,802.75,19.51,4.209,11.8606,766.39
16561,frame_16561.png,26.53,19.16,3.587,3.813,14.8258,11.8606,1907.52,930.52,19.11,4.332,11.8606,855.4
16591,frame_16591.png,32.24,22.48,4.039,3.87,11.8606,8.8955,1845.67,942.74,21.1,4.16,10.3781,890.84
16621,frame_16621.png,35.09,25.27,3.963,3.917,11.8606,10.3781,1918.62,968.13,23.8,4.127,10.3781,909.65
16651,frame_16651.png,32.25,22.09,3.58,4.006,8.8955,8.8955,1544.27,733.68,23.59,5.653,8.8955,701.81
16681,frame_16681.png,29.85,19.28,3.098,3.627,11.8606,10.3781,1681.53,812.72,22.77,4.381,10.3781,787.83
16711,frame_16711.png,28.76,18.53,3.094,3.421,11.8606,10.3781,1674.44,815.76,22.06,3.997,10.3781,794.1
16741,frame_16741.png,31.68,21.66,3.154,3.558,11.8606,10.3781,1628.79,791.69,23.91,4.137,10.3781,773.83
16771,frame_16771.png,20.32,13.21,3.667,3.724,13.3432,10.3781,1361.33,539.72,15.04,4.318,11.8606,515.67
16801,frame_16801.png,20.43,12.56,3.56,3.698,13.3432,10.3781,1352.85,539.29,15.52,4.403,11.8606,517.48
16831,frame_16831.png,22.91,14.29,3.407,3.756,13.3432,10.3781,1552.97,683.27,16.97,4.461,11.8606,660.66
16861,frame_16861.png,28.94,18.46,3.364,4.0,10.3781,10.3781,1543.45,770.2,16.86,4.394,10.3781,740.88
16891,frame_16891.png,31.0,21.29,3.265,3.755,11.8606,10.3781,1543.09,780.91,23.66,4.563,10.3781,762.45
16921,frame_16921.png,28.95,19.1,3.153,3.601,11.8606,10.3781,1593.22,789.16,22.03,4.349,10.3781,771.31
16951,frame_16951.png,30.73,21.39,4.412,4.634,8.8955,7.4129,1694.32,759.75,21.79,5.819,8.8955,719.33
16981,frame_16981.png,23.52,15.58,4.15,4.139,11.8606,10.3781,1497.64,549.83,16.48,5.771,10.3781,511.61
17011,frame_17011.png,21.38,13.32,3.472,3.638,11.8606,10.3781,1505.49,562.13,16.17,4.194,10.3781,543.85
17041,frame_17041.png,21.73,13.08,3.642,3.61,13.3432,10.3781,1492.23,545.26,14.79,4.062,10.3781,529.32
17071,frame_17071.png,21.16,12.84,3.492,3.53,13.3432,10.3781,1482.48,543.82,15.22,4.12,10.3781,527.78
17101,frame_17101.png,21.32,13.25,3.474,3.59,13.3432,10.3781,1499.71,558.96,16.02,4.107,10.3781,542.6
17131,frame_17131.png,21.66,13.12,3.417,3.585,13.3432,10.3781,1501.81,562.22,15.15,4.058,10.3781,541.21
17161,frame_17161.png,34.96,29.22,5.09,3.585,7.4129,7.4129,1274.56,438.82,24.89,3.939,7.4129,433.38
17191,frame_17191.png,27.39,18.76,3.925,3.292,11.8606,10.3781,1580.5,597.13,18.23,3.658,10.3781,590.55
17221,frame_17221.png,22.66,14.6,3.489,3.172,16.3084,11.8606,1641.8,637.23,16.33,3.635,11.8606,621.37
17251,frame_17251.png,26.11,17.49,3.993,3.288,11.8606,10.3781,1502.86,587.32,17.46,3.78,10.3781,560.92
17281,frame_17281.png,23.16,14.9,3.515,3.116,14.8258,11.8606,1561.39,615.25,15.47,3.726,11.8606,573.78
17311,frame_17311.png,23.25,14.66,3.315,3.336,14.8258,11.8606,1580.87,637.25,15.34,3.705,11.8606,586.5
17341,frame_17341.png,24.84,17.37,3.881,3.453,13.3432,10.3781,1562.85,630.0,15.87,4.687,10.3781,553.48
17371,frame_17371.png,31.42,29.72,4.853,4.362,5.9303,5.9303,1536.87,609.98,13.57,5.554,5.9303,542.04
17401,frame_17401.png,28.22,23.08,3.947,3.604,14.8258,11.8606,1916.7,984.59,21.2,5.228,11.8606,842.68
17431,frame_17431.png,28.92,23.17,4.125,3.846,14.8258,11.8606,1953.32,1004.34,20.11,5.288,11.8606,859.61
17461,frame_17461.png,33.25,28.21,4.635,4.208,10.3781,8.8955,1696.3,691.02,24.41,5.159,8.8955,593.66
17491,frame_17491.png,29.59,24.11,3.91,3.809,11.8606,10.3781,1705.69,761.87,20.68,5.423,10.3781,660.26
17521,frame_17521.png,29.35,23.21,4.062,3.583,28.169,20.7561,2998.11,1903.8,25.24,5.118,20.7561,1612.05
17551,frame_17551.png,29.51,22.32,4.238,3.5,26.6864,20.7561,3087.47,1980.9,24.16,3.789,20.7561,1842.24
17581,frame_17581.png,37.03,27.86,3.994,3.255,23.7213,17.791,2920.99,1891.67,26.49,3.594,17.791,1774.22
17611,frame_17611.png,37.43,28.59,3.725,3.11,25.2039,19.2735,2942.02,1939.04,28.94,3.562,19.2735,1807.67
17641,frame_17641.png,41.35,31.17,4.294,3.675,20.7561,14.8258,2539.7,1591.82,34.43,4.89,16.3084,1361.71
17671,frame_17671.png,28.47,21.13,4.201,3.86,28.169,20.7561,3079.59,2021.9,22.13,4.204,20.7561,1795.4
17701,frame_17701.png,35.68,25.47,5.879,4.35,14.8258,11.8606,1958.95,1028.91,25.99,4.318,13.3432,871.87
17731,frame_17731.png,29.31,22.57,3.919,3.226,16.3084,13.3432,1991.98,1020.41,19.44,3.981,13.3432,901.44
17761,frame_17761.png,36.18,27.29,5.116,4.022,19.2735,14.8258,2574.98,1492.3,31.41,5.081,14.8258,1221.09
17791,frame_17791.png,27.91,21.64,4.317,3.604,32.6168,23.7213,3420.45,2226.24,23.97,4.667,22.2387,1905.85
17821,frame_17821.png,48.17,37.94,7.44,5.451,28.169,22.2387,2776.05,1411.95,65.45,8.407,23.7213,1256.2
17851,frame_17851.png,38.67,21.67,6.287,3.901,19.2735,14.8258,1991.08,927.71,44.98,5.768,16.3084,852.23
17881,frame_17881.png,39.29,23.98,6.057,4.077,22.2387,17.791,2094.26,996.92,45.5,5.754,17.791,904.44
17911,frame_17911.png,41.78,26.74,5.963,4.465,20.7561,16.3084,1970.13,940.55,50.59,6.279,17.791,860.28
17941,frame_17941.png,39.17,22.6,5.868,3.925,19.2735,16.3084,1927.07,912.95,42.96,5.542,16.3084,839.54
17971,frame_17971.png,33.84,25.53,4.288,3.094,26.6864,19.2735,3589.53,1997.01,22.93,3.731,17.791,1725.03
18001,frame_18001.png,30.81,18.31,4.363,3.3,28.169,19.2735,2761.7,1592.99,23.26,3.989,19.2735,1307.98
18031,frame_18031.png,40.96,19.67,5.977,3.142,22.2387,14.8258,2291.08,946.69,36.33,4.515,14.8258,862.23
18061,frame_18061.png,47.18,24.19,7.157,3.385,14.8258,13.3432,1963.37,768.45,46.95,5.255,13.3432,718.08
18091,frame_18091.png,42.99,22.5,6.438,3.623,23.7213,16.3084,2441.09,1050.09,50.68,5.855,16.3084,951.57
18121,frame_18121.png,57.06,31.58,9.079,3.885,17.791,14.8258,2374.91,981.23,53.32,6.35,14.8258,901.44
18151,frame_18151.png,46.99,23.7,7.784,3.449,20.7561,14.8258,2411.65,1050.14,51.18,5.723,16.3084,978.22
18181,frame_18181.png,37.44,15.53,6.058,3.155,16.3084,11.8606,1796.61,636.12,30.67,4.359,11.8606,598.44
18211,frame_18211.png,54.07,30.4,9.82,4.313,19.2735,14.8258,2453.82,977.78,49.83,6.063,14.8258,884.81
18241,frame_18241.png,56.22,31.21,9.338,4.724,20.7561,14.8258,2513.14,1016.0,50.59,6.082,14.8258,907.46
18271,frame_18271.png,51.22,42.69,6.722,5.58,26.6864,20.7561,2578.0,1413.11,67.23,6.462,20.7561,1271.29
18301,frame_18301.png,53.94,39.76,8.708,5.615,23.7213,19.2735,2500.65,1280.18,63.83,7.244,20.7561,1185.08
18331,frame_18331.png,85.67,93.01,8.447,8.187,40.0297,34.0993,3957.39,2768.6,100.52,10.462,34.0993,2385.53
18361,frame_18361.png,60.01,53.26,11.059,8.117,16.3084,14.8258,2156.67,1033.19,69.98,9.448,16.3084,936.35
18391,frame_18391.png,54.16,47.67,8.82,5.764,5.9303,5.9303,1999.57,911.41,41.06,5.69,5.9303,870.53
18421,frame_18421.png,38.88,31.74,5.362,4.435,31.1342,23.7213,3337.41,1873.31,43.8,5.227,23.7213,1640.91
18451,frame_18451.png,60.23,54.7,9.44,7.162,25.2039,20.7561,2811.43,1523.3,73.28,8.522,22.2387,1350.46
18481,frame_18481.png,56.76,50.8,9.968,7.016,20.7561,17.791,2600.76,1295.16,69.86,8.605,19.2735,1157.1
18511,frame_18511.png,55.72,51.54,9.88,7.564,23.7213,20.7561,2672.86,1455.03,71.15,8.588,20.7561,1299.35
18541,frame_18541.png,55.87,53.27,8.937,7.416,31.1342,25.2039,2975.14,1680.85,75.19,8.692,25.2039,1476.41
18571,frame_18571.png,57.51,55.24,8.596,7.81,32.6168,25.2039,3057.89,1764.65,76.47,9.079,25.2039,1547.4
18601,frame_18601.png,56.57,53.51,8.915,7.626,31.1342,25.2039,2957.41,1707.47,75.18,8.739,25.2039,1490.33
18631,frame_18631.png,53.69,51.38,9.697,7.916,28.169,22.2387,2764.72,1533.81,72.11,8.705,22.2387,1344.46
18661,frame_18661.png,56.75,54.36,8.694,7.154,31.1342,23.7213,2980.6,1705.44,75.38,8.586,25.2039,1484.23
18691,frame_18691.png,55.92,51.75,9.683,7.57,25.2039,20.7561,2539.95,1380.6,72.99,8.74,20.7561,1217.36
18721,frame_18721.png,56.42,51.57,9.566,7.585,25.2039,20.7561,2576.17,1394.53,72.61,8.812,20.7561,1228.65
18751,frame_18751.png,56.9,52.2,9.66,7.251,22.2387,17.791,2400.7,1229.71,71.87,8.542,19.2735,1081.77
18781,frame_18781.png,56.58,51.72,9.155,7.653,23.7213,19.2735,2407.04,1264.78,71.81,8.896,19.2735,1124.92
18811,frame_18811.png,53.73,50.98,9.275,7.596,28.169,22.2387,2684.01,1509.99,72.37,8.753,22.2387,1331.24
18841,frame_18841.png,49.42,45.68,7.24,6.665,28.169,22.2387,2621.56,1421.49,68.82,8.83,23.7213,1253.87
18871,frame_18871.png,55.63,53.23,8.106,6.904,31.1342,23.7213,3089.87,1731.84,74.11,8.452,25.2039,1512.11
18901,frame_18901.png,54.54,52.5,8.853,7.715,26.6864,20.7561,2675.13,1464.22,72.81,9.151,22.2387,1290.17
18931,frame_18931.png,51.63,49.51,8.696,7.562,28.169,22.2387,2850.37,1576.8,70.88,8.975,23.7213,1386.76
18961,frame_18961.png,55.32,51.2,9.458,7.446,23.7213,19.2735,2456.83,1260.12,70.3,8.937,19.2735,1113.77
18991,frame_18991.png,55.69,52.56,9.003,7.44,26.6864,20.7561,2750.74,1468.68,73.78,8.911,22.2387,1279.65
19021,frame_19021.png,52.7,48.31,8.198,7.037,26.6864,20.7561,2732.69,1445.78,67.8,8.002,22.2387,1271.67
19051,frame_19051.png,57.91,53.08,9.44,7.213,25.2039,20.7561,2803.18,1505.93,72.38,8.692,20.7561,1338.35
19081,frame_19081.png,57.24,53.35,9.458,7.572,26.6864,22.2387,2671.46,1456.52,74.87,8.902,22.2387,1288.04
19111,frame_19111.png,53.27,51.51,8.657,7.365,29.6516,23.7213,2906.51,1647.46,71.99,8.553,23.7213,1445.78
19141,frame_19141.png,55.14,52.85,9.179,7.374,28.169,22.2387,2689.92,1488.93,75.29,8.468,22.2387,1318.49
19171,frame_19171.png,57.99,53.22,9.726,7.857,22.2387,17.791,2321.65,1182.59,71.84,9.004,19.2735,1057.77
19201,frame_19201.png,55.51,52.32,9.121,7.214,31.1342,23.7213,2926.9,1680.9,73.11,8.771,25.2039,1474.06
19231,frame_19231.png,57.17,54.34,9.133,7.592,26.6864,20.7561,2633.75,1430.78,75.23,8.568,22.2387,1259.92
19261,frame_19261.png,55.41,50.17,9.456,7.584,22.2387,17.791,2354.13,1206.6,70.66,8.846,19.2735,1073.14
19291,frame_19291.png,56.04,51.73,9.434,7.263,25.2039,20.7561,2505.76,1344.78,73.1,8.452,20.7561,1190.21
19321,frame_19321.png,51.12,45.49,8.566,6.778,25.2039,20.7561,2583.65,1401.07,63.49,7.855,22.2387,1230.93
19351,frame_19351.png,39.61,28.61,5.019,3.593,16.3084,13.3432,2527.52,1350.08,27.58,4.115,14.8258,1250.09
19381,frame_19381.png,37.89,30.47,5.531,4.506,31.1342,22.2387,3136.24,1711.88,47.3,5.707,23.7213,1539.7
19411,frame_19411.png,30.91,22.33,4.258,3.23,20.7561,16.3084,2609.92,1424.23,23.56,3.962,16.3084,1316.41
19441,frame_19441.png,34.74,27.46,4.546,3.42,16.3084,11.8606,2260.07,1137.49,25.14,3.674,11.8606,1076.44
19471,frame_19471.png,88.48,93.56,8.67,8.235,35.5819,28.169,3807.02,2542.62,115.67,10.654,28.169,2208.89
19501,frame_19501.png,47.74,28.37,7.093,4.1,26.6864,14.8258,2643.06,998.44,51.67,5.73,14.8258,887.98
19531,frame_19531.png,47.39,20.62,7.401,3.43,20.7561,13.3432,2348.8,921.58,44.32,5.458,14.8258,837.89
19561,frame_19561.png,40.13,15.68,5.729,2.937,23.7213,16.3084,2569.6,1025.43,32.74,4.365,16.3084,930.46
19591,frame_19591.png,38.65,15.0,5.672,2.963,23.7213,16.3084,2627.46,1038.71,31.31,4.41,16.3084,944.46
19621,frame_19621.png,31.07,12.05,4.946,2.758,28.169,17.791,2695.8,1138.45,25.92,3.83,17.791,1023.32
19651,frame_19651.png,32.67,12.04,4.768,3.1,26.6864,16.3084,2658.02,1080.88,30.95,4.389,16.3084,972.66
19681,frame_19681.png,28.38,32.4,5.827,5.087,4.4477,4.4477,1071.93,102.79,22.73,5.125,4.4477,101.77
19711,frame_19711.png,21.97,29.89,6.529,6.67,5.9303,5.9303,1063.35,94.71,20.61,5.894,5.9303,94.05
19741,frame_19741.png,35.79,12.24,5.707,2.836,23.7213,13.3432,2715.16,1078.02,23.85,3.799,14.8258,983.16
19771,frame_19771.png,33.33,16.87,4.805,3.387,29.6516,20.7561,2889.83,1370.71,36.74,5.047,20.7561,1225.14
19801,frame_19801.png,32.82,16.6,4.732,3.503,29.6516,20.7561,2860.29,1373.04,36.18,4.814,20.7561,1225.39
19831,frame_19831.png,49.63,40.27,6.223,6.075,26.6864,20.7561,2410.97,770.77,69.35,8.158,19.2735,654.19
19861,frame_19861.png,48.4,35.68,6.419,6.011,19.2735,16.3084,2179.78,620.61,58.53,7.476,14.8258,551.81
19891,frame_19891.png,35.96,19.54,5.118,4.024,28.169,23.7213,2407.76,915.08,32.39,4.308,22.2387,781.69
19921,frame_19921.png,32.48,15.86,4.801,3.336,29.6516,20.7561,2921.29,1414.2,35.03,4.929,20.7561,1274.56
19951,frame_19951.png,42.61,19.81,7.125,4.249,16.3084,14.8258,2184.27,981.12,46.56,6.562,14.8258,916.42
19981,frame_19981.png,40.97,20.99,6.403,4.326,17.791,14.8258,2250.94,1019.45,47.08,6.756,16.3084,939.89
20011,frame_20011.png,34.54,12.02,6.287,3.245,14.8258,11.8606,1792.32,613.76,20.72,4.642,11.8606,583.09
20041,frame_20041.png,37.22,14.81,6.339,3.599,13.3432,11.8606,1739.45,594.07,36.76,6.077,11.8606,561.86
20071,frame_20071.png,34.87,13.22,5.8,3.122,20.7561,14.8258,2071.24,846.5,37.1,5.426,14.8258,768.51
20101,frame_20101.png,36.08,16.39,5.135,3.225,29.6516,19.2735,2764.81,1247.9,47.88,5.744,19.2735,1119.74
20131,frame_20131.png,39.43,20.31,5.358,3.417,29.6516,19.2735,2727.75,1268.6,51.75,6.277,19.2735,1130.74
20161,frame_20161.png,37.86,18.48,5.503,3.495,28.169,17.791,2723.35,1209.29,52.81,6.666,19.2735,1082.38
20191,frame_20191.png,34.48,13.78,6.015,3.472,16.3084,11.8606,1870.37,649.9,36.33,6.241,13.3432,602.44
20221,frame_20221.png,33.99,15.08,5.445,3.368,14.8258,11.8606,1869.21,614.78,33.5,5.387,11.8606,576.75
20251,frame_20251.png,26.33,9.04,4.224,3.117,19.2735,14.8258,1814.59,683.61,33.54,5.722,14.8258,630.13
20281,frame_20281.png,26.73,9.32,4.613,3.47,16.3084,13.3432,1739.88,652.56,26.93,5.613,13.3432,600.83
20311,frame_20311.png,24.1,5.02,3.893,2.913,20.7561,13.3432,1828.7,703.73,17.1,4.258,13.3432,639.2
20341,frame_20341.png,25.31,8.17,4.046,2.948,20.7561,14.8258,1854.82,722.45,20.21,4.228,14.8258,661.71
20371,frame_20371.png,29.09,11.65,5.642,3.083,13.3432,11.8606,1662.42,620.35,21.81,5.019,11.8606,572.17
20401,frame_20401.png,24.29,7.22,4.229,2.723,19.2735,13.3432,1804.17,693.48,18.48,5.025,13.3432,624.02
20431,frame_20431.png,27.21,10.27,5.173,4.175,13.3432,10.3781,1352.91,460.1,26.43,5.947,10.3781,419.86
20461,frame_20461.png,26.89,10.27,5.961,3.479,10.3781,8.8955,1454.89,509.24,14.7,4.548,8.8955,484.05
20491,frame_20491.png,26.11,6.82,4.106,2.986,20.7561,13.3432,1909.44,754.73,19.02,4.412,13.3432,678.01
20521,frame_20521.png,22.8,4.33,4.284,3.092,17.791,13.3432,1740.22,627.96,14.88,4.204,13.3432,575.94
20551,frame_20551.png,28.91,8.88,4.994,3.103,16.3084,11.8606,1696.98,597.01,16.81,4.449,11.8606,542.19
20581,frame_20581.png,24.37,5.28,4.038,3.157,20.7561,13.3432,1832.36,708.19,15.4,4.483,13.3432,645.59
20611,frame_20611.png,27.58,8.69,5.022,2.903,16.3084,11.8606,1736.62,633.73,17.39,4.188,11.8606,583.98
20641,frame_20641.png,29.45,10.3,5.812,3.342,13.3432,10.3781,1635.22,545.63,21.16,5.0,10.3781,506.08
20671,frame_20671.png,28.73,9.34,4.938,3.608,17.791,13.3432,1791.72,669.01,27.76,5.66,13.3432,611.72
20701,frame_20701.png,24.63,7.98,4.47,3.233,20.7561,14.8258,1941.78,754.56,25.45,5.458,14.8258,688.07
20731,frame_20731.png,28.74,11.06,4.652,3.533,20.7561,13.3432,1897.4,732.12,32.47,5.744,14.8258,667.33
20761,frame_20761.png,31.91,10.62,5.152,3.491,19.2735,13.3432,1982.95,775.05,31.12,5.792,14.8258,709.55
20791,frame_20791.png,32.71,11.02,5.834,3.156,19.2735,14.8258,2021.25,822.33,30.8,5.178,14.8258,746.74
20821,frame_20821.png,30.77,9.92,4.819,3.112,25.2039,16.3084,2398.67,1057.83,31.58,5.202,16.3084,947.05
20851,frame_20851.png,33.48,13.09,5.21,3.087,22.2387,16.3084,2220.14,929.74,35.55,5.279,16.3084,840.07
20881,frame_20881.png,29.18,10.0,5.052,3.14,17.791,13.3432,1847.13,688.41,27.09,5.194,13.3432,628.24
20911,frame_20911.png,30.98,11.17,4.843,3.055,19.2735,14.8258,2014.42,820.25,25.28,5.419,14.8258,739.45
20941,frame_20941.png,26.22,7.71,4.688,3.133,17.791,13.3432,1908.73,752.94,20.5,5.308,13.3432,681.8
20971,frame_20971.png,30.97,10.99,5.643,3.378,14.8258,11.8606,1651.18,564.08,26.16,5.333,11.8606,519.4
21001,frame_21001.png,24.38,5.85,4.19,3.377,19.2735,13.3432,1767.03,644.13,16.55,4.645,13.3432,582.81
21031,frame_21031.png,35.38,18.45,5.74,3.457,7.4129,5.9303,1173.6,332.82,19.63,4.498,7.4129,301.77
21061,frame_21061.png,43.74,24.09,5.451,4.054,29.6516,19.2735,2640.51,1314.48,52.09,5.575,19.2735,1180.41
21091,frame_21091.png,45.69,33.57,5.926,3.696,13.3432,11.8606,1399.93,517.36,34.67,5.062,10.3781,451.43
21121,frame_21121.png,43.81,23.95,5.437,4.288,29.6516,20.7561,2679.42,1321.21,52.29,5.606,19.2735,1177.75
21151,frame_21151.png,43.61,21.86,5.478,4.403,26.6864,17.791,2398.61,1119.33,48.02,5.409,17.791,1008.85
21181,frame_21181.png,46.82,23.3,5.947,4.36,25.2039,17.791,2490.97,1184.66,49.14,5.388,17.791,1066.33
21211,frame_21211.png,41.28,21.99,5.069,3.924,31.1342,20.7561,2737.23,1367.89,45.22,5.05,20.7561,1219.63
21241,frame_21241.png,41.13,22.38,5.347,3.78,31.1342,19.2735,2728.99,1335.39,47.75,5.042,19.2735,1199.31
21271,frame_21271.png,40.23,30.24,5.332,5.016,31.1342,23.7213,2743.1,1647.07,61.5,7.25,23.7213,1478.91
21301,frame_21301.png,26.25,13.41,3.883,3.667,22.2387,17.791,1985.52,982.38,25.37,4.861,17.791,899.88
21331,frame_21331.png,27.43,15.31,4.621,4.544,17.791,14.8258,1846.56,884.96,39.23,5.903,14.8258,819.96
21361,frame_21361.png,33.21,19.71,5.713,4.611,16.3084,13.3432,1944.14,938.49,36.7,6.051,13.3432,863.92
21391,frame_21391.png,33.43,21.26,5.159,5.102,19.2735,16.3084,2076.4,1065.52,40.48,6.248,16.3084,990.73
21421,frame_21421.png,34.3,21.63,5.038,4.493,22.2387,17.791,2306.17,1217.43,42.83,5.548,17.791,1119.86
21451,frame_21451.png,31.44,19.01,4.779,4.179,19.2735,16.3084,2096.45,1033.35,39.05,5.124,16.3084,947.36
21481,frame_21481.png,29.17,17.67,5.069,4.678,16.3084,14.8258,1811.12,857.13,37.46,5.89,14.8258,799.44
21511,frame_21511.png,26.32,15.59,5.022,4.498,13.3432,11.8606,1597.92,670.66,29.35,5.794,11.8606,638.89
21541,frame_21541.png,24.97,13.61,4.183,3.835,20.7561,16.3084,1904.13,867.32,29.13,5.372,16.3084,799.5
21571,frame_21571.png,28.1,16.05,4.593,4.294,19.2735,16.3084,2039.59,966.72,31.69,5.621,16.3084,889.64
21601,frame_21601.png,29.2,17.16,4.792,3.885,20.7561,16.3084,2120.73,1024.39,29.3,4.93,17.791,943.3
21631,frame_21631.png,31.25,17.66,5.361,4.669,16.3084,14.8258,1961.59,896.77,28.37,5.471,14.8258,844.67
21661,frame_21661.png,32.95,19.52,5.218,4.328,17.791,14.8258,2065.6,987.39,30.74,5.234,14.8258,925.93
21691,frame_21691.png,27.33,16.11,4.396,3.891,22.2387,17.791,2148.46,1081.38,29.47,4.717,17.791,995.87
21721,frame_21721.png,39.7,30.08,5.614,4.782,23.7213,19.2735,2380.04,1330.15,50.7,6.108,19.2735,1206.6
21751,frame_21751.png,31.47,20.28,5.491,4.965,16.3084,14.8258,1920.53,913.8,34.22,5.951,14.8258,857.44
21781,frame_21781.png,35.63,24.59,6.006,5.249,17.791,14.8258,2010.02,1018.96,41.06,6.174,16.3084,943.34
21811,frame_21811.png,52.73,48.91,8.112,6.729,22.2387,17.791,2353.67,1240.36,71.2,7.79,19.2735,1125.7
21841,frame_21841.png,51.66,50.23,7.263,6.637,31.1342,25.2039,3124.96,1867.32,73.37,8.049,25.2039,1659.99
21871,frame_21871.png,87.03,91.53,9.189,8.351,38.5471,29.6516,3970.65,2692.91,113.8,10.386,29.6516,2349.35
21901,frame_21901.png,30.38,24.18,3.963,4.335,8.8955,7.4129,1333.23,213.8,23.91,4.472,7.4129,186.98
21931,frame_21931.png,35.19,27.94,4.512,4.132,13.3432,10.3781,1809.44,880.7,25.56,4.101,11.8606,849.66
21961,frame_21961.png,27.9,19.62,3.429,3.464,19.2735,16.3084,2103.67,1118.74,19.93,3.887,16.3084,1076.85
21991,frame_21991.png,83.6,79.26,9.385,9.712,0.0,0.0,2365.49,317.44,55.17,7.345,1.4826,302.8
22021,frame_22021.png,31.47,25.15,4.151,4.06,8.8955,8.8955,1165.32,264.62,25.19,4.47,8.8955,238.94
22051,frame_22051.png,31.39,24.02,4.277,4.222,8.8955,8.8955,1118.74,253.57,24.74,4.689,8.8955,230.83
22081,frame_22081.png,34.05,25.68,4.009,3.808,11.8606,10.3781,1319.54,344.03,26.88,4.371,10.3781,312.27
22111,frame_22111.png,34.29,26.9,4.057,4.009,10.3781,8.8955,1290.79,321.21,27.28,4.422,8.8955,297.55
22141,frame_22141.png,33.6,25.47,3.876,3.697,11.8606,10.3781,1331.25,347.31,27.17,4.404,8.8955,318.18
22171,frame_22171.png,32.97,25.31,4.171,4.185,10.3781,8.8955,1262.37,330.11,26.26,4.714,8.8955,303.28
22201,frame_22201.png,33.33,25.24,3.988,3.873,11.8606,8.8955,1252.9,312.18,26.94,4.424,8.8955,281.37
22231,frame_22231.png,32.84,26.05,4.174,4.371,10.3781,8.8955,1262.1,324.75,26.99,4.745,8.8955,304.61
22261,frame_22261.png,32.91,24.74,3.875,3.834,11.8606,8.8955,1285.67,339.27,26.6,4.413,8.8955,310.04
22291,frame_22291.png,32.2,24.67,4.175,4.264,8.8955,8.8955,1243.53,308.74,26.2,4.685,8.8955,285.89
22321,frame_22321.png,32.76,24.76,3.957,3.88,11.8606,8.8955,1270.52,315.13,26.88,4.492,8.8955,283.25
22351,frame_22351.png,33.34,25.09,4.183,4.241,8.8955,8.8955,1274.52,311.42,26.19,4.574,8.8955,289.24
22381,frame_22381.png,32.94,24.74,4.097,4.005,11.8606,8.8955,1308.52,342.18,27.11,4.534,8.8955,314.02
22411,frame_22411.png,31.95,24.8,4.023,4.026,8.8955,8.8955,1257.77,288.6,25.26,4.437,8.8955,262.49
22441,frame_22441.png,32.51,24.81,4.342,4.13,8.8955,8.8955,1183.37,267.24,25.65,4.497,8.8955,243.32
22471,frame_22471.png,32.03,24.2,4.114,4.058,10.3781,8.8955,1194.64,284.8,25.51,4.412,8.8955,261.11
22501,frame_22501.png,28.57,21.21,3.82,3.893,11.8606,10.3781,1247.1,315.78,24.56,4.467,10.3781,286.0
22531,frame_22531.png,32.22,24.22,4.162,3.842,10.3781,8.8955,1221.64,294.58,25.5,4.18,8.8955,272.43
22561,frame_22561.png,31.37,24.25,4.084,4.102,10.3781,8.8955,1230.47,301.1,25.38,4.45,8.8955,279.44
22591,frame_22591.png,31.98,24.13,4.206,4.161,10.3781,8.8955,1257.18,313.46,25.41,4.531,8.8955,291.83
22621,frame_22621.png,26.87,20.26,3.736,3.703,13.3432,10.3781,1326.51,342.78,23.43,4.232,10.3781,313.88
22651,frame_22651.png,27.74,21.03,3.727,3.788,11.8606,10.3781,1370.37,343.86,24.75,4.238,10.3781,315.91
22681,frame_22681.png,27.77,21.73,3.921,3.796,11.8606,10.3781,1417.73,352.49,24.79,4.349,10.3781,326.04
22711,frame_22711.png,26.67,19.91,3.914,3.982,11.8606,10.3781,1418.22,342.93,22.97,4.597,10.3781,315.99
22741,frame_22741.png,25.61,18.74,3.841,3.714,13.3432,10.3781,1493.62,364.71,22.21,4.417,10.3781,334.13
22771,frame_22771.png,24.66,16.96,3.728,3.826,11.8606,10.3781,1360.62,317.9,20.64,4.591,10.3781,293.85
22801,frame_22801.png,24.46,17.23,4.329,4.351,10.3781,8.8955,1303.9,279.41,19.78,4.886,8.8955,265.35
22831,frame_22831.png,24.26,16.51,3.913,3.872,11.8606,10.3781,1344.74,306.96,20.01,4.677,10.3781,280.96
22861,frame_22861.png,24.82,17.5,4.096,4.185,10.3781,8.8955,1317.76,279.85,19.73,4.78,8.8955,263.05
22891,frame_22891.png,25.15,17.54,4.113,4.203,11.8606,10.3781,1378.67,313.15,21.21,4.808,10.3781,288.11
22921,frame_22921.png,25.17,17.96,4.429,4.308,8.8955,8.8955,1347.82,277.23,19.73,4.838,8.8955,259.82
22951,frame_22951.png,24.36,17.41,3.915,3.926,11.8606,10.3781,1404.2,295.31,18.98,4.562,10.3781,273.06
22981,frame_22981.png,22.52,16.45,4.27,4.318,10.3781,8.8955,1277.02,235.45,17.96,4.957,8.8955,221.18
23011,frame_23011.png,21.82,14.97,4.376,4.298,8.8955,8.8955,1302.5,230.59,16.18,5.006,8.8955,217.06
23041,frame_23041.png,22.09,15.56,4.502,3.845,10.3781,8.8955,1341.08,241.45,17.2,4.688,8.8955,227.55
23071,frame_23071.png,21.58,14.48,4.471,4.234,10.3781,8.8955,1355.02,245.13,17.02,4.873,8.8955,230.78
23101,frame_23101.png,23.13,15.81,4.437,4.061,11.8606,8.8955,1376.9,259.09,18.8,4.826,8.8955,244.29
23131,frame_23131.png,22.72,15.62,4.304,3.868,11.8606,10.3781,1392.16,274.01,18.68,4.496,10.3781,258.66
23161,frame_23161.png,27.28,19.76,4.011,3.642,14.8258,11.8606,1650.77,701.16,23.53,4.19,11.8606,679.34
23191,frame_23191.png,26.45,20.12,4.104,3.686,13.3432,11.8606,1632.4,673.79,23.38,4.139,11.8606,658.6
23221,frame_23221.png,24.53,19.07,3.726,3.376,16.3084,13.3432,1692.68,719.7,23.82,4.107,13.3432,696.15
23251,frame_23251.png,24.46,18.44,3.954,3.738,14.8258,11.8606,1636.52,678.14,23.15,4.258,11.8606,663.64
23281,frame_23281.png,25.58,20.59,3.829,3.599,16.3084,13.3432,1637.92,672.52,24.04,4.177,13.3432,657.4
23311,frame_23311.png,25.08,19.15,3.987,3.636,14.8258,11.8606,1600.85,647.2,23.09,4.113,11.8606,638.77
23341,frame_23341.png,26.75,20.96,3.963,3.55,16.3084,13.3432,1632.1,670.0,24.19,4.031,13.3432,655.0
23371,frame_23371.png,25.46,20.08,4.099,3.682,14.8258,11.8606,1587.44,628.52,23.73,4.156,11.8606,618.82
23401,frame_23401.png,26.1,20.03,3.977,3.436,16.3084,13.3432,1613.61,653.64,23.56,3.866,13.3432,638.66
23431,frame_23431.png,25.87,20.69,3.875,3.425,16.3084,13.3432,1609.95,660.52,24.17,3.867,13.3432,642.59
23461,frame_23461.png,26.74,20.48,3.891,3.645,14.8258,11.8606,1563.72,638.04,23.54,4.158,11.8606,630.04
23491,frame_23491.png,26.51,20.62,3.969,3.852,14.8258,11.8606,1550.73,633.74,23.91,4.182,11.8606,621.41
23521,frame_23521.png,26.8,19.85,4.005,3.625,14.8258,11.8606,1524.06,597.99,21.24,4.319,11.8606,577.26
23551,frame_23551.png,81.25,79.7,10.665,9.336,13.3432,11.8606,2355.43,1287.15,70.2,8.833,11.8606,1174.0
23581,frame_23581.png,35.22,23.38,5.614,4.929,23.7213,19.2735,2484.83,1430.01,33.72,5.668,19.2735,1316.44
23611,frame_23611.png,37.84,26.13,5.142,4.274,25.2039,20.7561,2660.37,1550.07,43.58,5.338,20.7561,1397.91
23641,frame_23641.png,33.47,21.32,5.448,4.597,16.3084,13.3432,1926.42,998.1,26.99,5.236,14.8258,941.6
23671,frame_23671.png,33.25,22.18,4.581,3.872,22.2387,19.2735,2363.86,1363.7,33.24,4.377,19.2735,1261.89
23701,frame_23701.png,38.33,26.43,4.161,3.923,19.2735,16.3084,2198.26,1317.68,34.49,4.496,16.3084,1231.82
23731,frame_23731.png,52.23,40.49,5.573,5.006,19.2735,16.3084,2422.59,1437.9,67.21,6.751,16.3084,1340.99
23761,frame_23761.png,33.95,24.66,5.285,4.588,26.6864,20.7561,2641.2,1494.67,43.05,5.759,20.7561,1347.75
23791,frame_23791.png,46.85,34.19,7.205,5.875,19.2735,14.8258,2428.56,1282.6,59.7,8.102,16.3084,1187.44
23821,frame_23821.png,32.24,22.85,4.983,4.786,28.169,22.2387,2701.36,1592.52,45.67,6.377,22.2387,1425.35
23851,frame_23851.png,35.01,23.99,5.529,4.464,25.2039,20.7561,2682.7,1523.01,45.92,5.623,20.7561,1370.07
23881,frame_23881.png,30.17,18.91,4.873,4.117,23.7213,19.2735,2387.98,1310.89,40.33,5.707,19.2735,1175.15
23911,frame_23911.png,29.76,17.39,4.567,3.963,26.6864,20.7561,2556.49,1487.06,30.03,5.096,20.7561,1335.44
23941,frame_23941.png,29.07,17.35,4.697,4.45,23.7213,19.2735,2328.4,1285.33,30.25,5.767,19.2735,1159.23
23971,frame_23971.png,31.99,19.06,4.981,4.216,22.2387,17.791,2219.44,1176.4,33.76,5.292,17.791,1059.48
24001,frame_24001.png,28.44,17.08,4.442,4.11,23.7213,19.2735,2301.06,1270.77,24.79,4.708,19.2735,1163.09
24031,frame_24031.png,30.7,19.05,4.934,4.105,22.2387,17.791,2283.77,1230.64,25.95,4.78,17.791,1133.49
24061,frame_24061.png,27.7,15.65,4.517,4.29,22.2387,17.791,2162.42,1153.51,32.32,5.26,17.791,1039.45
24091,frame_24091.png,28.41,17.72,4.232,3.769,25.2039,20.7561,2350.59,1333.03,27.36,4.361,19.2735,1200.77
24121,frame_24121.png,29.87,17.7,5.176,4.468,19.2735,16.3084,2143.93,1123.99,23.74,5.02,16.3084,1043.65
24151,frame_24151.png,38.94,26.69,4.149,4.034,14.8258,11.8606,1875.74,972.44,29.74,4.855,13.3432,883.74
24181,frame_24181.png,44.71,35.6,6.399,5.383,23.7213,19.2735,2489.75,1422.45,60.95,6.698,20.7561,1302.51
24211,frame_24211.png,52.22,53.07,5.654,4.947,11.8606,11.8606,1361.06,582.47,51.25,6.221,10.3781,522.9
24241,frame_24241.png,27.45,33.2,5.908,6.418,5.9303,5.9303,1075.64,142.23,25.34,5.348,5.9303,133.24
24271,frame_24271.png,55.41,54.98,5.714,4.888,10.3781,10.3781,1279.37,490.74,49.93,6.011,8.8955,446.34
24301,frame_24301.png,48.33,50.3,5.848,5.016,13.3432,11.8606,1438.06,619.73,49.83,6.111,11.8606,548.18
24331,frame_24331.png,30.51,36.24,6.287,6.836,5.9303,5.9303,1058.56,124.79,28.34,5.662,5.9303,126.11
24361,frame_24361.png,51.37,52.03,5.659,4.973,11.8606,10.3781,1354.2,548.51,49.69,6.033,10.3781,491.87
24391,frame_24391.png,27.35,34.36,6.089,6.409,5.9303,5.9303,1046.2,110.36,26.62,5.392,5.9303,116.24
24421,frame_24421.png,45.99,47.27,5.418,4.778,14.8258,13.3432,1553.66,713.21,48.39,6.176,13.3432,630.48
24451,frame_24451.png,47.74,39.18,6.105,5.388,28.169,22.2387,2807.41,1661.61,66.53,6.923,22.2387,1493.76
24481,frame_24481.png,47.01,39.48,5.964,5.681,28.169,22.2387,2793.16,1667.12,70.76,8.064,22.2387,1499.98
24511,frame_24511.png,44.04,35.57,5.95,4.856,26.6864,22.2387,2691.31,1600.44,61.03,6.444,22.2387,1461.63
24541,frame_24541.png,44.21,34.2,5.398,5.082,26.6864,22.2387,2609.49,1558.28,64.88,7.532,22.2387,1419.99
24571,frame_24571.png,42.51,33.04,5.509,4.996,26.6864,22.2387,2652.13,1597.04,65.47,7.484,22.2387,1446.91
24601,frame_24601.png,40.2,33.03,4.73,4.852,32.6168,25.2039,2810.16,1732.31,58.98,6.849,25.2039,1562.52
24631,frame_24631.png,39.95,32.87,4.957,4.898,32.6168,25.2039,2820.16,1775.21,58.49,7.051,25.2039,1595.72
24661,frame_24661.png,39.85,33.0,4.618,4.763,32.6168,25.2039,2848.91,1773.84,58.71,6.756,25.2039,1588.59
24691,frame_24691.png,49.56,37.39,6.383,5.457,22.2387,17.791,2517.54,1418.57,62.55,7.214,19.2735,1309.24
24721,frame_24721.png,35.79,29.89,7.911,6.09,7.4129,7.4129,1547.29,587.37,27.71,6.199,7.4129,588.05
24751,frame_24751.png,29.48,17.7,4.852,4.334,19.2735,16.3084,2065.72,1054.95,23.64,5.025,16.3084,970.7
24781,frame_24781.png,25.74,16.02,3.925,3.356,26.6864,20.7561,2311.76,1237.76,24.85,4.229,20.7561,1128.81
24811,frame_24811.png,25.18,14.58,3.947,3.688,23.7213,19.2735,2204.13,1164.06,21.81,4.483,19.2735,1067.92
24841,frame_24841.png,31.16,19.73,4.709,4.019,20.7561,16.3084,2134.22,1100.59,25.21,4.625,17.0497,1021.73
24871,frame_24871.png,30.99,19.71,4.712,3.909,20.7561,16.3084,2061.83,1050.25,25.4,4.455,16.3084,977.48
24901,frame_24901.png,30.75,19.05,4.892,4.382,17.791,14.8258,1938.18,956.14,24.55,5.337,14.8258,868.52
24931,frame_24931.png,32.15,20.62,5.358,4.459,16.3084,14.8258,1820.11,884.21,30.67,5.378,14.8258,803.0
24961,frame_24961.png,32.83,20.9,5.159,4.624,14.8258,13.3432,1721.32,809.18,28.44,5.587,13.3432,741.56
24991,frame_24991.png,33.28,20.16,5.293,4.139,17.791,14.8258,1894.04,888.49,35.23,4.941,14.8258,804.19
25021,frame_25021.png,30.35,18.69,4.615,3.951,20.7561,17.791,2076.99,1113.16,25.94,4.296,17.791,1034.78
25051,frame_25051.png,35.54,23.45,6.424,5.249,13.3432,10.3781,1751.93,781.7,29.96,5.841,11.8606,747.73
25081,frame_25081.png,24.66,14.84,4.072,3.52,22.2387,17.791,2046.67,1053.23,24.21,4.252,17.791,984.27
25111,frame_25111.png,29.07,19.28,5.281,4.624,16.3084,13.3432,1909.84,910.08,31.99,5.774,13.3432,853.76
25141,frame_25141.png,25.58,14.87,4.205,3.763,19.2735,16.3084,2004.7,973.82,21.54,4.511,16.3084,907.41
25171,frame_25171.png,25.04,13.4,4.529,4.144,17.791,14.8258,1874.06,887.05,30.38,4.999,14.8258,825.96
25201,frame_25201.png,30.99,18.76,4.978,4.609,17.791,14.8258,2005.99,1005.42,32.25,5.995,14.8258,937.23
25231,frame_25231.png,30.53,17.43,4.971,4.05,19.2735,16.3084,2057.47,1043.43,27.17,5.247,16.3084,962.5
25261,frame_25261.png,29.45,17.94,4.702,4.249,19.2735,16.3084,2126.44,1082.28,34.94,5.526,16.3084,989.12
25291,frame_25291.png,29.56,17.47,5.185,4.643,17.791,14.8258,1956.97,996.0,32.92,5.901,14.8258,915.62
25321,frame_25321.png,22.09,12.41,3.816,3.399,16.3084,13.3432,1547.29,654.51,26.75,5.692,13.3432,616.53
25351,frame_25351.png,21.95,11.61,5.146,4.394,10.3781,8.8955,1355.64,509.68,23.11,5.344,8.8955,496.78
25381,frame_25381.png,22.69,13.28,3.987,3.752,14.8258,11.8606,1484.06,604.42,21.25,5.2,11.8606,574.76
25411,frame_25411.png,21.34,12.89,3.825,3.347,16.3084,13.3432,1561.88,667.43,21.16,4.129,13.3432,635.31
25441,frame_25441.png,23.92,13.63,3.609,3.586,20.7561,16.3084,1900.54,881.71,38.42,5.376,16.3084,815.5
25471,frame_25471.png,32.47,21.53,6.403,5.57,11.8606,10.3781,1744.44,651.68,41.07,6.756,10.3781,635.03
25501,frame_25501.png,30.86,17.96,5.161,4.43,17.791,14.8258,2000.29,1050.68,34.26,5.671,16.3084,964.0
25531,frame_25531.png,33.49,20.5,5.117,4.516,19.2735,16.3084,2032.35,1091.88,27.35,5.137,16.3084,1028.46
25561,frame_25561.png,46.16,42.5,6.331,5.351,41.5122,32.6168,3900.92,2632.23,69.46,7.326,31.1342,2364.17
25591,frame_25591.png,51.87,44.7,6.932,5.571,35.5819,28.169,3692.84,2422.3,70.87,7.402,28.169,2196.31
25621,frame_25621.png,33.53,21.24,5.389,4.483,22.2387,19.2735,2362.61,1311.86,28.33,4.983,19.2735,1214.02
25651,frame_25651.png,31.74,19.19,5.104,4.209,25.2039,20.7561,2626.12,1521.9,26.25,4.472,20.7561,1403.45
25681,frame_25681.png,43.48,30.1,4.431,3.627,22.2387,17.791,2546.07,1532.34,37.46,4.425,17.791,1434.59
25711,frame_25711.png,57.15,46.61,6.276,5.81,17.791,13.3432,2759.78,1338.95,64.56,7.88,14.8258,1235.98
25741,frame_25741.png,34.68,22.44,5.644,4.829,19.2735,16.3084,2088.85,1068.75,42.58,5.447,16.3084,982.67
25771,frame_25771.png,35.9,24.65,5.514,4.554,20.7561,16.3084,2191.52,1121.36,45.71,5.966,16.3084,1024.26
25801,frame_25801.png,39.12,28.43,5.849,4.884,19.2735,16.3084,2152.98,1108.83,44.61,6.037,16.3084,1016.33
25831,frame_25831.png,35.22,25.26,5.402,4.43,22.2387,17.791,2326.29,1204.75,49.38,5.943,17.791,1092.45
25861,frame_25861.png,40.44,36.5,5.497,4.893,10.3781,8.8955,2187.41,1172.96,32.83,4.772,10.3781,1152.26
25891,frame_25891.png,24.92,18.77,3.552,3.231,28.169,22.2387,2774.38,1700.45,21.19,3.611,22.2387,1613.43
25921,frame_25921.png,30.2,23.95,4.126,3.637,23.7213,19.2735,2788.12,1656.89,21.96,4.627,19.2735,1488.34
25951,frame_25951.png,33.3,26.05,4.814,4.143,17.791,14.8258,2154.04,1091.06,24.01,5.213,14.8258,954.11
25981,frame_25981.png,30.12,22.19,4.357,3.82,26.6864,20.7561,2746.43,1716.95,24.94,5.042,20.7561,1465.42
26011,frame_26011.png,30.27,25.11,4.021,3.644,29.6516,23.7213,3097.85,2052.16,23.83,4.955,23.7213,1788.28
26041,frame_26041.png,85.72,83.04,9.453,8.01,16.3084,14.8258,2383.18,1354.2,94.77,8.405,14.8258,1228.81
26071,frame_26071.png,19.39,10.47,4.128,4.004,11.8606,10.3781,1354.96,487.71,17.02,5.129,10.3781,465.23
26101,frame_26101.png,22.44,12.33,3.852,3.505,11.8606,10.3781,1329.36,472.38,16.72,4.443,10.3781,439.93
26131,frame_26131.png,32.74,21.45,4.573,3.742,7.4129,5.9303,1083.55,301.69,20.37,4.84,5.9303,274.88
26161,frame_26161.png,24.86,15.09,4.793,4.672,13.3432,11.8606,1351.59,530.45,31.38,7.019,11.8606,480.73
26191,frame_26191.png,27.75,16.46,6.086,5.289,10.3781,8.8955,1194.77,430.35,24.93,6.867,8.8955,404.61
26221,frame_26221.png,23.14,13.23,4.317,4.372,16.3084,13.3432,1422.41,585.66,30.83,6.928,13.3432,523.06
26251,frame_26251.png,28.88,19.23,4.31,4.139,19.2735,14.8258,1522.66,645.39,37.02,6.365,14.8258,572.77
26281,frame_26281.png,28.68,16.66,4.236,3.745,19.2735,14.8258,1535.69,648.55,34.3,5.967,14.8258,573.94
26311,frame_26311.png,35.98,22.25,5.368,4.727,14.8258,11.8606,1539.14,659.86,44.97,7.037,13.3432,608.31
26341,frame_26341.png,29.99,18.2,4.195,4.082,22.2387,17.791,1931.3,913.78,39.79,6.133,17.791,817.32
26371,frame_26371.png,33.25,18.78,4.611,4.072,17.791,14.8258,1692.01,775.64,36.24,5.748,14.8258,697.27
26401,frame_26401.png,44.89,38.22,5.691,4.169,11.8606,10.3781,1422.5,523.13,38.17,5.631,10.3781,462.97
26431,frame_26431.png,51.7,49.9,5.807,4.582,11.8606,10.3781,1581.54,592.37,51.11,6.33,10.3781,520.76
26461,frame_26461.png,56.35,51.76,6.828,4.699,11.8606,10.3781,1624.56,572.0,52.44,5.925,10.3781,504.02
26491,frame_26491.png,45.7,38.46,5.814,3.996,11.8606,10.3781,1376.48,453.07,36.92,5.438,10.3781,398.81
26521,frame_26521.png,46.27,42.49,5.744,4.349,11.8606,10.3781,1389.0,455.66,40.79,5.397,10.3781,404.46
26551,frame_26551.png,46.26,43.07,5.672,4.56,11.8606,10.3781,1423.58,476.34,41.8,5.698,10.3781,424.16
26581,frame_26581.png,27.98,33.93,5.987,6.168,5.9303,5.9303,1068.22,139.71,27.62,5.511,5.9303,134.3
26611,frame_26611.png,23.39,31.89,5.952,6.177,5.9303,4.4477,1044.58,99.75,22.38,6.167,4.4477,91.59
26641,frame_26641.png,28.39,34.69,5.663,5.785,5.9303,5.9303,1043.83,136.68,28.25,5.478,5.9303,133.09
26671,frame_26671.png,27.2,32.8,5.807,5.783,5.9303,5.9303,1040.72,127.6,27.29,5.412,5.9303,123.95
26701,frame_26701.png,29.98,31.62,5.042,4.268,4.4477,4.4477,1318.39,157.35,25.91,3.812,4.4477,136.7
26731,frame_26731.png,23.18,12.14,4.368,3.582,13.3432,10.3781,1422.05,534.79,16.16,4.372,10.3781,501.07
26761,frame_26761.png,46.06,32.74,6.153,4.483,22.2387,19.2735,2795.61,1475.56,52.88,5.241,19.2735,1338.47
26791,frame_26791.png,53.05,52.09,6.487,4.9,13.3432,13.3432,1879.71,802.66,50.43,6.011,11.8606,706.73
26821,frame_26821.png,35.4,21.29,5.167,3.801,20.7561,16.3084,2133.55,1022.89,38.43,5.135,16.3084,893.95
26851,frame_26851.png,34.25,20.37,5.159,3.99,19.2735,16.3084,2040.26,944.24,38.61,5.806,14.8258,829.41
26881,frame_26881.png,34.74,20.25,4.736,3.76,17.791,14.8258,1816.66,820.66,43.28,6.489,14.8258,721.54
26911,frame_26911.png,29.15,16.09,4.963,4.273,16.3084,13.3432,1650.66,722.57,36.88,6.781,13.3432,640.03
26941,frame_26941.png,26.78,14.09,4.912,4.315,14.8258,11.8606,1539.21,644.82,26.1,5.703,11.8606,578.38
26971,frame_26971.png,23.58,14.04,4.118,4.172,22.2387,16.3084,1772.44,816.4,29.79,5.934,16.3084,705.98
27001,frame_27001.png,29.01,14.65,5.34,4.188,14.8258,11.8606,1512.75,626.95,26.45,5.383,11.8606,562.08
27031,frame_27031.png,28.51,13.86,5.299,4.069,14.8258,11.8606,1532.29,631.14,25.94,5.442,11.8606,564.36
27061,frame_27061.png,27.98,13.71,5.099,4.143,14.8258,13.3432,1544.45,646.42,25.43,5.45,13.3432,574.73
27091,frame_27091.png,27.38,13.69,5.334,4.433,14.8258,13.3432,1551.7,649.2,25.83,5.584,13.3432,579.33
27121,frame_27121.png,25.11,13.87,4.749,4.325,19.2735,14.8258,1708.77,760.27,29.75,5.776,14.8258,661.38
27151,frame_27151.png,33.37,19.42,5.369,4.008,16.3084,14.8258,1695.96,742.51,33.56,5.466,13.3432,656.15
27181,frame_27181.png,32.3,18.19,5.321,4.077,16.3084,14.8258,1678.13,744.23,32.48,5.628,13.3432,654.14
27211,frame_27211.png,29.73,19.71,4.641,4.003,22.2387,16.3084,1865.88,865.54,38.22,5.75,16.3084,748.07
27241,frame_27241.png,32.92,18.39,5.425,4.048,16.3084,13.3432,1680.28,721.31,34.98,5.589,13.3432,634.07
27271,frame_27271.png,29.7,17.39,4.83,3.911,20.7561,16.3084,1856.34,826.83,35.01,5.445,14.8258,716.76
27301,frame_27301.png,27.96,16.58,4.912,4.006,20.7561,16.3084,1839.2,822.93,35.56,5.501,16.3084,713.21
27331,frame_27331.png,30.47,14.89,5.516,4.459,14.8258,11.8606,1535.9,609.49,29.13,5.674,11.8606,543.47
27361,frame_27361.png,28.58,15.67,5.787,4.682,14.8258,11.8606,1521.2,606.93,29.64,6.349,11.8606,542.16
27391,frame_27391.png,29.31,14.99,5.765,4.73,14.8258,13.3432,1595.66,649.57,33.94,6.688,13.3432,576.01
27421,frame_27421.png,29.76,15.34,5.961,4.511,14.8258,13.3432,1635.48,676.69,30.02,5.993,13.3432,601.02
27451,frame_27451.png,19.99,12.42,4.766,4.23,5.9303,4.4477,1717.35,240.58,13.34,5.131,5.9303,221.83
27481,frame_27481.png,19.35,8.5,4.527,3.773,11.8606,8.8955,1440.55,446.65,16.33,4.93,8.8955,416.57
27511,frame_27511.png,24.48,14.82,3.986,3.458,13.3432,10.3781,1421.53,488.98,15.98,4.07,10.3781,457.43
27541,frame_27541.png,25.02,12.41,5.771,4.212,11.8606,10.3781,1267.27,420.34,20.86,5.257,10.3781,382.4
27571,frame_27571.png,23.51,13.35,4.962,4.775,13.3432,11.8606,1358.73,443.67,31.45,7.102,11.8606,395.97
27601,frame_27601.png,23.53,12.46,4.974,4.566,13.3432,11.8606,1380.31,453.21,28.88,7.133,11.8606,399.96
27631,frame_27631.png,34.51,27.86,5.291,5.339,20.7561,17.791,2314.31,1087.18,52.95,7.567,17.791,981.93
27661,frame_27661.png,34.3,23.37,5.246,4.503,20.7561,16.3084,2107.42,1041.67,41.75,5.494,16.3084,943.99
27691,frame_27691.png,24.24,12.77,4.759,4.471,7.4129,5.9303,1844.79,353.52,24.14,6.048,5.9303,318.09
27721,frame_27721.png,19.53,8.76,4.241,4.261,10.3781,8.8955,1346.9,391.93,21.95,6.331,8.8955,372.44
27751,frame_27751.png,22.26,10.5,4.44,3.718,10.3781,8.8955,1314.87,409.34,13.5,4.518,8.8955,390.46
27781,frame_27781.png,22.53,11.79,4.356,3.776,11.8606,8.8955,1451.32,429.17,14.95,5.73,10.3781,398.15
27811,frame_27811.png,22.12,13.12,5.461,4.448,8.8955,7.4129,1298.04,329.18,19.57,6.005,7.4129,318.99
27841,frame_27841.png,22.54,13.72,4.83,3.802,11.8606,8.8955,1324.3,358.47,17.74,5.212,8.8955,331.5
27871,frame_27871.png,21.27,11.64,4.061,3.499,13.3432,10.3781,1430.76,433.74,14.2,4.382,10.3781,395.48
27901,frame_27901.png,37.19,26.46,5.859,5.22,17.791,16.3084,2337.25,1118.04,43.87,6.318,16.3084,1014.6
27931,frame_27931.png,52.79,41.02,6.258,3.656,7.4129,7.4129,1078.23,270.03,37.2,4.855,7.4129,242.25
27961,frame_27961.png,50.75,41.11,5.698,3.823,7.4129,7.4129,1042.94,255.9,36.15,5.174,7.4129,229.52
27991,frame_27991.png,52.97,46.03,5.754,4.026,8.8955,8.8955,1118.2,311.79,41.83,5.404,8.8955,274.75
28021,frame_28021.png,54.52,38.26,5.632,3.514,8.8955,8.8955,1152.07,342.3,36.65,4.919,8.8955,301.79
28051,frame_28051.png,48.93,37.23,5.29,3.767,7.4129,7.4129,1142.16,288.53,35.47,5.577,7.4129,256.53
28081,frame_28081.png,24.49,11.44,5.153,4.232,13.3432,11.8606,1251.79,410.33,21.46,5.646,11.8606,367.24
28111,frame_28111.png,21.88,11.11,4.634,4.453,16.3084,11.8606,1335.2,450.3,30.72,6.471,11.8606,395.52
28141,frame_28141.png,22.36,10.63,4.503,4.229,16.3084,13.3432,1457.44,568.73,24.57,6.239,13.3432,505.22
28171,frame_28171.png,21.48,13.61,4.701,3.842,10.3781,8.8955,1245.56,394.37,14.19,4.642,8.8955,374.34
28201,frame_28201.png,77.02,77.18,11.609,14.655,0.0,0.0,905.78,98.52,49.72,7.612,1.4826,100.02
28231,frame_28231.png,23.74,17.02,3.26,2.524,23.7213,17.791,2571.62,1207.66,17.99,2.984,17.791,1164.32
28261,frame_28261.png,29.86,23.15,4.727,3.524,14.8258,11.8606,1873.96,736.6,21.55,4.434,11.8606,663.61
28291,frame_28291.png,33.72,24.43,5.012,4.026,17.791,14.8258,2091.14,928.97,26.51,4.842,13.3432,821.08
28321,frame_28321.png,30.57,18.58,5.539,4.192,20.7561,14.8258,2250.51,1050.54,29.07,4.676,14.8258,956.87
28351,frame_28351.png,32.44,25.98,3.926,3.361,14.8258,11.8606,1936.96,799.2,19.32,4.062,11.8606,724.7
28381,frame_28381.png,27.42,19.84,4.888,3.735,16.3084,11.8606,1715.74,664.34,20.75,4.403,11.8606,615.0
28411,frame_28411.png,28.44,22.24,3.236,2.714,20.7561,16.3084,1999.25,892.07,13.9,4.153,14.8258,796.97
28441,frame_28441.png,28.57,24.1,3.305,2.801,20.7561,16.3084,2262.76,1130.56,24.24,3.092,16.3084,1093.71
28471,frame_28471.png,28.9,24.06,3.148,2.653,19.2735,14.8258,2095.91,1047.01,19.64,3.57,14.8258,943.12
28501,frame_28501.png,25.6,20.51,2.888,2.269,22.2387,17.791,2265.91,1160.61,22.09,3.112,17.791,1120.87
28531,frame_28531.png,35.31,29.84,4.305,3.574,14.8258,11.8606,1770.99,678.63,17.2,4.54,11.8606,615.52
28561,frame_28561.png,26.39,20.13,4.868,3.579,14.8258,10.3781,1708.71,659.47,21.96,4.673,10.3781,587.82
28591,frame_28591.png,31.87,23.57,3.923,3.405,19.2735,14.8258,1839.36,714.45,20.04,4.819,13.3432,630.02
28621,frame_28621.png,32.29,25.07,3.964,3.249,17.791,13.3432,1835.05,691.2,13.79,4.417,13.3432,617.34
28651,frame_28651.png,38.92,36.2,5.331,4.632,11.8606,8.8955,1530.32,444.05,25.04,5.495,8.8955,398.29
28681,frame_28681.png,32.64,26.99,3.857,2.946,20.7561,14.8258,2226.61,1009.29,23.25,4.239,14.8258,863.22
28711,frame_28711.png,31.92,24.83,4.836,3.422,19.2735,13.3432,1851.83,742.04,21.92,3.787,13.3432,644.28
28741,frame_28741.png,87.61,92.67,8.984,8.042,37.0645,29.6516,4031.33,2750.78,113.72,10.227,29.6516,2400.97
28771,frame_28771.png,27.12,10.05,5.724,4.606,11.8606,10.3781,1430.77,478.5,28.44,6.508,10.3781,447.12
28801,frame_28801.png,24.22,9.14,3.788,3.185,20.7561,14.8258,1815.45,729.1,15.31,4.059,14.8258,650.03
28831,frame_28831.png,25.7,10.63,4.144,3.262,20.7561,14.8258,1803.02,710.71,19.04,4.277,14.8258,641.12
28861,frame_28861.png,54.61,46.96,6.212,6.069,1.4826,0.0,900.09,166.67,21.0,5.127,2.9652,110.27
28891,frame_28891.png,50.95,41.77,6.142,4.601,44.4774,32.6168,5673.01,3667.07,72.09,6.661,34.0993,3185.79
28921,frame_28921.png,23.71,8.76,4.179,3.098,17.791,13.3432,1697.41,632.38,14.57,4.725,13.3432,559.69
28951,frame_28951.png,24.08,9.14,6.893,4.974,10.3781,8.8955,1466.93,425.2,18.76,6.232,8.8955,393.94
28981,frame_28981.png,22.36,8.33,3.844,3.051,20.7561,16.3084,1841.69,747.54,12.32,4.612,14.8258,642.91
29011,frame_29011.png,20.14,7.28,3.807,2.896,23.7213,17.791,1980.66,836.2,11.9,3.718,17.791,729.46
29041,frame_29041.png,21.3,8.26,3.847,3.126,20.7561,16.3084,1804.48,774.57,11.87,3.848,16.3084,684.54
29071,frame_29071.png,21.12,6.61,4.41,3.72,19.2735,14.8258,1782.8,754.44,24.75,5.447,14.8258,658.77
29101,frame_29101.png,50.78,40.61,6.129,4.215,42.9948,31.1342,5567.81,3473.31,67.88,5.645,31.1342,3053.07
29131,frame_29131.png,63.4,53.15,7.634,4.394,17.791,16.3084,2793.67,1501.15,57.32,5.821,16.3084,1323.65
29161,frame_29161.png,52.7,42.79,6.872,4.97,40.0297,31.1342,5380.56,3461.51,68.45,6.399,31.1342,3063.06
29191,frame_29191.png,56.52,48.0,7.558,5.432,40.0297,29.6516,5505.31,3455.36,79.87,7.454,31.1342,3051.56
29221,frame_29221.png,57.12,49.52,7.344,5.32,44.4774,34.0993,5759.72,3717.08,80.86,7.537,34.0993,3257.28
29251,frame_29251.png,52.02,43.44,6.29,4.241,45.96,35.5819,5878.45,3833.5,66.91,5.246,35.5819,3361.81
29281,frame_29281.png,53.05,44.36,6.463,4.543,45.96,34.0993,5843.82,3823.11,74.6,6.72,34.0993,3348.5
29311,frame_29311.png,56.57,50.7,6.864,5.437,45.96,35.5819,5870.87,3944.61,83.37,8.122,35.5819,3458.34
29341,frame_29341.png,60.72,50.12,7.719,4.717,34.0993,28.169,5206.84,3299.1,76.17,6.221,29.6516,2941.92
29371,frame_29371.png,58.67,51.94,7.186,5.688,44.4774,34.0993,5543.21,3816.22,77.97,6.774,35.5819,3366.69
29401,frame_29401.png,57.46,49.98,7.957,5.429,41.5122,32.6168,5565.5,3690.27,79.85,7.55,34.0993,3257.43
29431,frame_29431.png,60.36,51.29,8.038,4.977,40.0297,29.6516,5486.98,3526.17,78.87,6.112,31.1342,3102.83
29461,frame_29461.png,57.39,51.1,7.975,5.337,37.0645,28.169,4306.72,2601.2,75.43,7.027,28.169,2240.92
29491,frame_29491.png,44.76,32.92,5.953,4.661,25.2039,20.7561,2690.08,1477.02,50.96,5.586,20.7561,1308.18
29521,frame_29521.png,82.34,79.92,9.681,8.107,16.3084,13.3432,2473.07,1345.03,83.06,8.178,14.8258,1210.82
29551,frame_29551.png,34.59,22.25,5.034,3.455,28.169,20.7561,3032.05,1592.77,32.56,4.141,20.7561,1445.57
29581,frame_29581.png,38.78,23.82,5.27,3.556,25.2039,19.2735,2969.36,1507.09,33.48,4.126,19.2735,1379.67
29611,frame_29611.png,32.87,19.29,4.674,3.494,25.2039,17.791,2646.68,1313.56,39.32,5.102,17.791,1169.24
29641,frame_29641.png,28.67,14.15,5.387,3.6,20.7561,16.3084,2320.55,1046.02,34.45,4.687,16.3084,931.82
29671,frame_29671.png,26.51,13.74,4.285,2.906,32.6168,20.7561,3164.75,1654.94,33.6,4.619,20.7561,1410.56
29701,frame_29701.png,25.38,12.75,4.735,3.947,25.2039,17.791,2629.31,1315.28,29.6,4.642,17.791,1138.24
29731,frame_29731.png,29.85,16.01,5.011,3.155,26.6864,17.791,2633.38,1337.92,34.8,4.472,17.791,1172.99
29761,frame_29761.png,30.25,15.58,4.259,3.038,32.6168,20.7561,3168.45,1546.24,36.65,4.957,19.2735,1318.98
29791,frame_29791.png,35.37,17.12,6.194,4.307,20.7561,16.3084,2557.36,1179.55,35.05,5.332,16.3084,1037.4
29821,frame_29821.png,28.6,12.18,5.818,4.15,20.7561,14.8258,2305.81,1005.71,35.52,6.165,14.8258,886.43
29851,frame_29851.png,29.19,17.58,4.309,3.187,23.7213,17.791,2431.85,1166.44,23.69,4.549,17.791,1044.15
29881,frame_29881.png,32.01,16.57,5.724,3.821,17.791,13.3432,1982.64,818.5,32.72,5.172,13.3432,755.74
29911,frame_29911.png,28.66,15.11,5.092,3.45,17.791,11.8606,1958.47,774.18,30.45,5.378,13.3432,716.53
29941,frame_29941.png,30.57,15.39,5.326,3.452,13.3432,10.3781,1763.58,679.28,22.33,4.861,10.3781,645.33
29971,frame_29971.png,34.1,19.58,4.546,3.058,32.6168,20.7561,3142.3,1527.58,44.33,4.656,20.7561,1343.47
30001,frame_30001.png,28.35,16.8,3.797,2.6,25.2039,17.791,2613.14,1228.92,16.66,3.104,17.791,1106.19
30031,frame_30031.png,31.75,18.11,5.659,3.519,20.7561,13.3432,2395.62,1024.59,23.13,4.012,13.3432,917.77
30061,frame_30061.png,28.71,16.37,4.759,3.417,25.2039,16.3084,2582.78,1190.14,18.02,4.239,16.3084,1033.82
30091,frame_30091.png,38.91,34.33,4.433,3.675,7.4129,7.4129,1911.56,926.54,24.26,4.082,7.4129,878.76
30121,frame_30121.png,31.36,21.55,4.083,3.156,23.7213,17.791,2973.52,1703.35,22.39,3.52,19.2735,1616.27
30151,frame_30151.png,32.99,22.49,4.475,3.245,22.2387,16.3084,2370.11,1227.85,27.01,4.285,16.3084,1104.14
30181,frame_30181.png,30.35,18.73,4.883,3.345,20.7561,14.8258,2255.02,1024.58,22.26,4.129,14.8258,913.83
30211,frame_30211.png,27.89,19.11,3.287,2.812,26.6864,19.2735,2944.57,1613.45,19.89,3.247,19.2735,1479.2
30241,frame_30241.png,26.85,18.96,3.044,2.461,22.2387,16.3084,2448.6,1227.55,18.96,2.869,16.3084,1148.41
30271,frame_30271.png,31.32,24.28,8.468,5.42,5.9303,5.9303,1163.1,291.73,19.49,5.895,5.9303,293.65
30301,frame_30301.png,27.34,12.14,4.827,3.745,14.8258,11.8606,1717.72,690.28,15.31,4.529,13.3432,645.59
30331,frame_30331.png,29.76,12.3,5.356,3.78,13.3432,11.8606,1625.24,604.53,21.78,5.141,11.8606,554.11
30361,frame_30361.png,25.44,10.33,3.963,3.397,20.7561,14.8258,1797.27,735.85,34.7,5.613,14.8258,659.51
30391,frame_30391.png,21.79,7.49,3.65,3.201,19.2735,14.8258,1742.91,697.68,29.09,5.131,14.8258,624.38
30421,frame_30421.png,20.97,10.2,3.664,2.855,14.8258,11.8606,1403.36,490.27,15.94,4.568,11.8606,440.91
30451,frame_30451.png,25.47,13.67,4.876,4.307,13.3432,10.3781,1406.28,485.79,17.09,5.578,11.8606,448.53
30481,frame_30481.png,26.46,12.57,5.01,3.766,16.3084,13.3432,1581.66,641.73,23.57,5.309,13.3432,585.93
30511,frame_30511.png,26.28,13.75,5.825,4.748,11.8606,10.3781,1409.87,539.12,27.76,5.795,10.3781,508.87
30541,frame_30541.png,26.51,14.77,5.997,4.866,10.3781,8.8955,1381.82,427.65,17.2,6.101,8.8955,398.76
30571,frame_30571.png,20.83,9.82,4.295,3.539,16.3084,13.3432,1536.81,600.86,15.97,4.525,13.3432,554.72
30601,frame_30601.png,25.49,12.02,5.235,4.612,11.8606,10.3781,1450.04,549.41,32.37,6.659,10.3781,517.54
30631,frame_30631.png,27.41,15.23,4.614,3.968,16.3084,13.3432,1579.19,653.22,35.54,6.197,13.3432,605.31
30661,frame_30661.png,22.42,11.4,4.282,3.664,13.3432,10.3781,1266.62,425.16,20.69,5.807,10.3781,391.25
30691,frame_30691.png,23.29,11.64,4.535,3.68,11.8606,8.8955,1261.19,399.44,21.58,6.273,8.8955,370.5
30721,frame_30721.png,21.79,14.36,3.051,2.894,37.0645,28.169,2906.42,1685.26,41.62,4.827,26.6864,1372.18
30751,frame_30751.png,29.8,14.61,5.92,4.412,14.8258,13.3432,1745.3,770.17,23.19,5.123,13.3432,725.41
30781,frame_30781.png,28.42,14.72,5.955,5.417,13.3432,11.8606,1619.56,679.21,37.3,6.675,11.8606,635.16
30811,frame_30811.png,33.84,20.02,5.952,5.193,13.3432,11.8606,1661.69,703.37,39.72,6.269,11.8606,652.41
30841,frame_30841.png,36.54,24.16,5.724,4.485,16.3084,13.3432,1821.57,754.01,44.19,6.053,13.3432,677.88
30871,frame_30871.png,32.46,24.16,8.009,5.929,7.4129,5.9303,1254.64,361.54,30.17,7.305,7.4129,354.66
30901,frame_30901.png,22.1,9.5,4.27,4.377,16.3084,13.3432,1617.83,605.65,28.23,6.378,13.3432,557.78
30931,frame_30931.png,19.56,9.85,4.623,4.579,10.3781,8.8955,1284.76,373.49,17.78,6.266,8.8955,353.66
30961,frame_30961.png,24.5,12.55,4.699,3.609,10.3781,8.8955,1278.33,419.92,19.42,5.688,8.8955,395.76
30991,frame_30991.png,84.32,90.28,8.448,7.741,41.5122,32.6168,4076.52,2771.04,112.67,10.223,31.1342,2397.87
31021,frame_31021.png,28.52,21.72,3.705,3.104,25.2039,19.2735,2735.16,1546.69,22.32,3.41,19.2735,1479.48
31051,frame_31051.png,35.7,30.65,4.202,3.425,19.2735,16.3084,2380.27,1208.88,22.54,4.332,16.3084,1078.42
31081,frame_31081.png,32.38,25.6,3.984,3.109,17.791,14.8258,2339.51,1215.88,25.51,3.395,14.8258,1183.35
31111,frame_31111.png,25.58,17.5,6.52,5.167,7.4129,5.9303,1233.0,325.38,19.34,6.479,7.4129,325.11
31141,frame_31141.png,23.43,13.48,4.532,3.737,11.8606,10.3781,1353.39,447.55,16.0,5.342,10.3781,413.1
31171,frame_31171.png,28.15,11.88,5.042,4.031,19.2735,14.8258,2018.11,876.61,29.48,5.331,14.8258,780.41
31201,frame_31201.png,27.3,13.19,5.56,5.034,11.8606,10.3781,1589.91,574.74,21.11,6.413,10.3781,533.24
31231,frame_31231.png,27.93,15.1,5.893,5.401,13.3432,11.8606,1654.49,675.16,31.99,6.053,11.8606,634.73
31261,frame_31261.png,82.32,87.49,8.163,7.905,41.5122,32.6168,4179.84,2867.76,110.59,10.369,32.6168,2470.5
31291,frame_31291.png,29.72,24.25,3.617,3.227,23.7213,19.2735,2404.71,1362.35,25.59,3.42,19.2735,1317.35
31321,frame_31321.png,30.45,23.45,3.673,3.388,26.6864,22.2387,2860.59,1736.63,23.49,3.584,22.2387,1637.5
31351,frame_31351.png,40.42,32.66,3.745,3.472,22.2387,17.791,2742.7,1681.48,32.17,3.652,17.791,1611.19
31381,frame_31381.png,30.69,19.33,4.517,4.435,14.8258,11.8606,1992.72,980.27,27.83,4.942,13.3432,922.46
31411,frame_31411.png,42.89,34.94,4.694,4.165,14.8258,11.8606,2218.11,1207.27,25.44,5.03,11.8606,1100.48
31441,frame_31441.png,34.26,28.59,4.234,3.626,20.7561,17.791,2388.53,1234.17,25.01,4.452,16.3084,1048.9
31471,frame_31471.png,35.39,31.64,5.558,5.038,13.3432,11.8606,1983.43,880.26,27.13,5.785,11.8606,775.53
31501,frame_31501.png,30.14,25.97,5.085,4.847,16.3084,14.8258,1989.41,895.06,31.01,5.734,13.3432,788.45
31531,frame_31531.png,33.36,28.67,4.204,3.766,23.7213,19.2735,2744.16,1548.43,24.91,4.14,17.791,1318.68
31561,frame_31561.png,25.86,20.27,3.429,2.932,34.0993,26.6864,3422.07,2217.0,21.21,3.182,26.6864,2096.46
31591,frame_31591.png,73.84,77.52,9.392,8.781,26.6864,20.7561,2898.49,1718.24,96.18,9.833,20.7561,1509.61
31621,frame_31621.png,42.2,30.97,6.185,5.507,20.7561,17.791,2530.82,1281.37,59.22,7.086,17.791,1157.17
31651,frame_31651.png,25.75,13.55,4.801,4.438,14.8258,11.8606,1546.15,602.74,18.13,5.368,11.8606,558.41
31681,frame_31681.png,24.83,12.22,4.198,3.841,17.791,14.8258,1680.21,697.19,21.9,5.162,14.8258,628.86
31711,frame_31711.png,24.98,12.35,5.031,4.77,13.3432,11.8606,1590.65,598.68,21.4,5.622,11.8606,552.4
31741,frame_31741.png,30.3,16.84,5.363,4.603,14.8258,11.8606,1739.99,699.07,31.41,6.544,11.8606,642.34
31771,frame_31771.png,20.99,8.24,4.489,4.473,17.791,14.8258,1888.82,791.43,30.16,5.684,14.8258,716.4
31801,frame_31801.png,24.54,12.5,4.735,4.13,19.2735,14.8258,1962.64,817.19,32.54,5.041,14.8258,731.79
31831,frame_31831.png,25.9,12.82,4.623,4.287,19.2735,14.8258,1846.44,832.9,32.32,6.13,14.8258,755.88
31861,frame_31861.png,29.48,16.47,4.52,3.985,19.2735,16.3084,1931.54,873.94,30.92,5.47,16.3084,788.82
31891,frame_31891.png,53.12,42.16,7.092,5.673,22.2387,17.791,3218.51,1883.19,65.42,7.014,19.2735,1730.27
31921,frame_31921.png,62.86,61.45,6.618,5.098,13.3432,11.8606,1685.69,706.39,60.1,6.164,11.8606,618.78
31951,frame_31951.png,58.91,57.69,6.283,5.004,13.3432,13.3432,1748.71,775.27,58.04,6.132,11.8606,671.51
31981,frame_31981.png,59.92,58.81,6.687,5.123,13.3432,13.3432,1752.47,775.06,58.79,6.253,13.3432,676.19
32011,frame_32011.png,57.82,57.64,6.782,5.107,13.3432,13.3432,1760.45,799.13,58.36,6.323,13.3432,696.2
32041,frame_32041.png,60.43,59.94,6.938,5.319,14.8258,13.3432,1660.61,782.36,59.53,6.935,13.3432,672.32
32071,frame_32071.png,61.16,60.12,6.775,5.506,13.3432,11.8606,1589.17,677.4,60.44,6.961,11.8606,589.11
32101,frame_32101.png,56.77,57.17,6.154,4.793,14.8258,13.3432,1671.92,760.25,57.69,6.09,11.8606,655.61
32131,frame_32131.png,57.05,55.45,6.306,4.748,14.8258,13.3432,1670.9,765.97,55.92,6.07,13.3432,661.85
32161,frame_32161.png,56.07,54.75,6.416,5.32,14.8258,13.3432,1676.32,773.01,56.09,6.573,13.3432,668.39
32191,frame_32191.png,54.69,53.76,6.41,5.576,16.3084,14.8258,1974.59,1031.23,55.5,6.665,14.8258,886.59
32221,frame_32221.png,56.49,55.08,6.503,5.538,14.8258,13.3432,1744.34,807.03,56.28,7.146,13.3432,699.16
32251,frame_32251.png,57.57,56.89,6.576,5.403,14.8258,13.3432,1697.06,785.88,57.1,6.389,13.3432,681.49
32281,frame_32281.png,57.82,57.87,6.412,5.173,14.8258,13.3432,1718.49,783.15,57.17,6.292,11.8606,675.17
32311,frame_32311.png,57.51,57.37,6.716,5.441,14.8258,13.3432,1721.05,805.19,57.89,6.525,13.3432,696.21
32341,frame_32341.png,58.61,58.34,6.899,5.364,13.3432,13.3432,1725.57,798.64,57.57,6.364,13.3432,694.28
32371,frame_32371.png,55.63,55.52,6.798,5.248,16.3084,14.8258,1983.15,1038.94,56.67,6.801,14.8258,896.04
32401,frame_32401.png,58.78,58.95,7.045,5.204,14.8258,14.8258,1911.3,985.58,59.92,6.499,13.3432,856.47
32431,frame_32431.png,58.26,55.27,7.523,5.411,17.791,16.3084,2341.89,1358.14,57.93,6.786,16.3084,1184.16
32461,frame_32461.png,69.85,65.36,8.573,6.005,16.3084,16.3084,2348.97,1395.89,67.26,6.982,16.3084,1224.02
32491,frame_32491.png,63.81,61.02,8.473,6.936,22.2387,20.7561,3341.61,2093.84,63.85,7.589,20.7561,1838.56
32521,frame_32521.png,62.55,59.17,8.619,6.586,22.2387,19.2735,3264.91,2003.5,60.62,7.46,19.2735,1759.74
32551,frame_32551.png,65.15,63.51,7.863,5.886,17.791,17.791,2501.76,1470.04,65.71,7.141,16.3084,1284.64
32581,frame_32581.png,81.78,80.86,9.831,7.92,19.2735,17.791,3157.31,1901.41,78.3,8.404,17.791,1681.97
32611,frame_32611.png,75.69,76.21,9.07,7.748,20.7561,19.2735,3077.31,1905.5,76.34,8.142,19.2735,1670.14
32641,frame_32641.png,63.5,61.07,8.244,6.521,22.2387,19.2735,3251.3,1976.02,63.76,7.691,19.2735,1738.98
32671,frame_32671.png,62.8,63.47,8.582,7.349,28.169,23.7213,4138.75,2770.91,67.25,8.604,23.7213,2422.41
32701,frame_32701.png,78.91,79.48,9.062,7.847,20.7561,19.2735,3050.5,1891.77,77.97,8.644,19.2735,1657.67
32731,frame_32731.png,57.83,58.39,6.307,5.045,14.8258,13.3432,1775.59,807.86,57.63,6.173,13.3432,703.76
32761,frame_32761.png,57.47,54.35,6.428,4.476,14.8258,13.3432,1739.9,768.47,55.43,5.622,13.3432,666.27
32791,frame_32791.png,54.73,51.26,6.302,4.685,16.3084,14.8258,2034.69,1027.28,53.13,5.98,14.8258,887.71
32821,frame_32821.png,56.89,55.92,6.256,4.651,14.8258,13.3432,1801.32,787.92,57.18,6.132,13.3432,681.21
32851,frame_32851.png,57.3,54.19,6.257,4.79,14.8258,13.3432,1703.56,763.63,54.12,6.136,11.8606,656.67
32881,frame_32881.png,57.78,54.07,6.381,4.732,14.8258,13.3432,1791.4,776.73,55.66,5.887,13.3432,672.92
32911,frame_32911.png,63.61,55.94,7.378,5.091,13.3432,11.8606,1692.67,771.03,57.26,6.298,11.8606,676.74
32941,frame_32941.png,58.19,53.12,6.824,4.914,14.8258,13.3432,1767.45,850.93,54.52,5.902,13.3432,747.03
32971,frame_32971.png,63.15,56.52,6.925,4.972,14.8258,13.3432,1723.03,791.87,55.61,5.779,11.8606,700.28
33001,frame_33001.png,62.5,55.45,6.553,4.67,13.3432,11.8606,1667.09,748.73,55.45,5.833,11.8606,657.86
33031,frame_33031.png,56.99,50.58,6.384,4.715,14.8258,13.3432,1780.14,847.38,50.8,5.647,13.3432,736.97
33061,frame_33061.png,55.24,48.48,5.979,4.461,16.3084,14.8258,1780.82,858.63,48.71,5.204,13.3432,746.52
33091,frame_33091.png,55.56,49.5,6.419,4.545,14.8258,14.8258,1793.14,854.62,49.64,5.441,13.3432,746.29
33121,frame_33121.png,61.08,54.24,6.726,4.661,13.3432,11.8606,1681.8,751.29,54.65,5.737,11.8606,659.94
33151,frame_33151.png,56.5,50.33,6.353,4.822,14.8258,14.8258,1757.95,832.5,50.31,5.78,13.3432,726.91
33181,frame_33181.png,57.59,51.23,6.122,4.672,14.8258,13.3432,1764.9,838.13,52.75,5.931,13.3432,733.72
33211,frame_33211.png,46.44,37.21,6.513,5.8,29.6516,23.7213,3674.35,2229.59,59.27,6.95,25.2039,2024.65
33241,frame_33241.png,51.18,43.16,6.715,5.929,29.6516,25.2039,3761.66,2322.45,67.49,7.508,25.2039,2107.73
33271,frame_33271.png,50.61,42.47,6.909,6.121,31.1342,25.2039,3771.17,2388.49,64.55,7.094,25.2039,2170.87
33301,frame_33301.png,54.05,44.35,7.539,6.183,25.2039,20.7561,3466.58,2119.24,65.25,7.029,22.2387,1946.98
33331,frame_33331.png,60.36,58.3,6.228,4.667,13.3432,11.8606,1745.84,771.81,57.5,5.856,11.8606,672.16
33361,frame_33361.png,35.51,43.56,4.606,4.579,26.6864,22.2387,2074.79,1088.72,50.1,6.256,20.7561,935.52
33391,frame_33391.png,25.69,32.55,5.885,6.038,5.9303,5.9303,1128.52,106.53,26.68,5.522,5.9303,105.05
33421,frame_33421.png,61.85,57.74,6.838,4.829,11.8606,11.8606,1706.94,715.4,56.99,6.068,10.3781,627.33
33451,frame_33451.png,60.17,57.15,6.779,4.933,14.8258,13.3432,1870.17,828.39,58.29,6.089,13.3432,727.89
33481,frame_33481.png,59.56,56.53,6.847,5.014,14.8258,13.3432,1910.48,901.62,56.48,6.107,13.3432,789.18
33511,frame_33511.png,26.54,31.58,5.958,5.536,5.9303,5.9303,1123.9,132.75,25.28,5.21,5.9303,121.39
33541,frame_33541.png,26.83,32.6,6.062,6.27,5.9303,5.9303,1093.37,114.53,24.94,5.676,5.9303,106.64
33571,frame_33571.png,23.17,31.14,6.221,6.122,5.9303,5.9303,1119.83,102.93,21.51,6.14,5.9303,95.98
33601,frame_33601.png,28.17,34.53,6.114,6.5,5.9303,4.4477,1087.6,104.16,27.0,5.659,4.4477,100.72
33631,frame_33631.png,26.25,14.57,4.546,3.885,17.791,14.8258,1760.82,798.78,20.15,4.447,14.8258,748.07
33661,frame_33661.png,54.5,54.08,6.621,5.906,56.338,45.96,5988.87,4336.66,79.95,8.262,44.4774,3743.99
33691,frame_33691.png,59.69,58.71,6.693,5.058,16.3084,14.8258,2162.96,1148.99,59.1,6.282,14.8258,1008.22
33721,frame_33721.png,57.87,55.72,6.628,4.812,16.3084,14.8258,2113.37,1118.02,56.18,6.162,14.8258,982.57
33751,frame_33751.png,55.07,53.27,6.56,4.934,19.2735,17.791,2335.25,1298.37,55.03,6.272,16.3084,1134.74
33781,frame_33781.png,60.6,59.94,6.653,5.24,14.8258,13.3432,1924.79,901.79,61.9,6.347,13.3432,792.0
33811,frame_33811.png,55.74,56.68,5.994,5.129,16.3084,14.8258,1997.92,980.02,57.89,6.236,14.8258,849.12
33841,frame_33841.png,58.61,58.0,6.094,4.872,14.8258,13.3432,1937.62,912.77,58.47,6.105,13.3432,796.31
33871,frame_33871.png,53.94,54.62,6.475,4.938,16.3084,14.8258,1952.98,989.26,55.85,6.519,14.8258,859.53
33901,frame_33901.png,54.92,56.92,6.274,5.091,16.3084,14.8258,2013.35,1032.08,59.36,6.417,14.8258,898.37
33931,frame_33931.png,49.62,51.5,6.235,4.81,19.2735,17.791,2296.71,1308.82,54.66,6.181,17.791,1136.14
33961,frame_33961.png,53.29,53.52,6.318,4.956,17.791,16.3084,2234.03,1255.18,55.44,6.102,16.3084,1095.95
33991,frame_33991.png,55.73,53.53,6.567,5.012,17.791,16.3084,2199.37,1246.37,54.88,6.121,16.3084,1087.81
34021,frame_34021.png,56.26,54.34,6.416,4.79,17.791,16.3084,2262.8,1308.85,56.77,6.165,16.3084,1134.95
34051,frame_34051.png,54.58,54.72,6.268,5.396,16.3084,14.8258,2078.78,1082.56,56.87,6.955,14.8258,941.86
34081,frame_34081.png,51.12,51.93,5.741,4.936,17.791,16.3084,2086.92,1071.14,52.48,6.119,14.8258,922.11
34111,frame_34111.png,51.56,51.91,5.834,5.072,17.791,16.3084,2121.33,1117.14,54.01,6.299,16.3084,961.47
34141,frame_34141.png,51.05,52.65,5.844,5.115,17.791,16.3084,2183.33,1150.91,53.61,6.653,16.3084,990.43
34171,frame_34171.png,52.31,54.53,5.877,4.905,14.8258,13.3432,1915.57,878.89,54.14,5.666,13.3432,756.99
34201,frame_34201.png,50.03,52.85,6.151,5.504,19.2735,16.3084,2262.17,1211.35,54.85,6.352,16.3084,1043.26
34231,frame_34231.png,50.33,52.41,5.947,5.055,19.2735,17.791,2264.39,1234.95,53.82,5.95,17.791,1063.76
34261,frame_34261.png,51.05,51.81,5.977,4.823,19.2735,17.791,2237.19,1240.39,54.21,6.241,16.3084,1071.02
34291,frame_34291.png,52.49,54.06,5.978,4.931,16.3084,14.8258,1884.92,949.1,55.12,6.185,13.3432,822.51
34321,frame_34321.png,52.75,54.88,5.982,4.855,19.2735,17.791,2237.08,1250.08,57.01,6.349,16.3084,1076.88
34351,frame_34351.png,53.68,55.01,5.928,4.714,16.3084,14.8258,1893.54,953.04,56.1,6.132,14.8258,827.27
34381,frame_34381.png,49.74,51.59,5.961,4.89,19.2735,17.791,2254.64,1298.36,54.3,6.21,17.791,1124.01
34411,frame_34411.png,50.52,50.83,5.922,4.624,19.2735,17.791,2248.67,1273.46,53.38,6.175,17.791,1101.01
34441,frame_34441.png,49.79,51.5,5.753,4.645,19.2735,17.791,2318.89,1317.74,54.32,6.094,17.791,1141.79
34471,frame_34471.png,55.1,54.2,6.291,4.598,17.791,16.3084,2192.25,1224.51,54.86,5.886,16.3084,1065.44
34501,frame_34501.png,52.2,52.18,6.414,4.814,17.791,16.3084,2232.18,1250.7,53.82,6.419,16.3084,1095.43
34531,frame_34531.png,53.94,52.59,6.279,4.419,19.2735,17.791,2303.84,1295.12,53.04,5.673,16.3084,1128.06
34561,frame_34561.png,58.72,58.91,6.737,4.911,14.8258,13.3432,1924.84,981.19,58.96,5.858,13.3432,861.98
34591,frame_34591.png,55.64,54.49,6.27,4.88,14.8258,13.3432,1777.52,873.95,52.19,5.823,13.3432,767.93
34621,frame_34621.png,23.43,29.53,5.324,5.562,7.4129,5.9303,1174.81,128.69,25.77,4.935,5.9303,122.01
34651,frame_34651.png,31.57,35.54,5.907,5.983,5.9303,5.9303,1156.53,141.21,30.65,5.305,5.9303,135.82
34681,frame_34681.png,56.63,52.96,6.233,4.647,16.3084,14.8258,2158.2,1160.38,52.46,6.116,14.8258,1016.58
34711,frame_34711.png,54.31,45.99,6.653,4.941,34.0993,26.6864,4475.76,2945.22,71.43,6.401,26.6864,2639.27
34741,frame_34741.png,50.76,44.11,5.979,4.677,40.0297,31.1342,4800.97,3250.54,70.05,6.142,31.1342,2878.53
34771,frame_34771.png,50.4,44.05,6.053,4.877,40.0297,31.1342,4779.64,3226.34,70.95,6.62,31.1342,2852.73
34801,frame_34801.png,55.12,49.16,6.579,5.764,31.1342,25.2039,3843.74,2512.07,77.51,7.174,25.2039,2271.27
34831,frame_34831.png,49.79,42.99,6.642,4.839,32.6168,25.2039,4036.91,2675.68,68.03,5.848,26.6864,2417.14
34861,frame_34861.png,52.55,45.78,6.619,5.011,34.0993,26.6864,4149.04,2744.11,71.03,6.059,26.6864,2466.35
34891,frame_34891.png,47.23,40.77,6.889,5.389,29.6516,23.7213,3951.76,2594.81,69.0,6.773,25.2039,2342.8
34921,frame_34921.png,29.95,34.07,5.944,5.605,5.9303,5.9303,1146.39,115.59,29.05,5.122,5.9303,111.21
34951,frame_34951.png,48.71,40.0,6.978,5.253,29.6516,25.2039,3971.68,2575.82,59.96,5.917,25.2039,2319.79
34981,frame_34981.png,45.06,46.4,5.489,4.308,22.2387,19.2735,2039.18,1122.3,50.45,5.908,19.2735,966.57
35011,frame_35011.png,61.28,51.48,6.842,3.865,13.3432,11.8606,1728.51,763.63,52.05,5.828,11.8606,670.27
35041,frame_35041.png,62.2,51.7,6.277,3.867,13.3432,11.8606,1814.59,799.51,51.53,5.026,11.8606,702.25
35071,frame_35071.png,60.07,48.06,6.514,3.771,13.3432,11.8606,1655.69,734.68,48.42,4.836,11.8606,646.47
35101,frame_35101.png,54.45,46.43,5.775,3.684,16.3084,14.8258,1665.49,807.15,46.54,5.048,13.3432,698.53
35131,frame_35131.png,44.19,41.78,5.157,3.677,19.2735,16.3084,1673.79,852.31,45.15,5.548,16.3084,732.78
35161,frame_35161.png,58.78,48.5,6.18,3.913,13.3432,11.8606,1554.78,688.57,47.76,5.411,11.8606,602.53
35191,frame_35191.png,51.57,44.12,5.658,3.638,19.2735,16.3084,1971.31,1018.84,46.5,5.397,16.3084,882.57
35221,frame_35221.png,30.37,34.11,6.166,5.729,5.9303,5.9303,1154.85,130.74,29.16,5.143,5.9303,124.79
35251,frame_35251.png,30.85,33.3,6.137,5.641,5.9303,5.9303,1156.69,136.55,27.4,5.034,5.9303,127.57
35281,frame_35281.png,59.69,43.82,6.211,3.855,13.3432,11.8606,1670.8,756.66,44.66,5.602,11.8606,659.45
35311,frame_35311.png,59.9,46.73,6.266,3.697,11.8606,10.3781,1386.07,551.64,46.07,5.145,10.3781,484.52
35341,frame_35341.png,52.83,42.7,5.856,3.569,14.8258,13.3432,1564.62,698.02,45.16,5.066,13.3432,602.57
35371,frame_35371.png,50.11,40.98,5.665,3.754,17.791,14.8258,1789.63,868.85,44.05,5.35,14.8258,747.97
35401,frame_35401.png,52.03,40.6,6.005,3.845,16.3084,14.8258,1693.74,797.83,41.73,5.134,13.3432,687.77
35431,frame_35431.png,52.94,41.57,5.959,3.776,16.3084,14.8258,1758.48,849.61,42.63,5.368,14.8258,729.95
35461,frame_35461.png,50.9,45.12,6.076,4.288,16.3084,13.3432,1758.48,833.49,46.01,5.675,13.3432,718.98
35491,frame_35491.png,56.02,45.62,6.739,4.846,37.0645,26.6864,4929.29,3099.85,75.43,7.089,28.169,2737.48
35521,frame_35521.png,25.43,10.65,4.149,3.503,22.2387,16.3084,1916.24,843.18,21.4,4.824,16.3084,751.73
35551,frame_35551.png,23.27,10.59,3.953,2.998,23.7213,17.791,1999.32,895.35,17.41,3.794,17.791,801.39
35581,frame_35581.png,23.24,9.95,3.854,3.203,23.7213,16.3084,1993.92,873.84,17.51,4.198,16.3084,781.05
35611,frame_35611.png,24.27,10.22,3.752,2.964,23.7213,17.791,1980.49,883.93,16.67,4.025,16.3084,782.75
35641,frame_35641.png,24.53,10.5,3.763,2.898,23.7213,16.3084,1979.99,891.07,16.38,3.764,16.3084,798.47
35671,frame_35671.png,53.86,45.12,6.674,4.586,40.0297,31.1342,5346.19,3455.72,71.09,5.846,31.1342,3047.55
35701,frame_35701.png,58.84,45.89,7.802,5.207,29.6516,23.7213,4661.18,2898.36,69.57,6.439,25.2039,2591.57
35731,frame_35731.png,25.53,11.23,4.066,3.223,20.7561,16.3084,1868.62,776.5,17.91,4.266,16.3084,699.07
35761,frame_35761.png,23.86,10.15,4.153,3.795,20.7561,14.8258,1796.63,745.72,27.82,5.863,14.8258,663.69
35791,frame_35791.png,27.74,12.12,5.658,4.229,13.3432,11.8606,1605.53,598.35,32.57,5.912,11.8606,546.67
35821,frame_35821.png,23.92,9.09,3.794,3.113,22.2387,16.3084,1947.35,845.59,17.59,3.953,16.3084,757.28
35851,frame_35851.png,27.54,9.68,5.835,4.117,13.3432,11.8606,1651.73,590.92,31.6,5.828,11.8606,542.53
35881,frame_35881.png,24.59,9.6,4.461,3.808,20.7561,16.3084,1914.78,842.0,31.44,5.567,16.3084,743.54
35911,frame_35911.png,23.83,13.05,4.607,3.634,10.3781,8.8955,1166.99,348.04,14.42,4.723,8.8955,320.19
35941,frame_35941.png,20.25,10.76,5.05,4.615,8.8955,7.4129,1137.34,328.72,21.46,6.85,8.8955,305.73
35971,frame_35971.png,43.3,32.89,5.331,4.438,26.6864,20.7561,2745.15,1566.25,62.36,6.341,22.2387,1389.8
36001,frame_36001.png,36.54,31.17,4.461,3.342,11.8606,10.3781,1959.22,944.43,29.48,3.285,10.3781,935.65
36031,frame_36031.png,37.83,31.04,4.842,3.699,19.2735,14.8258,2251.69,1058.98,18.38,4.482,14.8258,931.26
36061,frame_36061.png,38.15,30.8,4.707,3.66,20.7561,16.3084,2269.13,1044.24,19.44,4.553,14.8258,904.38
36091,frame_36091.png,28.6,22.82,3.772,2.956,25.2039,17.791,2979.65,1595.07,22.12,2.932,17.791,1506.61
36121,frame_36121.png,85.62,90.49,8.459,8.073,40.0297,31.1342,4001.93,2740.54,112.19,10.45,31.1342,2372.19
36151,frame_36151.png,25.59,11.14,4.233,3.419,20.7561,16.3084,2065.71,894.52,23.01,5.132,16.3084,779.28
36181,frame_36181.png,26.53,12.19,3.999,3.217,20.7561,16.3084,2144.35,897.42,22.29,4.826,16.3084,775.91
36211,frame_36211.png,33.7,17.36,4.824,3.735,16.3084,13.3432,1834.84,804.87,23.71,4.435,14.8258,738.79
36241,frame_36241.png,34.18,22.6,6.129,5.024,16.3084,13.3432,1889.08,821.74,45.87,7.002,14.8258,750.8
36271,frame_36271.png,36.36,20.94,6.192,4.984,14.8258,11.8606,1901.07,730.57,43.54,6.535,11.8606,667.95
36301,frame_36301.png,33.15,16.45,5.386,4.234,17.791,13.3432,2105.4,827.27,38.95,6.101,14.8258,744.34
36331,frame_36331.png,32.02,16.26,5.447,4.076,14.8258,11.8606,1558.24,613.17,33.69,6.023,11.8606,550.49
36361,frame_36361.png,23.0,10.18,3.8,3.377,20.7561,14.8258,1738.78,726.11,29.18,5.439,14.8258,633.91
36391,frame_36391.png,24.89,11.0,3.882,3.275,22.2387,16.3084,1896.35,801.92,27.07,5.214,14.8258,702.97
36421,frame_36421.png,22.48,12.9,4.797,4.244,10.3781,8.8955,1235.17,337.42,17.79,6.073,8.8955,303.45
36451,frame_36451.png,22.79,12.91,4.658,3.975,10.3781,8.8955,1174.12,295.52,15.01,5.774,8.8955,266.46
36481,frame_36481.png,15.69,7.01,4.294,3.883,10.3781,8.8955,1098.71,309.22,17.57,5.777,8.8955,283.34
36511,frame_36511.png,19.42,9.66,4.603,3.794,10.3781,8.8955,1187.34,327.69,15.63,5.847,8.8955,305.79
36541,frame_36541.png,33.9,19.65,5.728,4.29,19.2735,14.8258,1938.55,924.98,38.67,5.792,14.8258,839.77
36571,frame_36571.png,33.49,19.5,7.038,5.105,11.8606,10.3781,1505.15,613.58,39.02,6.673,11.8606,574.15
36601,frame_36601.png,27.86,16.15,4.272,3.325,22.2387,17.791,1875.41,876.35,27.45,4.365,17.791,789.61
36631,frame_36631.png,44.07,34.96,6.711,5.382,23.7213,19.2735,2646.58,1465.44,63.06,7.701,20.7561,1320.09
36661,frame_36661.png,34.47,21.93,5.649,4.593,19.2735,16.3084,2022.14,1007.15,45.66,6.62,16.3084,905.02
36691,frame_36691.png,27.17,14.95,4.535,3.815,19.2735,16.3084,1733.38,804.93,30.99,5.768,16.3084,720.43
36721,frame_36721.png,31.21,17.65,5.215,4.899,17.791,14.8258,1766.29,798.17,40.49,6.475,14.8258,721.87
36751,frame_36751.png,22.91,11.67,3.74,3.073,22.2387,16.3084,1850.88,781.65,19.61,4.201,16.3084,693.67
36781,frame_36781.png,21.72,9.14,4.995,4.195,14.8258,11.8606,1427.26,536.26,20.12,5.491,11.8606,488.76
36811,frame_36811.png,23.11,9.62,4.758,4.292,16.3084,13.3432,1532.32,587.36,29.72,6.295,13.3432,530.22
36841,frame_36841.png,20.88,10.68,3.645,3.147,17.791,13.3432,1318.33,480.46,16.39,4.61,13.3432,427.7
36871,frame_36871.png,26.6,15.65,4.105,3.264,14.8258,11.8606,1354.33,481.44,19.82,4.198,11.8606,448.51
36901,frame_36901.png,20.89,10.0,3.962,3.559,16.3084,13.3432,1386.1,513.08,24.61,5.549,13.3432,460.76
36931,frame_36931.png,26.76,13.98,4.347,3.237,16.3084,13.3432,1360.71,526.05,20.54,4.668,13.3432,477.19
36961,frame_36961.png,28.38,14.81,4.571,3.448,26.6864,20.7561,2545.49,1313.06,21.69,4.026,20.7561,1157.21
36991,frame_36991.png,89.06,90.51,9.812,8.119,31.1342,23.7213,3787.07,2464.39,100.62,9.182,25.2039,2173.15
37021,frame_37021.png,26.37,19.3,3.614,2.928,29.6516,23.7213,3100.33,1838.1,19.01,3.168,23.7213,1728.44
37051,frame_37051.png,27.48,20.35,3.888,2.915,29.6516,23.7213,3061.35,1802.3,20.44,3.073,23.7213,1700.27
37081,frame_37081.png,36.68,28.97,4.553,3.663,22.2387,17.791,2316.52,1209.94,17.96,4.725,17.791,1051.79
37111,frame_37111.png,33.24,26.59,4.309,3.456,23.7213,19.2735,2480.14,1389.79,17.38,4.628,17.791,1199.65
37141,frame_37141.png,24.32,17.38,3.51,2.79,28.169,22.2387,2820.56,1693.45,16.21,3.138,20.7561,1439.07
37171,frame_37171.png,31.87,24.44,3.969,3.041,29.6516,22.2387,3111.41,1788.79,23.91,3.166,22.2387,1693.72
37201,frame_37201.png,30.74,21.47,3.917,3.03,29.6516,22.2387,3244.14,1888.15,21.97,3.199,22.2387,1803.44
37231,frame_37231.png,36.32,26.98,3.586,2.914,28.169,19.2735,2984.69,1733.79,27.38,3.097,20.7561,1642.57
37261,frame_37261.png,32.08,19.44,4.887,4.721,17.791,13.3432,2300.38,1204.5,29.73,5.957,13.3432,1088.2
37291,frame_37291.png,29.74,23.26,4.017,3.264,29.6516,20.7561,2955.01,1703.43,22.25,3.698,20.7561,1533.99
37321,frame_37321.png,36.83,28.09,4.616,3.767,25.2039,19.2735,3102.14,1769.4,20.52,3.853,19.2735,1522.8
37351,frame_37351.png,29.23,20.07,4.13,3.421,29.6516,22.2387,2765.14,1521.92,17.55,3.253,20.7561,1321.56
37381,frame_37381.png,37.58,29.57,5.452,4.566,17.791,14.8258,1992.24,910.84,23.36,5.407,14.8258,806.59
37411,frame_37411.png,39.44,37.14,4.237,3.562,8.8955,7.4129,1997.14,870.1,29.81,3.664,7.4129,797.66
37441,frame_37441.png,20.28,15.18,4.795,4.395,13.3432,10.3781,1639.98,539.26,13.54,4.437,10.3781,488.34
37471,frame_37471.png,26.5,21.62,3.233,2.933,19.2735,14.8258,2329.26,1141.38,20.09,3.109,14.8258,1101.86
37501,frame_37501.png,17.12,7.12,4.093,3.911,8.8955,7.4129,1211.27,314.69,13.04,6.087,8.8955,304.01
37531,frame_37531.png,21.31,11.65,4.751,3.744,10.3781,8.8955,1203.63,358.22,15.13,5.58,8.8955,340.15
37561,frame_37561.png,88.17,109.04,19.409,27.46,0.0,0.0,729.85,3.81,50.62,7.381,1.4826,5.0
37591,frame_37591.png,27.79,22.34,3.385,3.022,17.791,14.8258,2116.72,1022.73,16.88,4.074,13.3432,930.21
37621,frame_37621.png,32.31,26.05,4.16,3.452,17.791,14.8258,2296.22,1147.08,20.47,4.247,14.8258,1003.61
37651,frame_37651.png,31.76,24.67,4.088,3.576,19.2735,14.8258,2266.18,1140.02,19.28,4.364,14.8258,998.61
37681,frame_37681.png,25.42,18.29,3.6,3.198,23.7213,17.791,2603.01,1334.51,17.53,4.434,16.3084,1170.8
37711,frame_37711.png,37.1,33.16,5.079,4.884,31.1342,20.7561,2876.62,1421.89,60.69,7.331,20.7561,1231.38
37741,frame_37741.png,29.27,14.44,5.367,3.761,16.3084,13.3432,1904.08,728.25,22.0,4.748,13.3432,671.28
37771,frame_37771.png,27.98,15.63,4.997,4.592,11.8606,10.3781,1521.32,546.83,30.59,6.646,10.3781,511.34
37801,frame_37801.png,24.92,14.68,4.698,4.067,11.8606,10.3781,1383.56,474.13,21.03,5.357,10.3781,437.76
37831,frame_37831.png,74.63,82.05,11.529,15.104,0.0,0.0,2376.68,201.53,52.94,6.121,2.9652,214.67
37861,frame_37861.png,27.46,21.49,3.597,3.107,23.7213,17.791,2798.59,1492.72,18.69,4.465,17.791,1365.66
37891,frame_37891.png,36.77,30.67,4.387,3.922,17.791,14.8258,2392.25,1176.94,26.78,4.797,14.8258,1034.68
37921,frame_37921.png,34.9,28.84,4.87,4.304,17.791,14.8258,2291.43,1085.91,24.02,5.079,14.8258,969.24
37951,frame_37951.png,33.64,27.13,4.22,3.693,20.7561,16.3084,2569.96,1329.6,21.96,4.536,16.3084,1194.58
37981,frame_37981.png,29.39,22.19,3.882,3.471,22.2387,16.3084,2076.22,994.03,23.87,4.86,16.3084,855.82
38011,frame_38011.png,26.13,17.48,3.459,3.009,26.6864,19.2735,2806.18,1540.25,18.67,3.268,20.7561,1473.15
38041,frame_38041.png,50.33,38.94,5.168,4.379,34.0993,19.2735,3056.83,1547.48,66.63,6.569,19.2735,1307.77
38071,frame_38071.png,32.45,17.65,5.615,3.893,11.8606,10.3781,1557.5,462.36,30.37,5.858,10.3781,429.69
38101,frame_38101.png,33.86,18.26,4.863,3.546,22.2387,16.3084,2200.03,970.69,32.84,4.609,16.3084,876.33
38131,frame_38131.png,36.88,19.26,5.92,4.367,16.3084,13.3432,1916.5,767.76,40.86,6.253,13.3432,705.63
38161,frame_38161.png,32.83,17.3,5.059,3.748,14.8258,11.8606,1679.0,640.36,28.19,4.826,11.8606,589.96
38191,frame_38191.png,27.61,13.42,4.226,3.15,20.7561,14.8258,1883.65,824.77,25.48,4.069,14.8258,759.54
38221,frame_38221.png,35.09,17.66,5.569,4.29,13.3432,11.8606,1678.05,620.69,38.33,6.178,11.8606,578.49
38251,frame_38251.png,35.02,23.5,5.072,4.124,19.2735,16.3084,2081.81,978.2,34.58,4.509,16.3084,901.25
38281,frame_38281.png,45.04,35.12,6.503,5.533,17.791,16.3084,2235.43,1146.01,58.72,7.559,16.3084,1048.78
38311,frame_38311.png,36.58,23.31,4.842,4.225,17.791,14.8258,1907.44,893.28,34.03,4.782,16.3084,819.84
38341,frame_38341.png,39.44,29.0,5.316,4.549,22.2387,17.791,2331.88,1256.39,48.55,5.228,19.2735,1140.6
38371,frame_38371.png,50.68,44.68,6.64,5.836,26.6864,20.7561,2750.44,1522.73,70.29,7.848,20.7561,1361.31
38401,frame_38401.png,39.66,32.09,4.618,4.885,28.169,22.2387,2787.6,1636.27,49.18,6.249,23.7213,1453.5
38431,frame_38431.png,45.73,36.24,5.841,5.19,23.7213,19.2735,2688.5,1468.69,55.5,6.602,20.7561,1307.27
38461,frame_38461.png,42.02,34.94,5.23,5.081,26.6864,20.7561,2712.17,1520.84,55.89,6.466,22.2387,1344.56
38491,frame_38491.png,52.91,46.08,6.686,5.587,25.2039,20.7561,2750.05,1600.92,65.83,6.779,22.2387,1451.76
38521,frame_38521.png,51.25,37.23,7.289,5.696,16.3084,14.8258,2259.87,1129.77,57.65,7.2,14.8258,1049.31
38551,frame_38551.png,33.95,21.91,5.305,4.978,19.2735,14.8258,2099.22,1029.28,44.08,6.681,16.3084,941.58
38581,frame_38581.png,23.88,12.75,4.238,3.956,19.2735,14.8258,1835.21,741.68,26.6,5.15,14.8258,671.15
38611,frame_38611.png,26.28,14.33,4.187,3.809,17.791,14.8258,1801.28,720.34,25.9,4.751,14.8258,648.72
38641,frame_38641.png,58.13,50.52,6.991,5.487,40.0297,31.1342,5343.25,3588.49,79.31,7.291,31.1342,3187.47
38671,frame_38671.png,52.25,46.59,6.973,5.859,32.6168,26.6864,4425.04,2900.12,73.99,7.786,26.6864,2627.23
38701,frame_38701.png,52.52,46.94,7.581,6.399,31.1342,26.6864,4326.59,2845.98,72.37,7.861,26.6864,2571.03
38731,frame_38731.png,24.95,13.52,4.194,3.792,16.3084,13.3432,1612.21,615.79,25.6,4.865,13.3432,556.15
38761,frame_38761.png,89.6,93.13,8.922,8.032,35.5819,26.6864,3833.19,2524.14,114.63,10.129,28.169,2207.14
38791,frame_38791.png,30.49,22.94,4.167,3.389,23.7213,19.2735,2563.39,1433.24,21.8,4.547,17.791,1280.69
38821,frame_38821.png,30.43,21.67,5.768,4.838,13.3432,11.8606,1856.81,816.06,22.8,5.006,11.8606,732.52
38851,frame_38851.png,29.87,22.84,4.393,3.705,23.7213,19.2735,2739.93,1602.93,22.58,4.032,19.2735,1496.27
38881,frame_38881.png,97.39,85.15,11.569,15.334,0.0,0.0,2445.69,324.38,46.43,6.748,1.4826,333.0
38911,frame_38911.png,35.74,22.89,5.318,4.585,14.8258,13.3432,1732.08,771.59,35.65,5.915,13.3432,712.16
38941,frame_38941.png,57.4,52.44,7.223,6.062,42.9948,32.6168,5155.69,3545.38,78.31,7.812,34.0993,3122.81
38971,frame_38971.png,74.45,62.89,7.25,7.612,0.0,0.0,1014.81,227.15,31.22,6.344,2.9652,201.87
39001,frame_39001.png,24.39,17.65,4.788,4.045,25.2039,19.2735,2290.37,993.42,36.48,5.37,19.2735,892.45
39031,frame_39031.png,29.74,22.81,3.733,3.301,17.791,14.8258,2079.57,1028.61,23.66,3.681,14.8258,993.9
39061,frame_39061.png,37.54,31.13,3.507,3.164,16.3084,13.3432,2085.82,1104.06,31.56,3.545,13.3432,1074.63
39091,frame_39091.png,38.16,31.66,3.359,3.137,17.791,13.3432,2118.84,1138.42,31.75,3.496,13.3432,1097.02
39121,frame_39121.png,42.95,34.07,4.144,3.821,11.8606,10.3781,2041.75,967.07,30.86,4.193,10.3781,913.33
39151,frame_39151.png,32.68,22.81,4.584,3.923,11.8606,10.3781,1711.19,658.56,21.17,4.918,10.3781,605.19
39181,frame_39181.png,37.77,29.63,6.025,4.86,25.2039,20.7561,2832.35,1564.52,36.27,5.021,20.7561,1419.68
39211,frame_39211.png,39.61,32.4,6.349,5.225,25.2039,20.7561,2921.32,1603.87,49.34,6.318,20.7561,1415.71
39241,frame_39241.png,49.2,38.86,7.996,6.477,20.7561,17.791,2683.02,1390.68,56.17,7.55,17.791,1260.84
39271,frame_39271.png,36.44,30.4,5.478,5.034,31.1342,23.7213,2964.79,1710.93,40.99,5.313,23.7213,1522.67
39301,frame_39301.png,40.22,29.09,6.168,5.689,16.3084,14.8258,1956.59,946.99,45.68,6.605,14.8258,896.05
39331,frame_39331.png,35.77,25.15,5.826,5.635,16.3084,14.8258,1849.58,899.68,40.24,6.446,14.8258,847.63
39361,frame_39361.png,34.8,22.1,5.292,4.419,19.2735,16.3084,1961.59,968.12,49.32,6.516,16.3084,890.52
39391,frame_39391.png,36.64,24.33,5.488,4.576,23.7213,17.791,2320.13,1267.97,55.38,6.489,19.2735,1157.71
39421,frame_39421.png,40.45,30.07,5.191,4.852,25.2039,19.2735,2449.25,1366.33,61.4,7.752,20.7561,1248.55
39451,frame_39451.png,37.86,26.83,5.337,4.739,22.2387,17.791,2246.17,1234.47,48.68,5.968,19.2735,1139.75
39481,frame_39481.png,42.33,33.09,6.018,5.271,22.2387,17.791,2254.91,1235.76,63.67,7.269,19.2735,1149.45
39511,frame_39511.png,44.17,37.54,5.812,5.17,32.6168,25.2039,3097.57,1836.45,67.19,7.338,25.2039,1623.11
39541,frame_39541.png,45.14,35.53,6.466,5.444,28.169,22.2387,2820.86,1667.81,63.53,7.089,22.2387,1508.6
39571,frame_39571.png,41.31,32.32,5.413,4.901,25.2039,20.7561,2439.28,1404.2,62.31,6.895,20.7561,1279.73
39601,frame_39601.png,39.62,28.61,5.729,5.221,22.2387,19.2735,2219.13,1249.34,57.24,7.229,19.2735,1139.61
39631,frame_39631.png,39.67,27.01,6.683,5.603,14.8258,13.3432,1775.05,836.01,50.85,7.466,13.3432,782.38
39661,frame_39661.png,23.17,13.9,5.29,4.859,8.8955,8.8955,1167.16,372.7,19.1,5.808,8.8955,361.95
39691,frame_39691.png,21.28,12.81,4.506,4.452,10.3781,8.8955,1218.83,399.17,16.82,5.362,8.8955,378.9
39721,frame_39721.png,45.39,32.75,7.603,5.839,10.3781,8.8955,1611.55,674.47,40.01,6.512,10.3781,648.89
39751,frame_39751.png,35.85,24.02,5.998,5.289,16.3084,13.3432,1894.76,903.25,47.13,6.853,14.8258,830.45
39781,frame_39781.png,33.61,22.23,5.148,4.813,19.2735,16.3084,1965.01,982.8,36.3,5.396,16.3084,898.09
39811,frame_39811.png,33.44,23.43,4.856,4.324,22.2387,17.791,2172.82,1139.89,35.91,5.177,19.2735,1029.78
39841,frame_39841.png,30.73,20.14,5.01,4.389,20.7561,16.3084,2028.12,1021.23,32.31,4.935,17.791,924.81
39871,frame_39871.png,34.67,23.45,4.669,4.225,22.2387,17.791,2124.81,1111.83,44.34,5.904,17.791,996.97
39901,frame_39901.png,35.9,26.49,4.983,4.441,29.6516,22.2387,2797.45,1618.14,57.07,6.7,22.2387,1424.64
39931,frame_39931.png,39.92,30.67,5.602,4.508,29.6516,23.7213,3092.25,1879.06,46.23,4.911,25.2039,1663.81
39961,frame_39961.png,38.44,25.66,6.028,5.384,16.3084,14.8258,2021.86,1014.4,49.57,6.779,14.8258,927.66
39991,frame_39991.png,28.75,18.55,5.072,3.939,22.2387,17.791,2081.58,1088.24,28.6,4.404,17.791,980.89
40021,frame_40021.png,40.13,27.18,5.693,5.489,16.3084,14.8258,1857.43,890.48,52.41,7.303,14.8258,816.97
40051,frame_40051.png,31.26,19.79,4.98,4.812,19.2735,16.3084,1896.84,951.5,29.95,5.544,16.3084,863.1
40081,frame_40081.png,37.25,25.82,5.348,4.929,19.2735,16.3084,1935.86,945.21,53.01,7.302,16.3084,854.95
40111,frame_40111.png,31.74,19.76,5.143,4.862,16.3084,14.8258,1813.37,808.77,40.59,6.318,14.8258,741.71
40141,frame_40141.png,31.5,20.57,4.693,4.027,22.2387,17.791,2094.68,1078.5,30.72,4.604,17.791,978.41
40171,frame_40171.png,30.1,19.19,4.717,3.977,22.2387,17.791,2137.01,1117.64,31.68,4.809,19.2735,1010.93
40201,frame_40201.png,31.76,18.56,4.959,4.694,17.791,14.8258,1905.04,937.22,39.55,6.19,14.8258,855.58
40231,frame_40231.png,31.5,19.09,5.244,4.642,19.2735,16.3084,2005.02,1015.73,38.16,5.997,16.3084,910.4
40261,frame_40261.png,31.08,17.82,4.975,4.327,22.2387,17.791,2198.88,1147.91,41.15,6.028,17.791,1040.2
40291,frame_40291.png,34.75,24.19,4.709,4.493,29.6516,22.2387,2787.31,1571.95,55.9,6.686,22.2387,1395.49
40321,frame_40321.png,45.53,32.03,5.871,4.483,22.2387,17.791,2752.74,1467.25,60.26,6.259,19.2735,1333.89
40351,frame_40351.png,35.29,23.63,5.757,5.151,25.2039,20.7561,2690.97,1512.9,48.2,6.738,20.7561,1351.6
40381,frame_40381.png,41.9,28.85,5.871,4.77,23.7213,19.2735,2608.25,1444.35,56.86,6.298,19.2735,1298.35
40411,frame_40411.png,43.41,29.17,6.746,5.402,19.2735,16.3084,2348.3,1224.51,53.72,6.9,16.3084,1116.94
40441,frame_40441.png,35.19,25.38,5.128,4.542,23.7213,19.2735,2199.39,1191.56,53.85,6.821,19.2735,1077.32
40471,frame_40471.png,28.32,18.0,4.713,3.926,20.7561,16.3084,1810.42,878.25,30.56,4.76,16.3084,799.92
40501,frame_40501.png,28.19,17.61,4.355,3.744,20.7561,17.791,1755.04,840.31,31.09,4.919,17.791,765.62
40531,frame_40531.png,31.03,18.86,5.561,4.407,14.8258,13.3432,1591.71,675.14,33.39,6.184,13.3432,631.18
40561,frame_40561.png,26.17,16.07,4.193,3.909,23.7213,17.791,1881.91,908.13,35.0,5.728,17.791,825.44
40591,frame_40591.png,37.38,27.72,5.515,5.074,17.791,14.8258,1783.9,850.91,52.42,7.184,14.8258,784.65
40621,frame_40621.png,31.97,20.07,5.312,4.508,20.7561,16.3084,2050.87,1003.45,40.55,6.141,17.791,901.57
40651,frame_40651.png,30.42,18.46,5.407,4.323,17.791,14.8258,1868.96,879.44,27.94,5.082,16.3084,812.65
40681,frame_40681.png,30.1,18.08,5.027,4.13,17.791,14.8258,1762.47,828.11,27.82,5.173,14.8258,759.53
40711,frame_40711.png,25.63,14.55,4.181,3.537,22.2387,17.791,1887.31,954.17,26.68,4.661,17.791,858.19
40741,frame_40741.png,32.68,20.24,5.327,4.354,16.3084,14.8258,1712.56,804.65,29.04,5.513,14.8258,737.86
40771,frame_40771.png,32.61,20.3,5.086,4.25,20.7561,16.3084,1923.41,976.92,31.99,5.12,17.791,888.44
40801,frame_40801.png,28.52,17.39,4.4,3.903,23.7213,19.2735,2000.26,1030.0,30.2,5.074,19.2735,924.7
40831,frame_40831.png,60.35,54.92,7.839,6.528,44.4774,35.5819,5603.26,3975.14,81.94,7.687,35.5819,3510.53
40861,frame_40861.png,56.55,52.67,7.045,4.962,20.7561,19.2735,2632.25,1677.64,55.53,6.283,19.2735,1465.25
40891,frame_40891.png,59.8,53.9,7.895,6.506,44.4774,35.5819,5610.26,3998.5,79.75,7.852,35.5819,3528.81
40921,frame_40921.png,60.37,52.38,7.821,6.336,34.0993,28.169,4290.12,2901.15,79.04,8.052,28.169,2618.16
40951,frame_40951.png,61.03,53.75,7.942,6.321,44.4774,35.5819,5598.63,3959.64,79.72,7.819,35.5819,3494.02
40981,frame_40981.png,61.22,55.12,7.551,6.271,45.96,35.5819,5644.32,4004.05,81.62,7.836,37.0645,3541.7
41011,frame_41011.png,60.9,54.91,7.771,6.344,44.4774,35.5819,5546.51,3941.73,82.65,8.043,35.5819,3480.4
41041,frame_41041.png,61.85,55.66,7.656,6.462,44.4774,34.0993,5508.94,3904.29,83.07,7.922,35.5819,3448.33
41071,frame_41071.png,61.81,55.33,7.435,6.287,44.4774,35.5819,5589.18,3968.65,82.06,7.849,35.5819,3504.17
41101,frame_41101.png,58.63,53.85,7.098,6.204,50.4077,38.5471,5766.16,4163.42,80.43,7.761,38.5471,3661.32
41131,frame_41131.png,20.09,18.52,4.407,4.796,5.9303,5.9303,1114.15,123.37,19.29,5.366,5.9303,111.65
41161,frame_41161.png,76.51,61.71,11.071,7.938,14.8258,14.8258,3462.27,2068.34,81.6,8.737,16.3084,1969.24
41191,frame_41191.png,68.26,56.57,9.674,7.15,31.1342,25.2039,4774.65,3094.47,79.34,7.959,26.6864,2830.7
41221,frame_41221.png,27.14,32.6,5.996,6.524,5.9303,5.9303,1068.21,114.02,26.93,5.877,5.9303,104.01
41251,frame_41251.png,28.45,33.42,5.951,6.558,5.9303,5.9303,1101.74,130.8,27.06,5.814,5.9303,116.8
41281,frame_41281.png,60.01,53.46,7.718,6.144,42.9948,34.0993,5420.81,3776.27,78.21,7.187,34.0993,3335.11
41311,frame_41311.png,27.0,32.4,5.77,6.059,5.9303,5.9303,1083.6,120.27,26.62,5.452,5.9303,109.65
41341,frame_41341.png,25.71,32.46,6.04,6.592,5.9303,5.9303,1104.68,125.78,23.2,5.201,5.9303,109.0
41371,frame_41371.png,60.35,53.15,7.344,5.905,44.4774,34.0993,5543.32,3854.7,78.68,7.264,35.5819,3401.01
41401,frame_41401.png,53.52,48.15,7.686,6.505,34.0993,28.169,4304.02,2900.19,75.23,7.87,28.169,2611.73
41431,frame_41431.png,55.03,50.17,8.109,7.213,34.0993,28.169,4325.49,2933.07,73.67,7.929,29.6516,2637.8
41461,frame_41461.png,57.93,48.15,8.982,6.789,25.2039,22.2387,3751.06,2407.53,66.14,7.305,23.7213,2213.44
41491,frame_41491.png,51.66,45.16,7.603,6.48,34.0993,29.6516,4335.48,2925.76,67.52,7.519,29.6516,2635.68
41521,frame_41521.png,51.38,45.95,7.563,6.384,34.0993,28.169,4304.11,2906.52,67.71,7.328,29.6516,2620.78
41551,frame_41551.png,51.89,45.52,7.523,6.435,35.5819,28.169,4351.3,2958.8,69.95,7.884,29.6516,2666.99
41581,frame_41581.png,50.67,45.66,7.496,6.854,34.0993,28.169,4322.94,2923.48,67.93,7.846,29.6516,2632.84
41611,frame_41611.png,50.75,44.6,7.651,6.567,32.6168,28.169,4218.69,2825.39,67.19,7.687,28.169,2547.45
41641,frame_41641.png,51.56,44.94,7.675,6.586,34.0993,28.169,4243.38,2846.42,68.97,7.827,28.169,2576.35
41671,frame_41671.png,50.93,44.81,7.626,6.284,34.0993,28.169,4232.18,2848.71,70.25,7.736,28.169,2579.39
41701,frame_41701.png,49.34,43.79,7.517,6.768,34.0993,28.169,4250.25,2871.95,66.85,7.792,29.6516,2607.03
41731,frame_41731.png,50.67,44.2,7.431,6.586,34.0993,28.169,4252.09,2881.58,66.35,7.687,29.6516,2607.85
41761,frame_41761.png,50.41,44.13,7.518,6.775,34.0993,28.169,4188.56,2837.9,66.8,7.532,28.169,2569.82
41791,frame_41791.png,24.21,30.86,5.651,5.957,5.9303,5.9303,1104.63,122.47,25.19,5.279,5.9303,111.31
41821,frame_41821.png,56.73,46.95,8.781,7.289,25.2039,22.2387,3725.6,2417.75,65.56,7.807,23.7213,2223.08
41851,frame_41851.png,56.48,49.57,7.556,6.086,42.9948,34.0993,5367.67,3749.38,73.79,7.057,35.5819,3323.88
41881,frame_41881.png,64.56,55.66,9.526,7.084,32.6168,28.169,4857.32,3270.86,79.9,7.984,29.6516,2934.1
41911,frame_41911.png,65.32,55.18,8.253,6.241,32.6168,28.169,4765.63,3214.51,77.34,7.165,28.169,2888.91
41941,frame_41941.png,56.9,49.03,7.284,5.792,42.9948,34.0993,5372.27,3724.36,73.73,7.294,35.5819,3287.04
41971,frame_41971.png,58.75,52.59,7.604,6.133,42.9948,34.0993,5318.84,3704.23,77.98,7.289,35.5819,3278.36
42001,frame_42001.png,56.9,48.85,7.738,6.291,31.1342,25.2039,4038.93,2650.38,74.8,7.686,26.6864,2393.39
42031,frame_42031.png,56.42,49.16,7.214,6.134,42.9948,35.5819,5414.67,3777.25,74.87,7.753,35.5819,3331.92
42061,frame_42061.png,62.3,53.42,8.638,6.639,32.6168,28.169,4839.91,3217.7,76.45,7.361,28.169,2892.46
42091,frame_42091.png,58.61,52.9,7.474,6.019,42.9948,34.0993,5370.46,3668.33,78.48,7.534,34.0993,3240.88
42121,frame_42121.png,56.57,48.55,7.564,6.486,31.1342,25.2039,3998.75,2607.71,75.48,7.702,26.6864,2358.19
42151,frame_42151.png,25.93,32.62,5.562,6.171,5.9303,5.9303,1054.29,105.93,27.72,5.607,5.9303,102.96
42181,frame_42181.png,26.66,32.27,5.663,5.748,5.9303,5.9303,1062.61,117.09,26.78,5.339,5.9303,111.25
42211,frame_42211.png,23.86,31.05,5.55,5.536,5.9303,5.9303,1071.52,102.82,25.85,5.064,5.9303,100.06
42241,frame_42241.png,26.15,32.95,5.717,5.964,5.9303,5.9303,1087.5,125.84,26.86,5.236,5.9303,118.81
42271,frame_42271.png,28.16,33.78,5.495,5.822,5.9303,5.9303,1092.32,139.32,27.93,5.155,5.9303,125.91
42301,frame_42301.png,25.64,32.03,5.62,5.988,5.9303,5.9303,1056.35,128.62,26.64,5.292,5.9303,120.93
42331,frame_42331.png,24.77,33.13,5.699,6.385,5.9303,5.9303,1023.33,101.56,27.34,5.742,5.9303,98.18
42361,frame_42361.png,27.45,33.12,5.606,5.682,5.9303,5.9303,1064.07,132.05,28.24,5.101,5.9303,124.25
42391,frame_42391.png,27.01,34.6,5.705,5.836,5.9303,5.9303,1059.13,130.64,29.33,5.205,5.9303,122.31
42421,frame_42421.png,25.79,33.52,5.561,6.363,5.9303,5.9303,1040.16,115.33,27.47,5.393,5.9303,110.03
42451,frame_42451.png,26.48,33.33,5.636,5.933,5.9303,5.9303,1055.96,139.95,27.06,5.265,5.9303,129.21
42481,frame_42481.png,31.25,18.16,4.722,3.691,20.7561,16.3084,1945.59,1004.04,26.65,4.483,16.3084,904.0
42511,frame_42511.png,30.45,16.44,4.797,3.728,20.7561,16.3084,1963.9,983.13,25.57,4.561,16.3084,887.42
42541,frame_42541.png,27.85,16.24,3.836,3.052,25.2039,19.2735,2097.13,1092.19,27.53,4.251,19.2735,969.59
42571,frame_42571.png,30.49,17.04,4.754,3.705,20.7561,16.3084,1948.98,981.89,24.91,4.495,16.3084,891.17
42601,frame_42601.png,30.89,16.52,4.98,3.994,20.7561,16.3084,1944.11,942.29,34.15,5.774,16.3084,848.43
42631,frame_42631.png,31.34,18.27,4.665,3.849,19.2735,16.3084,1864.49,936.85,26.23,4.576,16.3084,850.82
42661,frame_42661.png,56.12,47.04,7.026,5.92,32.6168,26.6864,4031.91,2685.07,69.23,6.615,28.169,2419.43
42691,frame_42691.png,56.26,47.95,7.168,6.029,31.1342,26.6864,3998.34,2665.98,74.24,7.136,26.6864,2403.16
42721,frame_42721.png,54.41,45.71,6.762,5.848,32.6168,26.6864,3993.23,2663.51,70.71,7.164,26.6864,2397.55
42751,frame_42751.png,55.9,48.53,6.84,6.237,31.1342,26.6864,3997.65,2661.45,72.83,7.279,26.6864,2397.24
42781,frame_42781.png,59.37,50.72,6.901,6.378,31.1342,26.6864,3991.32,2641.64,77.35,8.045,26.6864,2388.14
42811,frame_42811.png,53.56,47.06,6.096,5.62,34.0993,26.6864,4015.72,2601.77,77.23,7.736,28.169,2350.75
42841,frame_42841.png,54.38,46.2,6.713,6.049,29.6516,25.2039,3760.46,2441.08,74.17,7.746,25.2039,2217.76
42871,frame_42871.png,76.89,76.99,6.569,6.395,29.6516,22.2387,3754.93,2298.29,81.77,7.535,22.2387,2024.15
42901,frame_42901.png,29.27,16.98,5.157,4.088,17.791,14.8258,1697.47,813.47,25.48,4.969,14.8258,745.04
42931,frame_42931.png,30.83,17.67,5.917,4.715,14.8258,11.8606,1625.52,728.94,24.72,5.114,11.8606,675.37
42961,frame_42961.png,30.44,17.47,5.195,4.246,17.791,14.8258,1736.07,825.53,25.75,4.929,14.8258,763.05
42991,frame_42991.png,30.46,19.07,5.156,4.358,17.791,14.8258,1762.26,854.49,28.74,5.144,14.8258,785.71
43021,frame_43021.png,31.62,19.2,5.164,4.51,17.791,14.8258,1751.12,837.5,28.36,5.218,14.8258,770.7
43051,frame_43051.png,30.78,18.71,4.963,4.445,17.791,14.8258,1785.12,870.28,30.17,5.335,16.3084,801.24
43081,frame_43081.png,33.64,22.3,4.866,3.989,22.2387,17.791,1987.89,1023.88,35.09,5.047,17.791,924.9
43111,frame_43111.png,33.01,22.4,5.272,4.248,20.7561,17.791,1987.91,1027.74,33.87,5.26,17.791,929.81
43141,frame_43141.png,32.37,20.48,5.001,4.015,20.7561,16.3084,1901.72,971.91,31.27,4.772,16.3084,883.13
43171,frame_43171.png,30.39,17.8,4.925,3.976,19.2735,16.3084,1844.28,930.07,27.46,4.768,16.3084,843.43
43201,frame_43201.png,24.32,11.94,4.553,3.938,19.2735,14.8258,1728.36,784.75,32.17,5.43,14.8258,703.71
43231,frame_43231.png,28.45,15.32,5.47,4.65,14.8258,13.3432,1563.46,697.22,30.56,6.064,13.3432,640.61
43261,frame_43261.png,26.62,14.76,4.939,3.944,19.2735,14.8258,1644.68,760.88,26.08,4.769,14.8258,694.62
43291,frame_43291.png,32.58,17.7,6.496,4.667,11.8606,10.3781,1502.81,590.45,24.58,5.739,10.3781,539.24
43321,frame_43321.png,30.22,17.39,6.014,4.536,16.3084,13.3432,1781.82,812.81,44.7,5.987,13.3432,750.91
43351,frame_43351.png,25.9,11.96,4.93,3.897,19.2735,16.3084,1856.04,877.17,20.47,4.596,16.3084,800.69
43381,frame_43381.png,26.43,13.71,6.041,4.421,14.8258,11.8606,1554.23,623.51,33.73,5.786,11.8606,572.28
43411,frame_43411.png,24.58,10.61,4.686,3.692,20.7561,14.8258,1794.42,812.56,18.77,4.314,14.8258,734.52
43441,frame_43441.png,27.0,13.44,5.256,4.048,14.8258,13.3432,1602.46,675.55,19.99,4.756,13.3432,624.43
43471,frame_43471.png,27.62,13.75,5.207,3.708,17.791,14.8258,1722.69,776.96,20.87,4.456,14.8258,717.68
43501,frame_43501.png,29.7,15.04,5.299,4.312,16.3084,14.8258,1681.75,766.58,28.9,5.634,14.8258,698.09
43531,frame_43531.png,29.21,14.39,5.601,4.015,17.791,14.8258,1800.48,842.88,24.46,4.844,14.8258,764.12
43561,frame_43561.png,27.52,14.82,4.806,4.004,19.2735,14.8258,1840.64,884.88,39.53,5.893,16.3084,796.8
43591,frame_43591.png,28.34,14.42,5.464,4.312,16.3084,13.3432,1683.2,689.66,21.55,4.771,13.3432,628.16
43621,frame_43621.png,27.54,20.78,3.97,2.737,20.7561,17.791,2370.69,1177.55,19.56,3.146,16.3084,1082.74
43651,frame_43651.png,23.04,17.29,3.193,2.53,26.6864,20.7561,2488.13,1269.3,17.99,2.994,20.7561,1145.35
43681,frame_43681.png,24.45,17.65,3.573,2.578,28.169,22.2387,2697.65,1502.35,19.16,2.942,22.2387,1404.66
43711,frame_43711.png,54.72,52.01,7.558,6.101,37.0645,29.6516,3977.66,2486.18,76.58,7.765,29.6516,2164.36
43741,frame_43741.png,34.32,20.2,5.413,3.899,23.7213,19.2735,2362.2,1233.21,43.46,5.683,19.2735,1090.56
43771,frame_43771.png,31.67,15.2,5.864,5.039,16.3084,13.3432,1771.53,785.25,33.66,6.353,13.3432,704.15
43801,frame_43801.png,28.43,14.72,4.595,3.754,22.2387,17.791,2145.46,1100.42,24.34,4.348,17.791,979.15
43831,frame_43831.png,37.85,24.71,6.893,5.266,13.3432,11.8606,1687.18,777.55,44.74,6.581,13.3432,715.92
43861,frame_43861.png,32.24,19.71,4.522,3.488,26.6864,19.2735,2367.94,1295.44,30.68,4.237,19.2735,1152.12
43891,frame_43891.png,84.86,81.46,9.44,7.94,16.3084,13.3432,2467.04,1333.24,99.64,8.316,14.8258,1189.2
43921,frame_43921.png,26.35,19.96,3.663,2.852,28.169,22.2387,2662.21,1576.53,19.24,3.023,22.2387,1455.06
43951,frame_43951.png,32.75,24.72,4.725,4.136,22.2387,17.791,2073.33,1035.69,15.54,5.103,17.791,904.06
43981,frame_43981.png,23.62,17.51,3.142,2.342,32.6168,23.7213,2914.47,1675.03,17.88,3.061,23.7213,1508.5
44011,frame_44011.png,26.24,20.38,3.687,2.85,26.6864,20.7561,2611.28,1474.35,20.8,3.223,20.7561,1368.15
44041,frame_44041.png,90.04,92.09,9.109,8.019,29.6516,23.7213,3660.15,2347.61,99.64,9.391,23.7213,2065.84
44071,frame_44071.png,30.88,16.96,5.902,5.024,19.2735,16.3084,2097.92,1074.04,37.32,6.103,16.3084,968.97
44101,frame_44101.png,41.87,25.67,6.705,5.171,16.3084,13.3432,2071.15,986.45,47.1,6.099,14.8258,899.91
44131,frame_44131.png,43.43,28.7,6.225,4.799,22.2387,17.791,2584.65,1430.04,56.51,7.076,19.2735,1265.19
44161,frame_44161.png,26.3,13.93,4.393,3.444,26.6864,20.7561,2649.12,1405.67,24.52,4.111,20.7561,1250.1
44191,frame_44191.png,26.9,13.04,5.231,4.146,17.791,14.8258,1697.74,803.76,27.94,5.278,14.8258,726.46
44221,frame_44221.png,28.06,14.78,4.991,3.946,17.791,14.8258,1645.48,784.06,25.91,4.81,14.8258,718.22
44251,frame_44251.png,27.21,20.73,3.778,2.734,28.169,22.2387,2820.41,1671.94,21.27,2.976,22.2387,1549.93
44281,frame_44281.png,31.04,19.45,5.23,4.862,19.2735,14.8258,2005.56,888.31,17.63,5.84,14.8258,791.08
44311,frame_44311.png,24.01,17.87,3.236,2.497,29.6516,22.2387,2502.35,1317.94,19.55,2.813,22.2387,1209.48
44341,frame_44341.png,24.25,17.19,3.608,2.702,26.6864,19.2735,2432.34,1246.45,17.17,2.857,19.2735,1152.21
44371,frame_44371.png,55.2,52.2,7.306,6.611,31.1342,23.7213,3361.06,2005.74,76.83,8.034,25.2039,1755.81
44401,frame_44401.png,34.12,19.16,5.55,4.041,19.2735,14.8258,1997.08,974.43,33.01,5.372,16.3084,874.06
44431,frame_44431.png,35.35,21.59,5.523,3.973,23.7213,17.791,2284.32,1195.24,40.13,5.583,17.791,1060.82
44461,frame_44461.png,32.7,18.67,5.819,4.578,17.791,14.8258,1899.02,885.46,30.61,5.334,14.8258,808.84
44491,frame_44491.png,36.49,26.86,7.124,5.265,5.9303,5.9303,966.57,226.35,22.61,6.447,5.9303,206.75
44521,frame_44521.png,37.18,21.52,5.388,4.065,19.2735,16.3084,2066.29,1037.11,46.94,6.338,16.3084,925.45
44551,frame_44551.png,34.45,19.17,6.305,4.97,16.3084,13.3432,1750.18,806.98,37.28,6.524,13.3432,739.3
44581,frame_44581.png,35.89,25.96,5.585,4.662,22.2387,17.791,2153.19,1081.21,55.53,7.148,17.791,968.27
44611,frame_44611.png,84.16,83.73,8.76,7.75,26.6864,20.7561,2757.58,1619.69,102.37,8.934,20.7561,1422.61
44641,frame_44641.png,26.34,19.19,3.775,3.075,23.7213,17.791,2381.15,1317.99,18.65,3.475,19.2735,1214.26
44671,frame_44671.png,26.86,18.78,3.917,3.024,25.2039,19.2735,2632.97,1555.68,18.32,3.29,20.7561,1441.74
44701,frame_44701.png,38.56,25.17,6.369,4.906,17.791,14.8258,2035.48,1027.65,40.8,5.775,16.3084,915.79
44731,frame_44731.png,38.83,25.59,6.719,4.946,19.2735,16.3084,2145.2,1126.27,44.53,6.159,16.3084,994.12
44761,frame_44761.png,45.38,36.45,6.098,4.965,29.6516,22.2387,3044.53,1776.47,65.4,7.065,23.7213,1556.4
44791,frame_44791.png,44.07,31.36,5.733,4.178,16.3084,11.8606,1946.71,975.75,38.0,5.089,11.8606,856.49
44821,frame_44821.png,66.61,56.25,8.257,6.542,28.169,23.7213,3979.94,2578.11,80.17,7.903,25.2039,2384.78
44851,frame_44851.png,35.04,22.72,5.799,4.381,23.7213,19.2735,2459.59,1361.85,39.5,5.566,19.2735,1234.47
44881,frame_44881.png,38.17,27.49,6.887,5.218,16.3084,13.3432,1975.09,927.99,51.47,6.852,14.8258,853.41
44911,frame_44911.png,34.41,22.58,5.489,4.415,25.2039,19.2735,2346.76,1272.27,48.99,5.658,19.2735,1122.08
44941,frame_44941.png,31.65,23.11,5.143,4.454,20.7561,16.3084,1961.97,1008.84,44.31,5.915,17.791,910.31
44971,frame_44971.png,29.38,21.43,3.638,3.157,22.2387,17.791,2399.48,1268.16,21.25,3.278,17.791,1192.4
45001,frame_45001.png,35.53,27.46,4.269,3.96,17.791,14.8258,1952.69,933.78,24.93,4.48,14.8258,787.67
45031,frame_45031.png,34.95,26.18,3.904,3.399,17.791,14.8258,2046.69,1064.46,25.21,4.509,14.8258,922.7
45061,frame_45061.png,79.04,82.81,7.787,7.408,35.5819,26.6864,3061.26,1879.72,98.07,9.597,25.2039,1590.1
45091,frame_45091.png,23.2,14.16,5.198,4.213,11.8606,10.3781,1241.68,413.72,22.66,4.881,10.3781,378.52
45121,frame_45121.png,22.77,14.98,6.457,5.79,7.4129,5.9303,1029.62,249.45,25.57,7.139,7.4129,236.77
45151,frame_45151.png,17.85,9.17,5.368,4.879,8.8955,8.8955,1070.47,313.69,24.24,5.793,8.8955,292.3
45181,frame_45181.png,20.38,10.61,4.8,4.132,11.8606,10.3781,1166.22,369.86,17.48,5.26,10.3781,335.54
45211,frame_45211.png,45.74,35.81,6.929,5.973,19.2735,16.3084,2452.36,1251.19,61.58,7.513,17.791,1127.38
45241,frame_45241.png,31.96,18.55,5.019,4.166,17.791,14.8258,1938.59,898.84,37.63,5.557,14.8258,815.43
45271,frame_45271.png,26.85,13.74,4.478,4.051,19.2735,14.8258,1875.46,895.01,25.97,4.976,14.8258,806.79
45301,frame_45301.png,27.65,15.33,4.748,4.483,16.3084,13.3432,1658.1,748.68,35.72,6.122,13.3432,682.1
45331,frame_45331.png,31.31,23.48,4.013,3.119,20.7561,16.3084,2163.92,1194.26,23.61,3.236,16.3084,1121.09
45361,frame_45361.png,36.18,28.03,4.381,3.666,17.791,14.8258,1891.64,937.15,26.36,5.017,14.8258,807.31
45391,frame_45391.png,30.33,23.18,3.868,3.132,22.2387,17.791,2227.28,1243.55,24.05,3.055,17.791,1163.91
45421,frame_45421.png,43.48,34.22,4.305,3.469,16.3084,13.3432,2241.15,1282.53,28.61,3.42,13.3432,1214.85
45451,frame_45451.png,39.68,31.38,3.839,3.297,22.2387,17.791,2437.56,1438.72,37.13,3.301,17.791,1345.03
45481,frame_45481.png,39.29,31.68,3.881,3.41,22.2387,17.791,2423.68,1433.22,35.17,3.38,17.791,1338.57
45511,frame_45511.png,48.07,34.31,6.28,5.342,19.2735,16.3084,2627.94,1524.45,66.32,7.27,16.3084,1390.71
45541,frame_45541.png,45.1,32.49,6.231,5.511,20.7561,16.3084,2832.4,1604.39,47.04,6.494,16.3084,1440.81
45571,frame_45571.png,30.57,22.23,5.019,4.135,40.0297,31.1342,4136.13,2707.85,21.46,4.014,31.1342,2419.99
45601,frame_45601.png,36.52,29.58,4.841,3.787,34.0993,26.6864,3899.25,2526.06,28.76,3.898,26.6864,2375.07
45631,frame_45631.png,30.31,22.65,4.235,3.339,42.9948,32.6168,4212.08,2850.5,22.48,3.472,32.6168,2643.28
45661,frame_45661.png,30.52,23.86,4.385,3.867,40.0297,31.1342,4054.04,2706.29,21.65,3.648,31.1342,2421.77
45691,frame_45691.png,30.44,22.8,4.049,3.458,42.9948,32.6168,4396.66,3045.59,22.82,3.646,32.6168,2832.36
45721,frame_45721.png,44.14,35.71,4.198,3.557,34.0993,25.2039,3949.36,2709.39,33.92,3.632,25.2039,2544.61
45751,frame_45751.png,40.59,32.81,4.262,3.628,34.0993,25.2039,3961.42,2714.47,33.99,3.683,25.2039,2543.91
45781,frame_45781.png,51.58,41.42,6.013,5.18,22.2387,16.3084,2913.76,1757.39,51.84,5.802,16.3084,1544.45
45811,frame_45811.png,38.43,30.97,3.818,3.469,34.0993,25.2039,3801.72,2661.19,30.11,3.57,25.2039,2437.64
45841,frame_45841.png,38.48,31.44,4.112,3.793,34.0993,25.2039,3779.15,2613.86,31.28,3.976,25.2039,2425.92
45871,frame_45871.png,45.33,31.25,6.234,5.745,19.2735,14.8258,2617.79,1506.55,35.43,6.424,16.3084,1357.11
45901,frame_45901.png,39.33,30.63,4.357,4.081,29.6516,22.2387,3185.03,2114.89,28.0,5.099,22.2387,1866.7
45931,frame_45931.png,30.95,22.24,5.196,5.177,32.6168,25.2039,3163.57,1907.34,18.15,6.187,25.2039,1638.84
45961,frame_45961.png,38.32,29.58,5.182,4.304,32.6168,25.2039,3515.01,2199.86,27.91,4.499,25.2039,1995.93
45991,frame_45991.png,27.15,22.07,3.789,3.387,28.169,22.2387,2670.15,1563.74,22.45,3.374,22.2387,1454.67
46021,frame_46021.png,32.6,25.96,4.288,3.805,23.7213,19.2735,2563.69,1445.4,24.95,3.832,19.2735,1346.99
46051,frame_46051.png,31.32,24.57,4.005,3.708,26.6864,20.7561,2677.42,1540.98,24.33,3.713,20.7561,1455.84
46081,frame_46081.png,27.63,20.98,3.614,3.455,29.6516,23.7213,2781.47,1611.95,19.63,3.853,22.2387,1460.06
46111,frame_46111.png,31.98,24.79,4.096,3.68,25.2039,20.7561,2660.84,1520.93,24.61,3.731,20.7561,1443.17
46141,frame_46141.png,29.8,23.64,4.066,3.75,26.6864,20.7561,2757.03,1583.93,23.37,3.764,20.7561,1495.8
46171,frame_46171.png,31.13,24.86,4.045,3.658,25.2039,20.7561,2663.52,1548.53,24.1,3.589,20.7561,1461.07
46201,frame_46201.png,31.33,24.54,3.923,3.553,26.6864,20.7561,2710.71,1592.06,24.2,3.591,20.7561,1491.56
46231,frame_46231.png,30.15,23.88,3.974,3.526,26.6864,22.2387,2788.5,1644.46,22.95,3.595,20.7561,1523.66
46261,frame_46261.png,30.39,23.69,3.822,3.476,29.6516,23.7213,2988.12,1826.71,22.39,3.378,23.7213,1664.35
46291,frame_46291.png,31.83,22.47,4.931,4.108,20.7561,16.3084,2103.29,1049.56,23.81,3.888,16.3084,888.22
46321,frame_46321.png,35.83,28.81,4.422,4.123,22.2387,17.791,2577.66,1467.35,24.83,3.802,17.791,1271.35
46351,frame_46351.png,35.3,27.39,5.027,4.591,20.7561,17.791,2216.8,1151.54,21.85,5.613,16.3084,977.44
46381,frame_46381.png,31.47,23.4,4.239,3.508,28.169,22.2387,2924.26,1802.37,22.61,3.461,22.2387,1659.64
46411,frame_46411.png,40.37,33.9,5.354,4.899,26.6864,20.7561,2579.36,1423.61,62.7,7.178,20.7561,1276.13
46441,frame_46441.png,33.58,20.08,5.783,4.377,19.2735,16.3084,2110.37,1029.27,41.5,6.051,16.3084,929.03
46471,frame_46471.png,45.05,32.89,6.346,5.437,23.7213,19.2735,2797.77,1598.2,61.75,7.651,19.2735,1449.6
46501,frame_46501.png,50.05,39.95,5.672,5.335,28.169,22.2387,3240.62,1946.04,68.92,7.791,22.2387,1744.06
46531,frame_46531.png,43.91,31.94,5.871,5.326,23.7213,19.2735,2888.86,1641.25,61.32,7.233,19.2735,1497.42
46561,frame_46561.png,31.46,23.28,4.426,3.718,28.169,22.2387,2961.71,1826.23,21.29,3.661,22.2387,1708.35
46591,frame_46591.png,28.22,20.27,4.363,3.727,29.6516,23.7213,2996.61,1852.21,16.58,4.75,23.7213,1624.32
46621,frame_46621.png,29.72,21.05,4.022,3.664,31.1342,25.2039,3207.68,2046.98,20.01,3.612,25.2039,1914.81
46651,frame_46651.png,41.53,33.49,3.71,3.392,28.169,22.2387,3119.29,2017.06,31.07,3.583,22.2387,1881.34
46681,frame_46681.png,40.15,31.6,3.97,3.443,28.169,22.2387,3216.97,2103.04,31.89,3.723,22.2387,1971.54
46711,frame_46711.png,39.14,28.42,6.231,5.326,23.7213,17.791,2671.46,1539.37,28.37,6.099,17.791,1347.8
46741,frame_46741.png,24.65,14.28,4.353,4.117,11.8606,8.8955,1804.72,487.97,24.51,5.265,10.3781,448.99
46771,frame_46771.png,30.83,23.03,3.806,3.642,19.2735,16.3084,2036.27,756.42,23.71,4.116,14.8258,680.08
46801,frame_46801.png,29.42,22.31,3.647,3.414,19.2735,16.3084,2010.09,734.85,23.03,4.016,14.8258,659.46
46831,frame_46831.png,32.25,24.31,3.952,3.602,17.791,14.8258,1963.23,683.27,24.3,4.131,14.8258,614.93
46861,frame_46861.png,30.82,22.93,3.817,3.483,17.791,14.8258,1939.85,699.89,23.15,4.277,14.8258,627.28
46891,frame_46891.png,29.66,21.9,3.565,3.371,20.7561,16.3084,1912.29,719.58,23.99,4.156,16.3084,638.79
46921,frame_46921.png,34.19,25.04,4.222,3.801,16.3084,13.3432,1849.95,785.72,24.84,4.108,13.3432,715.46
46951,frame_46951.png,38.55,29.49,3.57,3.463,17.791,14.8258,1806.9,902.77,35.21,4.118,13.3432,837.7
46981,frame_46981.png,37.19,29.2,3.543,3.462,16.3084,14.8258,1829.72,927.61,36.1,4.21,13.3432,848.04
47011,frame_47011.png,44.0,33.9,4.566,4.135,14.8258,11.8606,2099.7,919.15,37.5,5.776,11.8606,845.84
47041,frame_47041.png,35.03,27.5,3.622,3.359,17.791,14.8258,2016.86,922.21,29.15,4.095,13.3432,838.75
47071,frame_47071.png,40.35,34.03,3.841,3.631,17.791,14.8258,2114.48,957.68,32.49,4.043,14.8258,883.42
47101,frame_47101.png,41.56,34.95,4.237,3.8,23.7213,19.2735,2949.29,1767.74,36.3,3.805,19.2735,1667.26
47131,frame_47131.png,38.86,30.93,4.124,3.619,25.2039,19.2735,2868.12,1680.7,34.66,3.85,19.2735,1590.67
47161,frame_47161.png,40.21,32.5,3.9,3.498,25.2039,19.2735,2875.75,1683.81,32.88,3.838,19.2735,1593.01
47191,frame_47191.png,39.92,32.35,3.898,3.469,26.6864,20.7561,2913.14,1712.45,35.27,3.718,20.7561,1607.21
47221,frame_47221.png,39.84,30.88,3.994,3.552,26.6864,20.7561,2894.14,1729.39,35.97,3.724,20.7561,1616.08
47251,frame_47251.png,42.71,35.14,3.835,3.518,25.2039,20.7561,2808.19,1685.33,36.14,3.819,20.7561,1574.68
47281,frame_47281.png,40.46,31.97,3.987,3.616,25.2039,20.7561,2749.53,1660.8,34.74,3.871,20.7561,1557.66
47311,frame_47311.png,32.82,26.11,4.35,3.819,25.2039,20.7561,2658.37,1543.06,25.23,3.978,20.7561,1440.44
47341,frame_47341.png,31.9,25.48,4.365,3.84,25.2039,20.7561,2678.3,1480.71,24.93,4.044,20.7561,1378.99
47371,frame_47371.png,28.16,21.67,4.104,3.685,28.169,22.2387,2803.92,1568.05,22.3,3.911,22.2387,1462.07
47401,frame_47401.png,31.09,23.44,4.973,4.406,35.5819,28.169,3852.87,2495.26,21.4,4.222,29.6516,2258.92
47431,frame_47431.png,26.84,19.51,4.435,4.213,41.5122,32.6168,4102.52,2759.85,19.27,4.171,32.6168,2503.38
47461,frame_47461.png,33.4,26.28,5.084,4.684,37.0645,28.169,3835.1,2417.4,24.67,5.204,26.6864,2038.62
47491,frame_47491.png,33.35,23.13,5.302,4.432,31.1342,23.7213,3394.18,2018.84,32.08,5.424,23.7213,1710.23
47521,frame_47521.png,60.27,62.5,11.419,16.624,0.0,0.0,779.09,71.3,47.87,5.543,2.9652,64.41
47551,frame_47551.png,39.81,26.18,5.86,5.029,22.2387,19.2735,2519.92,1439.24,37.63,5.738,19.2735,1321.27
47581,frame_47581.png,40.16,26.53,5.984,5.117,22.2387,17.791,2438.77,1382.64,38.8,5.782,19.2735,1267.68
47611,frame_47611.png,42.08,29.39,6.17,5.756,19.2735,16.3084,2265.58,1244.2,53.08,7.289,17.791,1146.75
47641,frame_47641.png,35.54,26.37,4.64,4.607,28.169,22.2387,2589.52,1515.59,56.54,6.668,22.2387,1357.26
47671,frame_47671.png,37.28,27.36,5.111,4.93,23.7213,19.2735,2482.43,1431.72,55.33,7.013,20.7561,1296.67
47701,frame_47701.png,37.13,27.54,4.802,4.34,31.1342,23.7213,2993.64,1841.95,44.35,5.619,23.7213,1646.63
47731,frame_47731.png,36.64,28.18,5.217,4.286,31.1342,25.2039,3161.18,1919.15,48.73,5.783,25.2039,1710.99
47761,frame_47761.png,40.03,30.47,5.175,4.375,31.1342,25.2039,3172.68,1949.4,52.53,6.096,25.2039,1732.42
47791,frame_47791.png,39.66,29.92,5.187,4.684,31.1342,23.7213,3079.05,1886.58,58.74,7.291,23.7213,1671.07
47821,frame_47821.png,47.09,34.09,6.198,5.21,23.7213,19.2735,2796.24,1622.79,61.96,7.243,20.7561,1459.5
47851,frame_47851.png,40.2,30.11,5.442,4.509,31.1342,23.7213,3146.07,1916.36,49.45,5.729,25.2039,1690.49
47881,frame_47881.png,43.12,30.29,6.565,5.426,20.7561,17.791,2547.95,1392.83,55.69,6.698,17.791,1258.03
47911,frame_47911.png,45.6,33.13,7.178,5.54,20.7561,17.791,2559.72,1410.13,60.22,7.111,17.791,1285.97
47941,frame_47941.png,48.18,37.74,7.394,5.82,22.2387,17.791,2614.44,1488.33,67.85,7.589,17.791,1360.12
47971,frame_47971.png,53.36,43.49,8.293,6.142,22.2387,17.791,2704.58,1550.04,69.18,7.665,19.2735,1421.27
48001,frame_48001.png,26.8,21.28,3.85,3.401,23.7213,19.2735,2559.42,1410.02,22.11,3.685,19.2735,1328.3
48031,frame_48031.png,25.19,19.17,3.763,3.406,26.6864,20.7561,2571.49,1417.66,20.33,3.689,20.7561,1333.08
48061,frame_48061.png,25.76,19.69,3.519,3.19,26.6864,20.7561,2628.99,1459.65,19.62,3.515,20.7561,1324.89
48091,frame_48091.png,27.38,20.61,3.589,3.289,26.6864,20.7561,2645.0,1545.66,22.25,3.917,20.7561,1448.41
48121,frame_48121.png,31.4,24.28,3.378,3.091,22.2387,17.791,2422.95,1465.24,25.66,3.81,17.791,1394.98
48151,frame_48151.png,30.73,23.38,3.437,3.389,22.2387,17.791,2380.92,1452.76,25.98,3.958,17.791,1383.08
48181,frame_48181.png,36.45,22.71,7.864,6.392,10.3781,8.8955,1803.88,935.51,39.45,7.445,10.3781,879.46
48211,frame_48211.png,30.46,24.26,4.681,4.083,25.2039,19.2735,2545.93,1530.32,27.11,5.366,19.2735,1321.76
48241,frame_48241.png,30.55,24.49,5.025,4.093,35.5819,26.6864,3727.07,2352.17,26.12,4.153,28.169,2159.11
48271,frame_48271.png,76.73,79.79,7.612,8.195,0.0,0.0,787.47,88.77,41.61,5.214,2.9652,81.72
48301,frame_48301.png,26.92,20.07,4.339,3.814,31.1342,25.2039,3105.66,1942.06,19.98,4.859,25.2039,1715.1
48331,frame_48331.png,31.14,24.65,4.937,4.4,23.7213,19.2735,2455.73,1384.03,26.71,5.316,17.791,1200.0
48361,frame_48361.png,31.1,25.11,4.846,4.133,23.7213,19.2735,2440.55,1401.0,28.08,5.408,17.791,1198.85
48391,frame_48391.png,31.21,24.68,4.495,4.124,23.7213,19.2735,2568.18,1538.0,26.09,5.228,19.2735,1332.98
48421,frame_48421.png,30.15,19.34,4.316,3.908,23.7213,19.2735,2325.09,1333.35,18.89,4.385,17.791,1134.43
48451,frame_48451.png,30.13,22.84,4.412,4.108,28.169,22.2387,2651.09,1611.62,19.42,5.464,22.2387,1386.47
48481,frame_48481.png,28.2,21.27,3.855,3.531,29.6516,23.7213,2910.46,1892.6,22.92,3.892,23.7213,1780.48
48511,frame_48511.png,29.46,23.33,3.898,3.71,28.169,23.7213,2868.58,1859.6,24.78,4.08,23.7213,1752.81
48541,frame_48541.png,29.81,23.34,3.99,3.704,26.6864,22.2387,2727.09,1729.62,24.22,3.926,22.2387,1635.86
48571,frame_48571.png,30.1,24.13,4.043,3.566,25.2039,20.7561,2613.64,1641.0,24.87,3.929,20.7561,1559.17
48601,frame_48601.png,29.81,23.26,3.894,3.476,23.7213,20.7561,2582.75,1609.14,24.51,3.726,20.7561,1531.68
48631,frame_48631.png,31.18,25.66,3.989,3.57,23.7213,19.2735,2506.83,1543.71,26.5,3.872,19.2735,1469.67
48661,frame_48661.png,26.64,20.66,3.512,3.357,28.169,22.2387,2492.72,1553.76,23.26,3.947,22.2387,1462.68
48691,frame_48691.png,26.22,20.15,3.662,3.572,26.6864,22.2387,2457.62,1525.17,23.19,3.866,22.2387,1442.33
48721,frame_48721.png,29.92,24.12,3.86,3.61,20.7561,17.791,2213.58,1291.05,22.42,3.877,17.791,1168.35
48751,frame_48751.png,26.52,21.84,3.512,3.383,25.2039,20.7561,2327.18,1421.27,23.81,3.849,19.2735,1323.64
48781,frame_48781.png,79.33,83.61,8.06,7.489,34.0993,25.2039,2968.6,1820.83,80.02,8.938,25.2039,1543.59
48811,frame_48811.png,29.61,19.02,5.448,4.416,19.2735,16.3084,2182.98,1012.72,33.8,5.317,16.3084,947.3
48841,frame_48841.png,30.44,20.61,4.919,4.374,23.7213,19.2735,2528.14,1267.63,36.01,5.44,19.2735,1161.25
48871,frame_48871.png,28.27,18.6,4.903,4.617,19.2735,14.8258,2024.27,906.58,31.86,5.556,16.3084,848.27
48901,frame_48901.png,27.48,17.3,4.914,4.507,19.2735,16.3084,2132.38,927.94,30.73,5.493,16.3084,865.41
48931,frame_48931.png,28.94,19.57,4.702,4.35,20.7561,16.3084,2202.45,1002.6,33.47,5.205,16.3084,933.9
48961,frame_48961.png,30.65,23.36,4.573,4.372,28.169,22.2387,2850.54,1530.14,43.39,5.592,22.2387,1390.2
48991,frame_48991.png,40.29,31.38,5.504,4.48,31.1342,25.2039,3507.43,2133.22,51.34,5.661,25.2039,1921.21
49021,frame_49021.png,88.14,92.88,9.414,8.486,37.0645,28.169,3982.2,2667.9,115.65,10.414,28.169,2328.41
49051,frame_49051.png,27.12,20.07,3.733,3.371,31.1342,25.2039,3029.03,1971.27,22.02,3.612,25.2039,1834.75
49081,frame_49081.png,26.6,19.82,3.467,3.066,34.0993,25.2039,3114.85,2030.86,21.99,3.352,25.2039,1783.08
49111,frame_49111.png,31.33,18.91,5.786,4.52,20.7561,16.3084,2206.89,1153.23,36.67,5.517,16.3084,1029.74
49141,frame_49141.png,25.16,16.28,3.914,3.246,32.6168,25.2039,3076.97,1906.92,18.26,3.473,25.2039,1725.91
49171,frame_49171.png,26.19,18.8,3.891,3.034,31.1342,25.2039,2977.51,1852.5,20.87,3.478,25.2039,1706.4
49201,frame_49201.png,26.15,18.48,3.957,3.045,31.1342,23.7213,2968.6,1831.05,21.39,3.5,23.7213,1670.48
49231,frame_49231.png,26.18,17.9,3.73,3.186,31.1342,23.7213,2900.04,1773.1,20.29,3.709,23.7213,1626.86
49261,frame_49261.png,26.39,18.35,3.894,3.161,31.1342,25.2039,2931.07,1796.58,21.54,4.045,23.7213,1605.74
49291,frame_49291.png,26.9,19.17,3.671,3.049,31.1342,25.2039,2900.17,1802.6,22.53,3.551,23.7213,1644.98
49321,frame_49321.png,25.95,17.91,3.817,3.429,29.6516,22.2387,2712.95,1656.56,21.03,3.625,22.2387,1516.39
49351,frame_49351.png,27.01,19.47,4.057,3.487,28.169,22.2387,2636.64,1583.0,22.64,3.632,22.2387,1444.84
49381,frame_49381.png,27.76,18.77,4.068,3.451,28.169,20.7561,2631.23,1570.13,22.23,3.703,20.7561,1427.32
49411,frame_49411.png,27.1,18.29,3.964,3.506,28.169,22.2387,2750.07,1667.17,22.11,3.647,22.2387,1519.1
49441,frame_49441.png,26.47,18.92,3.846,3.499,28.169,22.2387,2761.39,1643.3,22.24,3.516,22.2387,1491.78
49471,frame_49471.png,27.67,19.62,3.817,3.066,32.6168,25.2039,2997.8,1837.93,22.57,3.192,23.7213,1665.35
49501,frame_49501.png,26.76,18.6,3.856,3.091,32.6168,25.2039,3031.16,1873.8,20.78,3.156,25.2039,1714.96
49531,frame_49531.png,27.35,19.35,3.948,3.123,31.1342,23.7213,2968.24,1803.77,21.31,3.286,23.7213,1662.37
49561,frame_49561.png,28.05,19.34,3.963,2.955,31.1342,23.7213,2918.34,1764.73,21.98,3.099,23.7213,1610.72
49591,frame_49591.png,27.24,18.83,4.046,3.15,31.1342,25.2039,2962.87,1788.83,21.0,3.146,23.7213,1632.77
49621,frame_49621.png,31.84,21.16,4.778,3.287,26.6864,20.7561,2508.57,1396.17,43.22,4.925,20.7561,1245.46
49651,frame_49651.png,32.33,22.95,4.169,3.332,38.5471,29.6516,3987.71,2709.99,30.16,3.816,29.6516,2429.94
49681,frame_49681.png,33.99,22.76,5.051,3.914,31.1342,23.7213,3430.7,2195.31,23.79,3.668,25.2039,2000.4
49711,frame_49711.png,35.27,24.09,4.753,3.899,31.1342,25.2039,3440.03,2196.32,25.72,3.839,25.2039,2011.01
49741,frame_49741.png,34.4,23.01,4.924,3.816,32.6168,25.2039,3662.62,2394.86,25.45,3.66,25.2039,2194.27
49771,frame_49771.png,39.88,29.52,3.919,3.198,31.1342,23.7213,3442.36,2313.47,29.85,3.388,23.7213,2125.63
49801,frame_49801.png,43.69,32.91,3.904,3.048,29.6516,22.2387,3320.73,2215.62,33.59,3.32,22.2387,2056.49
49831,frame_49831.png,47.81,34.9,6.249,4.939,14.8258,11.8606,2090.5,1185.91,49.69,5.775,11.8606,1109.73
49861,frame_49861.png,35.11,26.36,3.674,3.318,29.6516,22.2387,3325.18,2275.63,27.4,3.309,20.7561,2034.57
49891,frame_49891.png,29.68,22.05,3.572,2.884,40.0297,31.1342,3981.52,2776.07,23.18,3.226,31.1342,2590.7
49921,frame_49921.png,30.5,22.78,3.996,3.211,38.5471,29.6516,4067.41,2806.54,23.29,3.492,29.6516,2628.5
49951,frame_49951.png,27.91,20.99,3.872,3.155,41.5122,32.6168,4143.18,2949.06,21.97,3.419,32.6168,2750.46
49981,frame_49981.png,34.85,20.76,6.195,4.783,23.7213,19.2735,3160.3,1899.42,46.14,5.587,19.2735,1703.53
50011,frame_50011.png,31.87,21.65,4.333,3.438,29.6516,23.7213,3293.12,2142.67,22.17,3.365,23.7213,1905.27
50041,frame_50041.png,38.29,27.47,3.773,3.084,29.6516,22.2387,3309.65,2257.01,21.17,3.416,22.2387,2103.58
50071,frame_50071.png,36.3,25.5,3.979,3.152,29.6516,20.7561,3295.69,2237.44,28.0,3.521,22.2387,2084.68
50101,frame_50101.png,43.21,31.12,4.243,3.431,23.7213,17.791,2736.22,1749.17,29.6,4.266,17.791,1531.62
50131,frame_50131.png,31.09,20.51,4.366,3.03,29.6516,22.2387,3138.21,2015.78,21.65,3.441,23.7213,1858.4
50161,frame_50161.png,30.65,20.53,4.229,2.823,35.5819,26.6864,3594.04,2355.7,23.04,3.219,26.6864,2150.9
50191,frame_50191.png,28.24,18.58,4.032,3.42,29.6516,23.7213,3108.83,2021.81,22.4,3.764,23.7213,1851.42
50221,frame_50221.png,38.22,25.89,5.441,3.787,20.7561,17.791,2857.5,1720.38,23.69,3.785,17.791,1623.53
50251,frame_50251.png,29.96,19.17,4.346,3.148,29.6516,23.7213,3159.17,2001.79,20.64,3.35,23.7213,1847.65
50281,frame_50281.png,28.94,19.14,4.314,3.237,31.1342,25.2039,3278.11,2116.75,21.08,3.517,25.2039,1943.66
50311,frame_50311.png,31.38,21.55,4.592,3.232,38.5471,28.169,4189.58,2799.99,24.25,3.377,28.169,2536.3
50341,frame_50341.png,30.9,20.96,4.581,3.235,31.1342,23.7213,3180.4,2026.39,21.6,3.195,23.7213,1867.83
50371,frame_50371.png,31.43,21.64,4.382,3.009,29.6516,23.7213,3173.53,2003.13,21.79,3.074,23.7213,1858.65
50401,frame_50401.png,28.47,20.17,4.278,3.054,38.5471,29.6516,3995.15,2689.15,23.44,3.176,29.6516,2424.21
50431,frame_50431.png,34.8,24.53,4.932,3.664,26.6864,20.7561,3012.37,1867.85,23.28,3.418,20.7561,1748.6
50461,frame_50461.png,33.06,23.5,4.664,3.392,31.1342,23.7213,3263.97,2085.64,23.84,3.227,23.7213,1941.86
50491,frame_50491.png,33.67,23.6,4.473,3.32,29.6516,23.7213,3238.94,2052.44,25.13,3.39,23.7213,1916.41
50521,frame_50521.png,30.87,22.53,4.207,3.292,35.5819,26.6864,3434.39,2226.95,25.63,3.423,26.6864,2045.21
50551,frame_50551.png,33.95,24.21,4.487,3.251,31.1342,23.7213,3275.27,2119.84,26.03,3.27,25.2039,1972.75
50581,frame_50581.png,30.31,20.8,4.097,3.221,35.5819,26.6864,3401.92,2235.05,23.75,3.306,26.6864,2054.8
50611,frame_50611.png,31.2,21.69,4.189,3.164,35.5819,26.6864,3391.5,2211.11,24.96,3.271,26.6864,2049.14
50641,frame_50641.png,30.63,21.53,4.113,3.178,37.0645,28.169,3463.1,2258.73,23.89,3.271,28.169,2076.64
50671,frame_50671.png,33.56,23.87,4.343,2.951,38.5471,28.169,3750.65,2545.44,27.76,3.001,28.169,2343.2
50701,frame_50701.png,32.71,23.07,4.16,2.994,34.0993,25.2039,3441.97,2280.34,25.94,3.053,26.6864,2141.5
50731,frame_50731.png,30.73,21.59,4.305,3.256,34.0993,26.6864,3479.28,2323.65,25.22,3.275,26.6864,2167.92
50761,frame_50761.png,32.45,22.71,4.213,3.174,34.0993,25.2039,3414.65,2276.03,26.59,3.206,26.6864,2111.44
50791,frame_50791.png,30.59,21.28,4.284,3.296,35.5819,28.169,3584.69,2420.51,24.84,3.28,28.169,2247.45
50821,frame_50821.png,31.37,21.49,4.142,3.257,37.0645,28.169,3695.16,2487.46,26.31,3.362,28.169,2308.2
50851,frame_50851.png,30.65,21.23,4.124,3.275,37.0645,28.169,3752.88,2543.0,25.67,3.393,29.6516,2361.44
50881,frame_50881.png,30.17,20.97,3.904,3.123,37.0645,28.169,3674.52,2473.92,26.0,3.235,28.169,2293.22
50911,frame_50911.png,30.3,21.65,4.567,3.74,34.0993,26.6864,3479.11,2267.2,24.8,3.601,26.6864,2073.95
50941,frame_50941.png,34.56,24.37,4.799,3.905,31.1342,25.2039,3485.51,2266.06,25.64,3.726,25.2039,2091.77
50971,frame_50971.png,30.33,20.92,4.503,3.871,35.5819,28.169,3660.95,2422.82,24.47,3.867,28.169,2210.44
51001,frame_51001.png,32.71,23.12,4.753,4.002,31.1342,25.2039,3569.65,2306.84,25.42,4.075,25.2039,2116.66
51031,frame_51031.png,38.18,29.28,5.101,4.442,34.0993,26.6864,3577.76,2356.03,37.89,4.757,26.6864,2132.72
51061,frame_51061.png,33.7,23.15,5.174,3.995,29.6516,23.7213,3289.64,2039.57,23.86,4.129,23.7213,1900.26
51091,frame_51091.png,29.54,19.52,4.482,3.465,31.1342,25.2039,3250.52,2045.33,21.37,3.669,25.2039,1894.44
51121,frame_51121.png,34.43,24.58,4.962,3.924,26.6864,22.2387,3144.62,1974.5,27.35,4.214,22.2387,1829.6
51151,frame_51151.png,33.54,21.95,4.861,3.63,37.0645,29.6516,4119.84,2742.34,28.36,3.996,29.6516,2461.81
51181,frame_51181.png,30.53,21.14,4.533,3.49,34.0993,26.6864,3411.69,2269.24,22.34,3.747,26.6864,2108.99
51211,frame_51211.png,30.34,20.49,4.37,3.472,34.0993,26.6864,3428.0,2284.66,21.92,3.621,26.6864,2124.79
51241,frame_51241.png,30.53,21.77,4.328,3.417,35.5819,26.6864,3480.84,2333.29,23.13,3.61,26.6864,2175.13
51271,frame_51271.png,30.47,22.06,4.317,3.452,35.5819,26.6864,3480.83,2327.07,23.3,3.676,28.169,2171.74
51301,frame_51301.png,30.08,21.41,4.342,3.803,35.5819,26.6864,3467.8,2325.04,23.02,3.829,28.169,2165.84
51331,frame_51331.png,30.18,21.63,4.399,3.686,35.5819,28.169,3478.39,2339.72,23.27,3.889,28.169,2181.97
51361,frame_51361.png,30.5,21.54,4.317,3.6,35.5819,26.6864,3478.12,2309.05,22.79,3.745,26.6864,2150.25
51391,frame_51391.png,29.37,21.0,4.584,3.607,35.5819,28.169,3576.01,2385.33,22.67,3.734,28.169,2219.82
51421,frame_51421.png,33.95,24.16,4.769,3.844,31.1342,23.7213,3389.0,2194.01,24.6,3.848,25.2039,2059.65
51451,frame_51451.png,29.74,21.55,4.357,3.541,35.5819,28.169,3550.6,2334.78,22.97,3.793,28.169,2175.52
51481,frame_51481.png,30.85,22.65,4.378,3.598,35.5819,28.169,3581.68,2378.24,24.06,3.719,28.169,2214.42
51511,frame_51511.png,32.64,23.74,4.974,4.025,31.1342,25.2039,3462.38,2241.61,23.67,4.027,25.2039,2103.57
51541,frame_51541.png,30.22,22.39,4.418,3.544,35.5819,28.169,3598.41,2376.98,23.95,3.744,28.169,2212.23
51571,frame_51571.png,34.17,24.94,4.679,3.626,31.1342,25.2039,3462.45,2220.73,25.08,3.679,25.2039,2081.98
51601,frame_51601.png,30.79,22.99,4.488,3.644,35.5819,28.169,3605.47,2376.55,23.83,3.616,28.169,2206.77
51631,frame_51631.png,29.95,22.24,4.413,3.635,37.0645,28.169,3650.03,2410.25,23.32,3.745,28.169,2238.46
51661,frame_51661.png,29.92,22.41,4.358,3.516,35.5819,28.169,3633.45,2411.27,23.26,3.749,28.169,2243.15
51691,frame_51691.png,34.45,25.76,4.607,3.802,32.6168,25.2039,3522.87,2285.47,25.93,3.704,25.2039,2128.32
51721,frame_51721.png,29.8,22.29,4.082,3.469,37.0645,28.169,3637.03,2403.45,23.27,3.608,28.169,2210.29
51751,frame_51751.png,29.14,20.32,4.231,3.553,35.5819,28.169,3678.35,2399.65,22.05,3.398,28.169,2176.95
51781,frame_51781.png,30.99,20.91,4.23,3.44,37.0645,28.169,3730.39,2463.74,21.79,3.633,28.169,2280.78
51811,frame_51811.png,26.69,17.58,4.21,3.282,32.6168,25.2039,3021.58,1896.38,20.37,3.412,23.7213,1748.25
51841,frame_51841.png,26.17,17.11,3.98,3.202,29.6516,23.7213,2850.41,1755.59,19.3,3.424,23.7213,1630.8
51871,frame_51871.png,26.99,17.12,3.856,3.276,31.1342,23.7213,2973.85,1848.18,19.54,3.602,23.7213,1712.33
51901,frame_51901.png,27.59,17.17,4.001,3.589,29.6516,22.2387,2811.27,1707.71,19.3,3.818,22.2387,1585.52
51931,frame_51931.png,25.91,16.56,4.164,3.601,31.1342,23.7213,2917.48,1800.54,18.47,3.742,23.7213,1670.36
51961,frame_51961.png,26.29,17.03,3.964,3.381,31.1342,23.7213,2941.31,1802.58,18.77,3.734,23.7213,1675.86
51991,frame_51991.png,26.05,17.38,4.023,3.436,29.6516,23.7213,2834.85,1744.63,18.4,3.673,23.7213,1625.97
52021,frame_52021.png,27.15,17.06,3.992,3.637,29.6516,23.7213,2770.76,1719.08,19.31,3.719,22.2387,1551.11
52051,frame_52051.png,32.31,23.67,4.85,3.641,35.5819,28.169,3870.21,2514.79,24.0,3.674,28.169,2343.84
52081,frame_52081.png,32.29,23.53,4.731,3.773,35.5819,28.169,3921.13,2527.55,24.22,3.751,28.169,2345.83
52111,frame_52111.png,27.64,21.05,4.475,3.578,40.0297,32.6168,4125.77,2764.97,22.88,3.693,31.1342,2545.96
52141,frame_52141.png,27.44,19.58,4.321,3.416,40.0297,32.6168,4143.46,2779.37,20.92,3.549,31.1342,2555.7
52171,frame_52171.png,31.47,23.38,4.871,3.941,37.0645,28.169,3989.97,2577.22,22.41,4.172,28.169,2298.87
52201,frame_52201.png,32.2,23.73,4.806,3.877,37.0645,28.169,4048.66,2659.61,24.08,3.773,29.6516,2464.04
52231,frame_52231.png,29.5,21.67,4.275,3.653,41.5122,32.6168,4306.47,2915.54,22.54,3.697,32.6168,2693.05
52261,frame_52261.png,31.02,23.49,4.697,4.047,37.0645,29.6516,4080.8,2682.94,24.64,4.017,29.6516,2481.94
52291,frame_52291.png,34.71,26.6,5.145,4.69,37.0645,28.169,3856.1,2451.21,22.98,5.715,28.169,2121.08
52321,frame_52321.png,31.89,23.97,4.786,4.13,40.0297,31.1342,4299.16,2894.33,24.64,4.06,31.1342,2670.9
52351,frame_52351.png,32.63,25.69,4.759,4.014,38.5471,31.1342,4188.83,2791.83,23.53,4.216,29.6516,2493.24
52381,frame_52381.png,31.25,23.48,4.644,4.179,40.0297,31.1342,4357.91,2934.01,23.6,4.125,31.1342,2703.59
52411,frame_52411.png,31.21,23.47,4.71,4.07,40.0297,31.1342,4539.29,3091.99,24.35,4.071,31.1342,2860.96
52441,frame_52441.png,31.29,23.36,4.467,3.808,40.0297,31.1342,4364.48,2965.32,24.34,3.942,31.1342,2744.86
52471,frame_52471.png,30.64,24.0,4.509,4.086,40.0297,31.1342,4393.04,2966.27,23.61,4.109,31.1342,2678.99
52501,frame_52501.png,38.05,26.2,4.914,3.86,38.5471,29.6516,4179.4,2581.69,35.38,4.579,28.169,2218.81
52531,frame_52531.png,36.74,26.76,4.643,3.916,32.6168,25.2039,3611.88,2080.92,36.83,4.5,25.2039,1785.07
52561,frame_52561.png,36.06,27.45,4.78,3.821,31.1342,23.7213,3400.56,1810.19,41.94,4.874,22.2387,1552.61
52591,frame_52591.png,31.58,22.58,4.765,3.829,16.3084,13.3432,2016.24,754.5,30.65,4.766,13.3432,694.52
52621,frame_52621.png,29.39,20.11,4.902,4.481,11.8606,10.3781,1923.28,595.12,29.26,5.558,10.3781,559.71
52651,frame_52651.png,26.51,16.08,4.064,4.035,13.3432,10.3781,1524.61,558.0,25.36,5.958,10.3781,519.03
52681,frame_52681.png,36.88,26.09,4.065,4.161,11.8606,10.3781,1620.98,775.36,29.11,5.36,10.3781,718.32
52711,frame_52711.png,34.53,23.19,3.779,4.25,13.3432,11.8606,1657.76,772.58,28.2,5.147,11.8606,736.76
52741,frame_52741.png,54.65,41.99,5.603,4.715,16.3084,13.3432,2735.13,1430.44,65.12,6.428,13.3432,1316.06
52771,frame_52771.png,33.27,25.43,4.918,4.393,37.0645,28.169,4022.44,2530.56,25.68,4.124,28.169,2212.65
52801,frame_52801.png,33.15,24.23,5.112,4.397,37.0645,29.6516,4048.95,2535.12,25.47,4.251,29.6516,2324.57
52831,frame_52831.png,33.05,24.51,4.8,4.226,37.0645,29.6516,4086.31,2573.39,25.75,4.266,29.6516,2363.33
52861,frame_52861.png,33.27,24.76,4.753,4.047,38.5471,29.6516,4140.76,2624.71,25.53,4.113,29.6516,2410.48
52891,frame_52891.png,33.39,25.12,4.79,4.257,38.5471,29.6516,4160.36,2652.76,26.25,4.356,29.6516,2442.63
52921,frame_52921.png,30.76,22.76,4.699,4.242,38.5471,29.6516,4169.78,2651.53,24.01,4.226,29.6516,2437.1
52951,frame_52951.png,32.55,24.92,4.643,4.171,38.5471,29.6516,4175.36,2680.45,25.26,4.193,31.1342,2463.5
52981,frame_52981.png,34.55,26.68,5.345,4.377,40.0297,31.1342,4205.42,2605.41,23.92,5.572,29.6516,2264.34
53011,frame_53011.png,32.23,24.21,4.836,3.928,42.9948,32.6168,4551.2,2954.73,24.81,4.062,32.6168,2697.14
53041,frame_53041.png,31.56,23.9,4.845,3.897,42.9948,34.0993,4620.48,3009.84,24.17,4.123,34.0993,2742.96
53071,frame_53071.png,34.0,26.73,5.542,4.472,37.0645,28.169,3980.22,2463.42,25.12,4.82,28.169,2186.94
53101,frame_53101.png,34.56,27.4,5.295,4.537,38.5471,29.6516,3988.55,2534.05,25.88,5.012,29.6516,2235.03
53131,frame_53131.png,33.67,27.16,5.074,4.26,40.0297,31.1342,4175.14,2744.87,27.49,4.18,31.1342,2528.17
53161,frame_53161.png,36.74,29.91,5.63,5.044,35.5819,28.169,3648.11,2216.48,23.62,5.899,26.6864,1926.5
53191,frame_53191.png,31.95,25.87,4.968,4.225,44.4774,34.0993,4602.32,3073.09,26.03,4.149,34.0993,2783.07
53221,frame_53221.png,32.33,25.44,4.937,4.079,44.4774,34.0993,4540.04,3028.25,25.46,4.104,34.0993,2751.16
53251,frame_53251.png,31.59,21.89,4.753,4.114,32.6168,25.2039,3342.98,1985.18,29.08,4.518,25.2039,1690.12
53281,frame_53281.png,32.25,22.99,5.005,4.311,31.1342,25.2039,3434.15,2206.33,25.14,4.039,25.2039,1929.5
53311,frame_53311.png,32.59,26.28,5.282,4.589,40.0297,31.1342,4218.07,2734.14,26.34,4.526,31.1342,2502.88
53341,frame_53341.png,39.44,31.51,4.691,3.848,32.6168,23.7213,3756.86,2414.56,34.41,4.068,25.2039,2216.31
53371,frame_53371.png,37.67,30.07,4.537,3.971,35.5819,26.6864,3938.96,2552.65,33.35,4.068,28.169,2316.09
53401,frame_53401.png,46.21,38.06,5.162,4.677,28.169,20.7561,3427.0,2040.46,37.65,5.679,20.7561,1799.23
53431,frame_53431.png,41.57,35.21,4.405,4.013,34.0993,25.2039,3888.55,2483.42,37.26,4.125,25.2039,2258.66
53461,frame_53461.png,40.97,34.76,4.643,4.203,32.6168,25.2039,3780.34,2391.41,34.69,4.293,25.2039,2179.73
53491,frame_53491.png,43.31,36.66,4.34,4.134,32.6168,25.2039,3789.08,2393.84,39.02,4.169,25.2039,2172.97
53521,frame_53521.png,30.43,24.46,4.843,4.298,38.5471,29.6516,3921.59,2412.14,25.72,4.251,29.6516,2192.98
53551,frame_53551.png,30.55,23.94,4.94,4.571,37.0645,28.169,3876.21,2376.91,25.78,4.577,29.6516,2157.25
53581,frame_53581.png,31.25,25.01,4.976,4.532,37.0645,28.169,3839.52,2335.32,26.71,4.555,28.169,2117.95
53611,frame_53611.png,31.78,25.01,4.981,4.578,35.5819,28.169,3739.86,2255.68,26.98,4.589,28.169,2049.75
53641,frame_53641.png,32.38,25.41,5.165,4.686,34.0993,26.6864,3712.93,2233.54,27.08,4.636,26.6864,2031.44
53671,frame_53671.png,30.53,24.44,4.999,4.622,34.0993,26.6864,3641.19,2172.91,26.04,4.62,26.6864,1971.24
53701,frame_53701.png,31.02,25.19,4.47,4.244,38.5471,29.6516,3864.55,2423.05,27.99,4.474,29.6516,2189.59
53731,frame_53731.png,43.82,37.67,4.47,4.42,28.169,22.2387,3406.57,2098.67,38.87,4.515,22.2387,1921.53
53761,frame_53761.png,43.35,37.47,4.62,4.367,29.6516,22.2387,3539.65,2191.39,40.01,4.525,22.2387,2002.32
53791,frame_53791.png,39.79,33.26,4.772,4.605,31.1342,23.7213,3567.96,2201.01,37.22,4.79,23.7213,1998.26
53821,frame_53821.png,37.39,29.85,5.578,4.737,29.6516,23.7213,3541.17,2054.33,29.59,4.72,23.7213,1878.18
53851,frame_53851.png,29.37,21.69,5.018,4.125,35.5819,28.169,3828.39,2525.8,21.65,3.965,28.169,2295.58
53881,frame_53881.png,32.26,23.39,4.805,4.034,34.0993,26.6864,3731.16,2458.24,22.77,3.85,28.169,2237.64
53911,frame_53911.png,31.17,21.98,4.865,3.902,35.5819,28.169,3855.52,2571.9,22.0,3.774,28.169,2347.17
53941,frame_53941.png,36.35,29.54,5.49,4.769,31.1342,23.7213,3649.29,2108.76,29.29,4.684,25.2039,1930.77
53971,frame_53971.png,31.56,25.44,4.932,4.367,38.5471,29.6516,4091.15,2524.43,26.28,4.312,29.6516,2264.82
54001,frame_54001.png,32.54,26.22,4.816,4.527,35.5819,28.169,3761.8,2278.12,26.91,4.469,28.169,2069.24
54031,frame_54031.png,34.07,28.68,4.538,4.268,40.0297,31.1342,4238.03,2649.38,30.08,4.316,31.1342,2401.45
54061,frame_54061.png,33.85,26.73,4.885,4.338,38.5471,29.6516,4182.34,2604.46,29.14,4.229,29.6516,2361.15
54091,frame_54091.png,34.88,28.06,4.769,4.267,34.0993,26.6864,3799.87,2290.07,30.36,4.436,26.6864,2100.37
54121,frame_54121.png,32.26,26.3,4.492,4.189,40.0297,31.1342,4045.52,2520.0,29.06,4.303,31.1342,2283.65
54151,frame_54151.png,46.45,39.45,4.574,4.259,29.6516,23.7213,3608.5,2239.58,38.63,4.423,23.7213,2044.01
54181,frame_54181.png,41.38,35.08,4.538,4.1,31.1342,23.7213,3637.08,2233.11,39.32,4.297,23.7213,2043.63
54211,frame_54211.png,41.33,33.35,5.834,5.45,25.2039,19.2735,3260.38,1904.39,45.12,6.469,19.2735,1675.92
54241,frame_54241.png,40.33,33.58,5.007,4.348,29.6516,23.7213,3682.93,2325.16,35.93,4.457,23.7213,2103.17
54271,frame_54271.png,36.93,31.43,4.618,4.283,34.0993,25.2039,3786.33,2438.16,36.12,4.297,25.2039,2207.32
54301,frame_54301.png,37.38,31.58,4.551,4.092,34.0993,26.6864,3814.25,2459.96,37.05,4.118,26.6864,2226.9
54331,frame_54331.png,35.74,29.22,4.615,4.153,37.0645,26.6864,4079.5,2655.56,32.55,3.982,28.169,2388.88
54361,frame_54361.png,42.38,35.3,4.593,4.264,34.0993,25.2039,3790.48,2428.26,36.48,4.245,25.2039,2199.23
54391,frame_54391.png,40.61,34.05,4.546,4.096,34.0993,25.2039,3807.62,2427.29,37.53,4.154,25.2039,2199.02
54421,frame_54421.png,38.22,32.03,4.646,4.334,34.0993,25.2039,3850.25,2468.55,35.43,4.519,26.6864,2226.93
54451,frame_54451.png,43.5,36.19,5.121,4.438,29.6516,22.2387,3675.24,2315.84,40.87,5.58,22.2387,2015.3
54481,frame_54481.png,41.17,34.38,4.504,4.122,31.1342,23.7213,3691.75,2390.5,37.4,4.278,23.7213,2169.5
54511,frame_54511.png,32.75,26.85,5.029,4.542,37.0645,28.169,3927.66,2520.92,27.92,4.409,29.6516,2275.76
54541,frame_54541.png,32.13,27.22,5.21,4.643,37.0645,28.169,3909.81,2512.82,27.65,4.529,28.169,2273.88
54571,frame_54571.png,31.47,25.65,4.994,4.417,37.0645,28.169,3889.99,2468.42,26.55,4.46,28.169,2225.64
54601,frame_54601.png,36.24,29.25,5.437,4.828,32.6168,25.2039,3720.52,2301.45,29.25,4.642,25.2039,2094.07
54631,frame_54631.png,30.8,25.05,5.142,4.368,35.5819,28.169,3870.3,2472.14,26.08,4.381,28.169,2235.89
54661,frame_54661.png,32.63,26.78,5.159,4.616,35.5819,28.169,3885.97,2478.09,27.75,4.472,28.169,2240.34
54691,frame_54691.png,31.28,24.84,5.064,4.669,35.5819,28.169,3852.84,2465.46,26.27,4.582,28.169,2224.98
54721,frame_54721.png,32.22,26.74,5.106,4.699,35.5819,28.169,3856.6,2455.66,27.83,4.544,28.169,2217.28
54751,frame_54751.png,32.42,26.27,5.192,4.567,35.5819,28.169,3785.24,2406.71,26.91,4.642,28.169,2171.51
54781,frame_54781.png,31.07,25.31,5.189,4.707,35.5819,28.169,3817.35,2446.46,26.66,4.649,28.169,2210.5
54811,frame_54811.png,32.62,26.68,5.139,4.719,34.0993,26.6864,3743.18,2387.24,27.9,4.523,28.169,2159.77
54841,frame_54841.png,31.78,26.65,5.008,4.75,34.0993,28.169,3753.68,2377.43,28.17,4.636,28.169,2151.41
54871,frame_54871.png,33.51,27.61,5.202,4.754,34.0993,26.6864,3723.78,2365.0,28.76,4.593,26.6864,2147.26
54901,frame_54901.png,32.1,26.48,5.045,4.626,35.5819,28.169,3794.23,2420.18,28.09,4.579,28.169,2187.93
54931,frame_54931.png,32.21,26.25,5.228,4.818,35.5819,28.169,3797.39,2433.57,27.63,4.692,28.169,2196.6
54961,frame_54961.png,32.42,26.47,5.074,4.721,34.0993,26.6864,3714.57,2355.89,27.89,4.65,26.6864,2129.28
54991,frame_54991.png,31.62,25.67,5.096,4.603,35.5819,26.6864,3749.62,2379.06,26.87,4.613,26.6864,2150.96
55021,frame_55021.png,31.11,25.04,5.158,4.669,35.5819,26.6864,3761.76,2394.42,26.17,4.565,26.6864,2160.03
55051,frame_55051.png,32.2,26.32,5.147,4.633,35.5819,26.6864,3779.95,2389.08,28.17,4.626,26.6864,2161.28
55081,frame_55081.png,32.26,26.12,5.2,4.666,35.5819,26.6864,3788.04,2398.61,27.93,4.632,26.6864,2165.76
55111,frame_55111.png,31.44,26.21,5.021,4.5,35.5819,26.6864,3785.42,2386.83,27.25,4.631,26.6864,2157.03
55141,frame_55141.png,32.02,26.29,5.16,4.737,34.0993,26.6864,3741.17,2345.07,27.26,4.785,26.6864,2119.19
55171,frame_55171.png,31.93,26.6,5.1,4.621,35.5819,26.6864,3783.2,2395.11,28.0,4.541,26.6864,2167.79
55201,frame_55201.png,33.61,28.58,5.251,4.846,34.0993,26.6864,3695.16,2309.47,30.54,4.698,26.6864,2079.89
55231,frame_55231.png,31.83,26.59,5.159,4.728,35.5819,26.6864,3789.93,2386.44,28.11,4.728,26.6864,2154.71
55261,frame_55261.png,31.99,26.45,4.99,4.663,34.0993,26.6864,3728.3,2334.79,27.75,4.608,26.6864,2111.54
55291,frame_55291.png,31.52,26.15,5.37,4.782,34.0993,26.6864,3700.62,2298.28,27.31,4.703,26.6864,2072.31
55321,frame_55321.png,31.54,25.7,5.062,4.706,34.0993,26.6864,3744.13,2352.9,27.39,4.634,26.6864,2120.41
55351,frame_55351.png,32.8,27.12,5.02,4.463,35.5819,26.6864,3772.98,2371.72,28.29,4.434,26.6864,2138.14
55381,frame_55381.png,32.54,26.37,5.304,4.762,34.0993,26.6864,3729.38,2333.6,28.45,4.559,26.6864,2103.96
55411,frame_55411.png,33.67,27.73,5.075,4.74,34.0993,26.6864,3676.76,2272.42,29.58,4.602,26.6864,2046.69
55441,frame_55441.png,32.34,27.16,5.081,4.616,34.0993,26.6864,3768.77,2335.46,28.59,4.518,26.6864,2102.33
55471,frame_55471.png,32.14,26.6,5.276,4.742,34.0993,26.6864,3720.82,2303.51,27.82,4.72,26.6864,2075.19
55501,frame_55501.png,33.25,27.33,5.282,4.789,34.0993,26.6864,3749.02,2321.04,28.82,4.642,26.6864,2090.89
55531,frame_55531.png,32.45,26.38,5.158,4.567,34.0993,26.6864,3746.16,2321.41,27.94,4.383,26.6864,2094.29
55561,frame_55561.png,31.87,26.66,5.402,4.902,34.0993,26.6864,3695.01,2294.1,28.71,4.582,26.6864,2065.51
55591,frame_55591.png,32.76,27.18,5.123,4.68,34.0993,26.6864,3725.46,2289.7,29.16,4.479,26.6864,2060.33
55621,frame_55621.png,30.74,25.37,5.438,4.886,34.0993,26.6864,3771.1,2336.26,27.94,4.656,26.6864,2099.52
55651,frame_55651.png,32.12,26.84,5.17,4.763,34.0993,26.6864,3695.08,2299.51,28.89,4.569,26.6864,2070.92
55681,frame_55681.png,32.08,27.02,5.345,4.799,34.0993,26.6864,3692.18,2274.33,29.19,4.595,26.6864,2042.25
55711,frame_55711.png,33.38,27.88,5.193,4.798,34.0993,26.6864,3698.64,2284.58,29.88,4.604,26.6864,2060.53
55741,frame_55741.png,32.09,27.02,5.408,4.547,34.0993,26.6864,3705.88,2298.55,29.05,4.422,26.6864,2066.97
55771,frame_55771.png,33.99,28.59,5.37,4.841,34.0993,26.6864,3700.6,2301.53,30.23,4.475,26.6864,2069.38
55801,frame_55801.png,27.26,23.35,4.638,4.312,41.5122,31.1342,3847.76,2453.06,26.97,4.57,31.1342,2171.45
55831,frame_55831.png,32.38,26.63,5.372,4.813,35.5819,26.6864,3756.9,2345.4,28.55,4.51,26.6864,2099.46
55861,frame_55861.png,31.85,26.27,5.329,4.613,34.0993,26.6864,3689.2,2295.38,28.5,4.346,26.6864,2059.62
55891,frame_55891.png,33.65,28.63,5.116,4.639,34.0993,26.6864,3798.63,2382.82,30.88,4.511,26.6864,2147.51
55921,frame_55921.png,43.15,35.67,4.824,4.592,29.6516,22.2387,3503.05,2202.82,40.07,4.61,22.2387,1990.47
55951,frame_55951.png,44.26,37.69,4.971,4.456,29.6516,22.2387,3499.09,2197.62,40.95,4.647,22.2387,1984.17
55981,frame_55981.png,45.66,40.44,4.858,4.656,29.6516,22.2387,3496.73,2195.16,42.74,4.78,22.2387,1985.85
56011,frame_56011.png,44.97,38.05,5.539,4.901,22.2387,17.791,3097.75,1772.78,46.74,5.974,17.791,1565.69
56041,frame_56041.png,36.99,29.64,5.797,4.979,28.169,22.2387,3418.05,1945.6,30.67,4.847,22.2387,1749.62
56071,frame_56071.png,34.28,27.15,5.438,4.706,32.6168,25.2039,3547.47,2084.12,29.92,4.623,25.2039,1858.51
56101,frame_56101.png,34.54,28.78,5.422,4.803,32.6168,25.2039,3561.28,2112.7,30.99,4.765,25.2039,1886.47
56131,frame_56131.png,37.87,30.77,5.741,5.172,28.169,22.2387,3408.99,1954.05,30.93,5.158,22.2387,1763.09
56161,frame_56161.png,39.0,31.48,5.82,4.948,28.169,22.2387,3414.1,1938.27,31.7,4.947,22.2387,1749.62
56191,frame_56191.png,33.95,27.63,5.357,4.773,32.6168,25.2039,3572.45,2103.21,30.8,4.69,25.2039,1875.46
56221,frame_56221.png,36.37,29.08,5.83,4.851,28.169,22.2387,3384.66,1934.32,29.97,4.779,22.2387,1744.78
56251,frame_56251.png,33.96,27.93,5.511,4.955,32.6168,25.2039,3562.33,2114.83,30.63,4.874,25.2039,1888.68
56281,frame_56281.png,38.03,30.68,5.545,4.766,26.6864,22.2387,3389.15,1901.46,32.12,4.939,22.2387,1693.11
56311,frame_56311.png,32.93,27.45,5.417,4.563,32.6168,25.2039,3580.88,2109.85,30.4,5.387,25.2039,1838.35
56341,frame_56341.png,33.19,27.08,5.393,4.636,32.6168,25.2039,3620.72,2136.46,30.24,4.662,25.2039,1910.0
56371,frame_56371.png,30.96,25.05,5.346,4.533,32.6168,25.2039,3642.29,2159.11,28.07,4.604,26.6864,1927.67
56401,frame_56401.png,33.99,27.25,5.184,4.511,37.0645,28.169,3927.6,2390.07,30.47,4.609,28.169,2111.56
56431,frame_56431.png,32.75,26.24,5.327,4.657,32.6168,25.2039,3588.38,2125.43,29.22,4.688,25.2039,1899.7
56461,frame_56461.png,33.17,26.89,5.275,4.722,32.6168,25.2039,3611.66,2147.13,30.6,4.756,26.6864,1920.72
56491,frame_56491.png,32.63,27.15,5.277,4.598,32.6168,25.2039,3607.3,2169.88,29.63,4.788,26.6864,1931.75
56521,frame_56521.png,33.03,26.52,5.193,4.605,32.6168,25.2039,3584.07,2137.56,29.4,4.823,25.2039,1906.22
56551,frame_56551.png,32.9,26.19,5.383,4.922,32.6168,25.2039,3579.05,2147.29,29.07,4.896,26.6864,1919.31
56581,frame_56581.png,31.9,26.37,5.536,4.882,32.6168,25.2039,3593.84,2150.25,29.35,4.758,25.2039,1919.98
56611,frame_56611.png,33.85,27.14,5.372,4.569,32.6168,25.2039,3596.44,2149.9,29.92,4.759,25.2039,1925.8
56641,frame_56641.png,33.68,27.5,5.225,4.761,32.6168,25.2039,3534.63,2110.25,29.89,4.885,25.2039,1889.29
56671,frame_56671.png,32.53,26.54,5.414,4.61,35.5819,28.169,3875.85,2390.92,30.06,4.78,28.169,2111.17
56701,frame_56701.png,31.61,25.84,5.349,4.729,32.6168,25.2039,3555.23,2116.99,29.0,4.694,25.2039,1890.97
56731,frame_56731.png,31.69,25.81,5.391,4.75,32.6168,25.2039,3580.28,2140.71,29.36,4.844,26.6864,1913.75
56761,frame_56761.png,33.52,28.15,5.568,4.985,32.6168,25.2039,3544.73,2150.38,30.42,4.98,26.6864,1922.41
56791,frame_56791.png,31.45,25.4,5.427,4.812,32.6168,25.2039,3560.95,2150.16,28.32,4.84,26.6864,1929.0
56821,frame_56821.png,33.46,27.05,5.475,4.912,32.6168,25.2039,3542.06,2134.12,29.64,4.925,26.6864,1915.3
56851,frame_56851.png,31.81,26.02,5.423,4.732,32.6168,25.2039,3542.99,2130.63,28.64,4.778,26.6864,1909.8
56881,frame_56881.png,32.18,25.99,5.461,4.856,32.6168,25.2039,3539.61,2117.56,29.46,4.784,25.2039,1902.24
56911,frame_56911.png,32.14,26.21,5.432,4.673,32.6168,25.2039,3552.13,2138.53,28.98,4.736,26.6864,1917.2
56941,frame_56941.png,31.5,25.55,5.503,4.882,32.6168,25.2039,3567.35,2142.47,28.51,4.931,25.2039,1919.64
56971,frame_56971.png,33.44,27.84,5.539,4.924,32.6168,25.2039,3562.98,2153.44,30.48,5.069,26.6864,1929.02
57001,frame_57001.png,32.42,26.51,5.341,4.909,32.6168,25.2039,3531.86,2136.32,29.72,5.019,25.2039,1916.49
57031,frame_57031.png,32.11,25.73,5.397,5.098,32.6168,25.2039,3495.22,2105.51,28.41,5.09,25.2039,1886.83
57061,frame_57061.png,36.98,29.63,5.943,5.635,28.169,22.2387,3362.8,1982.38,33.55,5.466,23.7213,1765.54
57091,frame_57091.png,23.69,17.27,4.449,4.375,16.3084,13.3432,1867.15,660.94,21.95,4.891,11.8606,570.58
57121,frame_57121.png,32.49,24.49,4.905,4.416,13.3432,11.8606,1654.6,531.97,29.51,4.914,11.8606,483.33
57151,frame_57151.png,22.29,14.89,4.537,4.327,8.8955,7.4129,1784.19,358.9,20.63,4.87,7.4129,315.85
57181,frame_57181.png,21.61,13.93,4.948,4.694,8.8955,7.4129,1440.15,370.54,17.7,6.115,7.4129,310.01
57211,frame_57211.png,21.1,14.78,5.245,5.065,7.4129,5.9303,1870.14,496.99,16.44,6.451,5.9303,418.61
57241,frame_57241.png,16.51,8.13,4.638,4.701,10.3781,7.4129,2155.48,640.22,16.38,6.042,7.4129,566.06
57271,frame_57271.png,16.1,7.77,4.511,4.553,10.3781,7.4129,1936.62,590.88,14.37,5.853,7.4129,523.23
57301,frame_57301.png,22.32,12.67,4.388,4.159,11.8606,8.8955,1839.68,593.13,20.96,5.994,8.8955,537.86
57331,frame_57331.png,21.62,12.26,4.461,4.294,10.3781,8.8955,1777.54,580.07,22.65,6.285,8.8955,531.51
57361,frame_57361.png,14.88,6.6,4.64,4.734,8.8955,7.4129,1754.12,538.35,15.16,6.299,7.4129,491.25
57391,frame_57391.png,13.78,6.21,4.669,4.765,8.8955,7.4129,1817.86,533.14,13.36,6.408,7.4129,498.69
57421,frame_57421.png,14.84,6.83,4.314,4.303,8.8955,7.4129,1837.37,517.58,12.57,5.553,7.4129,487.4
57451,frame_57451.png,20.58,10.35,4.438,4.148,10.3781,8.8955,1782.73,516.9,16.84,5.35,8.8955,481.12
57481,frame_57481.png,20.59,10.62,4.267,3.888,11.8606,10.3781,1766.79,500.7,17.79,4.877,10.3781,462.36
57511,frame_57511.png,21.75,12.26,4.535,3.969,10.3781,8.8955,1752.21,457.56,17.16,4.938,8.8955,428.56
57541,frame_57541.png,16.34,9.53,4.595,4.719,8.8955,7.4129,1657.53,384.11,11.86,5.172,7.4129,363.37
57571,frame_57571.png,18.56,11.09,4.616,4.519,8.8955,7.4129,1676.39,399.69,13.93,5.124,8.8955,379.83
57601,frame_57601.png,19.31,12.53,4.829,4.695,10.3781,8.8955,1717.93,401.47,15.28,5.081,8.8955,388.31
57631,frame_57631.png,20.47,13.95,4.805,4.679,10.3781,8.8955,1709.15,385.49,16.21,5.254,8.8955,369.6
57661,frame_57661.png,19.77,13.29,5.108,4.763,10.3781,8.8955,1695.33,380.67,15.9,5.33,10.3781,361.37
57691,frame_57691.png,25.36,16.89,4.949,4.568,11.8606,10.3781,1826.5,555.2,19.55,5.027,10.3781,528.81
57721,frame_57721.png,32.18,23.59,4.96,4.444,11.8606,10.3781,1935.0,843.39,27.01,4.874,10.3781,814.71
57751,frame_57751.png,36.82,28.89,4.83,4.541,11.8606,10.3781,1920.64,862.6,31.7,4.954,10.3781,828.48
57781,frame_57781.png,34.66,27.08,4.741,4.399,13.3432,10.3781,1902.05,875.63,33.35,5.073,10.3781,826.93
57811,frame_57811.png,25.02,20.66,4.968,4.553,16.3084,13.3432,1684.67,644.91,25.54,5.103,13.3432,600.07
57841,frame_57841.png,33.25,25.53,4.641,4.216,25.2039,20.7561,2814.6,1758.2,27.51,4.477,20.7561,1517.91
57871,frame_57871.png,32.89,25.24,4.92,4.187,22.2387,17.791,2525.01,1508.44,24.34,4.129,17.791,1347.95
57901,frame_57901.png,29.59,22.45,4.349,4.027,23.7213,19.2735,2555.1,1536.54,23.48,4.338,19.2735,1369.35
57931,frame_57931.png,29.82,21.47,4.631,4.193,22.2387,17.791,2332.62,1335.3,22.45,4.176,19.2735,1158.14
57961,frame_57961.png,37.64,31.22,5.607,5.068,29.6516,23.7213,3425.88,2018.23,33.62,5.191,25.2039,1822.95
57991,frame_57991.png,36.68,29.67,5.629,5.049,29.6516,23.7213,3434.23,2020.81,32.9,5.111,25.2039,1832.06
58021,frame_58021.png,29.65,21.72,4.32,3.884,23.7213,19.2735,2544.28,1544.26,21.01,4.101,19.2735,1374.82
58051,frame_58051.png,29.71,22.19,4.288,3.936,25.2039,19.2735,2586.28,1570.57,23.42,4.179,20.7561,1406.54
58081,frame_58081.png,29.28,21.0,4.274,4.165,25.2039,20.7561,2640.08,1614.57,21.08,4.369,20.7561,1440.99
58111,frame_58111.png,28.74,22.05,4.09,3.667,28.169,22.2387,2769.17,1708.69,22.08,4.026,22.2387,1506.23
58141,frame_58141.png,30.12,21.8,4.133,3.835,25.2039,20.7561,2638.21,1605.82,22.36,4.158,20.7561,1432.38
58171,frame_58171.png,27.72,19.8,4.22,3.884,25.2039,20.7561,2675.18,1639.84,20.17,4.192,20.7561,1463.43
58201,frame_58201.png,28.49,20.76,4.152,3.894,25.2039,20.7561,2655.01,1643.43,20.75,4.259,20.7561,1465.87
58231,frame_58231.png,29.32,21.0,4.119,3.87,25.2039,20.7561,2686.86,1665.87,21.41,4.228,20.7561,1490.79
58261,frame_58261.png,29.7,22.0,4.411,4.017,25.2039,20.7561,2652.23,1636.2,22.77,4.315,20.7561,1465.48
58291,frame_58291.png,29.41,22.27,4.157,3.789,28.169,22.2387,2841.98,1814.98,23.01,4.238,22.2387,1602.86
58321,frame_58321.png,30.11,22.33,4.155,3.785,28.169,22.2387,2791.15,1763.49,23.23,4.341,22.2387,1559.78
58351,frame_58351.png,30.47,23.22,4.412,4.3,25.2039,20.7561,2682.49,1691.86,23.63,4.621,20.7561,1516.91
58381,frame_58381.png,30.04,22.89,4.228,4.062,25.2039,19.2735,2663.44,1664.03,23.77,4.515,20.7561,1489.92
58411,frame_58411.png,38.84,36.62,5.15,5.328,37.0645,28.169,3384.71,1953.13,52.9,6.362,28.169,1680.16
58441,frame_58441.png,36.07,28.88,5.709,4.882,32.6168,26.6864,3659.02,2171.96,31.77,5.01,26.6864,1945.9
58471,frame_58471.png,36.13,28.81,5.671,5.058,32.6168,25.2039,3659.97,2148.34,31.61,5.047,26.6864,1928.0
58501,frame_58501.png,37.32,29.12,6.02,5.263,32.6168,25.2039,3687.49,2153.21,31.56,5.318,26.6864,1925.62
58531,frame_58531.png,34.98,26.16,5.262,4.676,28.169,23.7213,3334.58,2184.18,27.43,4.595,23.7213,1898.68
58561,frame_58561.png,36.82,29.04,5.402,4.591,37.0645,28.169,4055.27,2425.92,31.87,4.8,28.169,2152.92
58591,frame_58591.png,36.43,27.29,5.555,4.641,37.0645,28.169,4092.76,2463.16,31.22,4.645,29.6516,2188.68
58621,frame_58621.png,37.04,28.58,5.4,4.811,37.0645,28.169,4062.41,2443.75,32.46,4.879,29.6516,2170.31
58651,frame_58651.png,36.52,28.32,5.794,5.094,32.6168,25.2039,3683.29,2169.4,31.21,5.053,26.6864,1948.97
58681,frame_58681.png,36.8,28.8,5.67,4.981,32.6168,25.2039,3703.68,2189.04,31.16,5.113,26.6864,1965.92
58711,frame_58711.png,36.98,28.74,5.75,5.035,32.6168,25.2039,3715.0,2199.39,31.17,5.116,26.6864,1974.52
58741,frame_58741.png,35.57,27.54,5.758,5.22,32.6168,25.2039,3677.84,2195.4,30.08,5.259,26.6864,1970.35
58771,frame_58771.png,36.75,29.0,5.825,5.084,32.6168,26.6864,3714.28,2238.51,31.15,5.083,26.6864,2015.3
58801,frame_58801.png,36.83,28.92,5.789,4.985,34.0993,26.6864,3733.59,2272.94,31.74,5.091,26.6864,2045.08
58831,frame_58831.png,41.06,29.41,6.027,5.015,26.6864,20.7561,3044.37,1652.23,44.22,5.648,22.2387,1464.96
58861,frame_58861.png,35.61,26.42,5.134,4.761,28.169,22.2387,3207.67,2082.72,27.02,4.806,22.2387,1860.01
58891,frame_58891.png,34.32,25.01,4.999,4.782,28.169,22.2387,3218.16,2099.86,25.61,4.753,22.2387,1878.32
58921,frame_58921.png,34.46,25.48,5.133,4.785,28.169,22.2387,3224.82,2101.52,26.44,4.761,23.7213,1872.54
58951,frame_58951.png,35.28,25.31,5.062,4.646,26.6864,22.2387,3165.19,2078.66,25.74,4.6,22.2387,1860.29
58981,frame_58981.png,35.94,26.46,4.983,4.623,28.169,23.7213,3244.88,2113.78,27.14,4.71,23.7213,1888.37
59011,frame_59011.png,35.8,26.47,5.266,4.669,29.6516,23.7213,3242.58,2134.78,27.01,4.73,23.7213,1909.7
59041,frame_59041.png,36.16,26.7,5.098,4.685,34.0993,26.6864,3631.54,2431.87,27.66,4.613,28.169,2153.45
59071,frame_59071.png,35.84,25.47,5.081,4.902,29.6516,23.7213,3384.78,2267.42,26.45,4.813,25.2039,2035.72
59101,frame_59101.png,40.26,30.86,4.351,4.511,29.6516,22.2387,3203.59,2219.19,34.54,4.959,23.7213,1980.54
59131,frame_59131.png,44.34,35.44,4.793,4.583,25.2039,20.7561,3093.01,2113.5,38.03,4.722,22.2387,1909.16
59161,frame_59161.png,46.55,34.84,5.648,4.7,22.2387,19.2735,2915.28,1943.74,40.66,5.421,19.2735,1706.74
59191,frame_59191.png,36.12,25.46,6.172,5.709,29.6516,23.7213,3037.3,1869.27,37.93,6.858,23.7213,1611.51
59221,frame_59221.png,34.93,26.4,5.054,4.459,37.0645,28.169,3662.55,2461.23,31.38,4.587,29.6516,2163.2
59251,frame_59251.png,38.86,28.13,7.088,5.75,25.2039,19.2735,2812.86,1653.86,50.56,7.515,20.7561,1457.82
59281,frame_59281.png,32.73,24.98,5.25,4.775,38.5471,29.6516,3804.52,2559.54,29.78,4.888,29.6516,2235.05
59311,frame_59311.png,48.26,32.09,7.764,4.49,25.2039,19.2735,3435.0,1821.01,55.14,5.865,19.2735,1644.69
59341,frame_59341.png,46.96,30.84,7.81,4.736,25.2039,20.7561,3536.82,1898.81,49.78,5.803,20.7561,1715.49
59371,frame_59371.png,49.5,33.5,7.779,4.796,26.6864,20.7561,3611.51,1971.79,55.47,6.482,20.7561,1778.68
59401,frame_59401.png,47.2,30.67,7.552,4.432,26.6864,20.7561,3614.87,1973.28,50.03,5.259,22.2387,1789.45
59431,frame_59431.png,46.31,31.86,7.761,4.544,28.169,22.2387,3676.61,2050.01,50.89,5.299,22.2387,1864.1
59461,frame_59461.png,43.65,29.21,7.111,4.418,26.6864,22.2387,3597.89,2077.61,46.82,4.867,22.2387,1877.52
59491,frame_59491.png,43.02,30.17,7.278,4.573,26.6864,20.7561,3534.35,2010.36,47.98,5.345,22.2387,1823.55
59521,frame_59521.png,33.05,19.41,6.126,3.843,22.2387,16.3084,2145.59,1056.22,35.49,5.132,16.3084,971.17
59551,frame_59551.png,38.28,22.28,7.007,4.408,17.791,14.8258,1976.82,929.34,36.47,5.802,14.8258,869.4
59581,frame_59581.png,34.96,20.47,6.117,3.735,22.2387,16.3084,2166.69,1053.33,35.72,4.758,16.3084,971.71
59611,frame_59611.png,35.07,20.89,6.187,4.152,22.2387,16.3084,2172.45,1086.9,37.24,5.368,17.791,1006.72
59641,frame_59641.png,39.4,21.41,6.843,3.668,16.3084,13.3432,1949.94,883.66,37.19,5.232,13.3432,822.25
59671,frame_59671.png,33.86,19.63,5.93,3.836,20.7561,14.8258,2115.32,1004.54,39.18,6.038,16.3084,915.71
59701,frame_59701.png,43.41,27.51,6.637,4.122,26.6864,20.7561,3195.15,1717.32,54.92,5.955,20.7561,1565.26
59731,frame_59731.png,56.68,42.31,9.757,5.681,25.2039,22.2387,4078.13,2329.89,66.75,7.439,22.2387,2107.15
59761,frame_59761.png,59.1,52.17,9.914,7.442,28.169,22.2387,4311.57,2707.08,72.64,8.42,23.7213,2434.24
59791,frame_59791.png,35.6,26.04,5.623,4.337,37.0645,28.169,4082.79,2734.72,27.28,4.233,29.6516,2446.75
59821,frame_59821.png,31.12,22.41,4.982,4.403,37.0645,28.169,3909.58,2646.25,23.99,4.51,29.6516,2383.5
59851,frame_59851.png,43.71,31.2,5.105,4.389,26.6864,20.7561,3389.5,2256.61,32.87,4.636,20.7561,2051.19
59881,frame_59881.png,43.18,32.33,5.302,4.436,31.1342,23.7213,3915.59,2633.09,37.32,4.696,25.2039,2368.09
59911,frame_59911.png,48.96,40.51,6.697,5.734,26.6864,19.2735,3407.79,2103.26,54.77,7.045,20.7561,1862.51
59941,frame_59941.png,41.27,31.53,6.436,5.476,28.169,22.2387,3512.87,2244.66,34.48,6.244,23.7213,1960.53
59971,frame_59971.png,38.41,28.59,6.616,5.545,29.6516,22.2387,3293.99,2035.64,48.61,6.964,22.2387,1773.87
60001,frame_60001.png,38.14,28.02,6.682,5.73,28.169,22.2387,3281.94,1976.56,42.71,7.057,22.2387,1735.51
60031,frame_60031.png,30.8,22.26,5.178,4.276,40.0297,29.6516,4051.25,2754.51,25.53,4.427,31.1342,2457.58
60061,frame_60061.png,80.16,77.46,10.661,8.9,13.3432,11.8606,2320.69,1243.92,90.04,9.027,11.8606,1131.76
60091,frame_60091.png,53.4,40.68,7.065,5.134,32.6168,26.6864,4551.39,2917.94,58.86,6.142,26.6864,2661.71
60121,frame_60121.png,52.02,40.37,6.994,5.488,34.0993,26.6864,4636.0,2984.51,63.48,6.796,26.6864,2713.47
60151,frame_60151.png,55.39,43.86,8.021,5.862,32.6168,26.6864,4708.32,3024.54,68.33,6.969,28.169,2724.54
60181,frame_60181.png,56.43,44.69,7.751,5.504,31.1342,25.2039,4468.13,2864.67,69.03,6.422,26.6864,2597.36
60211,frame_60211.png,52.49,40.57,7.668,5.405,22.2387,17.791,3608.34,2212.23,60.43,6.11,17.791,2014.97
60241,frame_60241.png,62.29,57.15,9.14,7.44,42.9948,32.6168,6048.13,4011.77,76.93,8.614,34.0993,3615.07
60271,frame_60271.png,73.81,66.72,8.835,7.095,53.3729,38.5471,7678.85,5176.78,89.1,8.515,40.0297,4569.49
60301,frame_60301.png,36.0,47.4,6.93,6.518,2.9652,2.9652,966.41,67.9,39.28,6.331,2.9652,70.09
60331,frame_60331.png,72.33,60.98,10.853,7.528,23.7213,19.2735,4642.97,2865.57,77.27,8.149,20.7561,2709.19
60361,frame_60361.png,100.39,96.8,18.381,26.454,0.0,0.0,1118.44,296.95,57.43,6.291,1.4826,245.2
60391,frame_60391.png,75.62,64.67,11.561,7.551,22.2387,19.2735,4559.58,2855.7,80.47,8.397,20.7561,2700.68
60421,frame_60421.png,59.56,46.7,8.43,5.936,28.169,22.2387,4144.17,2549.25,68.09,6.597,23.7213,2348.96
60451,frame_60451.png,59.81,48.41,7.722,5.409,37.0645,28.169,5383.56,3497.39,70.93,5.985,29.6516,3111.36
60481,frame_60481.png,59.0,46.21,9.07,5.83,26.6864,20.7561,4193.99,2558.51,73.46,6.897,22.2387,2350.64
60511,frame_60511.png,58.59,48.65,7.946,5.909,31.1342,25.2039,4607.83,2954.99,74.09,6.776,26.6864,2670.01
60541,frame_60541.png,58.18,48.14,8.563,5.906,32.6168,26.6864,4852.64,3081.33,70.25,7.056,28.169,2761.0
60571,frame_60571.png,79.42,80.02,10.496,8.742,19.2735,16.3084,2628.54,1490.23,79.52,9.621,16.3084,1339.12
60601,frame_60601.png,37.38,26.5,5.938,4.475,32.6168,25.2039,3734.86,2332.92,31.81,5.368,25.2039,2032.38
60631,frame_60631.png,41.85,29.54,6.214,4.024,34.0993,26.6864,4272.39,2664.35,36.16,4.879,26.6864,2312.8
60661,frame_60661.png,42.22,29.29,6.226,3.992,38.5471,28.169,4278.31,2688.57,49.69,4.97,28.169,2308.58
60691,frame_60691.png,38.16,27.6,5.897,4.208,42.9948,32.6168,4803.09,3201.48,30.89,4.03,32.6168,2833.0
60721,frame_60721.png,57.19,56.48,8.175,6.365,48.9251,35.5819,5714.98,3765.32,80.61,7.776,35.5819,3243.38
60751,frame_60751.png,58.15,47.29,8.012,5.367,28.169,23.7213,4317.85,2728.89,71.97,6.137,23.7213,2474.22
60781,frame_60781.png,52.65,45.06,7.302,5.28,40.0297,29.6516,4967.24,3260.13,70.94,6.082,31.1342,2893.72
60811,frame_60811.png,53.12,42.31,7.77,5.442,29.6516,23.7213,4319.62,2732.88,64.45,6.126,25.2039,2457.38
60841,frame_60841.png,55.35,45.5,8.458,5.486,28.169,22.2387,4176.24,2633.51,71.69,6.423,23.7213,2388.12
60871,frame_60871.png,57.35,44.29,7.687,4.844,35.5819,26.6864,5128.0,3330.57,64.38,5.488,26.6864,2964.02
60901,frame_60901.png,66.03,68.43,8.745,8.024,54.8554,42.9948,6887.25,4919.94,87.81,9.159,41.5122,4278.06
60931,frame_60931.png,64.53,62.0,8.922,7.345,44.4774,32.6168,6059.44,4125.58,82.25,8.008,34.0993,3680.82
60961,frame_60961.png,67.59,64.13,9.347,6.991,41.5122,31.1342,5827.99,3886.6,84.66,8.01,31.1342,3517.74
60991,frame_60991.png,67.86,63.8,9.774,7.658,41.5122,31.1342,5891.66,3887.87,85.93,8.424,31.1342,3514.22
61021,frame_61021.png,66.99,64.77,9.492,7.973,41.5122,32.6168,5868.26,3922.85,85.74,9.111,32.6168,3549.47
61051,frame_61051.png,68.11,61.32,8.26,5.904,20.7561,17.791,2877.68,1743.2,63.07,6.2,17.791,1556.26
61081,frame_61081.png,64.22,62.42,9.155,7.436,42.9948,34.0993,5999.79,4140.86,80.02,8.699,34.0993,3697.85
61111,frame_61111.png,45.42,40.96,5.888,5.314,25.2039,17.791,4650.29,2564.24,58.02,7.222,17.791,2122.56
61141,frame_61141.png,43.95,35.67,6.371,4.921,35.5819,28.169,4423.59,2944.13,55.05,5.932,28.169,2646.63
61171,frame_61171.png,45.32,37.16,6.587,4.97,37.0645,26.6864,4493.23,2946.35,58.42,5.967,28.169,2649.44
61201,frame_61201.png,46.06,35.81,6.661,4.911,35.5819,26.6864,4282.03,2794.25,56.33,5.726,26.6864,2511.67
61231,frame_61231.png,44.22,35.29,6.986,4.995,37.0645,26.6864,4507.22,2975.15,55.58,5.525,28.169,2651.47
61261,frame_61261.png,50.26,36.5,7.8,5.047,28.169,22.2387,3980.94,2484.53,53.53,5.813,22.2387,2269.22
61291,frame_61291.png,45.44,34.42,6.495,5.007,37.0645,26.6864,4509.08,2867.76,55.03,5.819,28.169,2562.68
61321,frame_61321.png,44.46,32.74,6.709,4.741,35.5819,26.6864,4369.16,2787.57,52.23,5.415,26.6864,2506.03
61351,frame_61351.png,44.1,33.36,6.508,4.866,37.0645,26.6864,4529.19,2902.38,53.6,5.544,28.169,2593.52
61381,frame_61381.png,44.21,32.57,6.467,4.649,34.0993,25.2039,4254.34,2669.54,51.01,5.6,26.6864,2399.94
61411,frame_61411.png,45.8,34.5,6.606,4.857,35.5819,26.6864,4389.63,2812.98,54.41,5.52,26.6864,2521.73
61441,frame_61441.png,45.61,33.88,6.439,5.05,35.5819,26.6864,4368.79,2787.62,52.56,5.552,28.169,2497.06
61471,frame_61471.png,45.31,34.02,6.857,5.117,34.0993,25.2039,4208.96,2685.89,53.46,5.692,26.6864,2407.83
61501,frame_61501.png,46.39,35.09,6.803,5.045,34.0993,25.2039,4280.47,2718.01,55.68,5.626,26.6864,2430.3
61531,frame_61531.png,45.34,33.89,6.931,5.023,35.5819,26.6864,4390.22,2780.23,54.76,5.481,26.6864,2486.33
61561,frame_61561.png,45.94,34.66,6.908,5.24,37.0645,28.169,4534.73,2903.26,55.61,5.736,28.169,2599.09
61591,frame_61591.png,45.61,34.54,6.955,4.944,37.0645,26.6864,4435.86,2844.24,54.87,5.462,28.169,2545.17
61621,frame_61621.png,45.02,33.34,6.896,5.241,35.5819,25.2039,4319.92,2724.97,53.28,5.819,26.6864,2442.05
61651,frame_61651.png,43.11,32.03,6.814,5.05,35.5819,26.6864,4312.86,2722.74,51.27,5.707,26.6864,2442.42
61681,frame_61681.png,45.47,34.62,7.077,5.617,34.0993,25.2039,4163.9,2609.61,54.56,6.059,26.6864,2349.84
61711,frame_61711.png,45.72,33.18,7.459,5.327,32.6168,25.2039,4089.08,2561.78,53.22,5.531,26.6864,2302.68
61741,frame_61741.png,48.56,37.94,7.089,5.267,34.0993,26.6864,4274.95,2672.19,58.12,5.965,26.6864,2400.8
61771,frame_61771.png,46.11,34.4,6.876,5.23,32.6168,25.2039,4022.77,2488.13,53.38,5.904,25.2039,2243.62
61801,frame_61801.png,45.85,33.48,7.083,4.989,32.6168,25.2039,4084.87,2521.95,53.03,5.572,26.6864,2272.07
61831,frame_61831.png,45.94,34.47,7.355,5.084,31.1342,23.7213,3796.94,2312.88,53.8,5.788,25.2039,2098.92
61861,frame_61861.png,48.18,35.15,7.058,4.934,31.1342,23.7213,3868.7,2352.18,53.25,5.76,25.2039,2134.89
61891,frame_61891.png,46.67,32.9,7.273,5.168,29.6516,23.7213,3785.73,2286.38,51.31,5.992,23.7213,2073.62
61921,frame_61921.png,45.11,33.38,7.079,5.346,29.6516,23.7213,3727.62,2238.43,51.91,6.195,23.7213,2031.88
61951,frame_61951.png,45.41,33.85,7.169,5.068,31.1342,23.7213,3888.99,2364.19,53.81,5.906,25.2039,2140.18
61981,frame_61981.png,46.26,32.56,7.316,5.15,28.169,22.2387,3509.64,2060.2,51.98,5.783,22.2387,1880.16
62011,frame_62011.png,45.95,36.51,7.41,5.62,28.169,22.2387,3590.44,2241.38,61.07,6.935,23.7213,2039.07
62041,frame_62041.png,71.07,74.63,9.135,8.738,54.8554,44.4774,6334.92,4639.9,91.46,9.857,42.9948,4070.85
62071,frame_62071.png,75.95,72.72,9.943,8.869,40.0297,31.1342,5599.41,3802.84,91.98,9.356,32.6168,3453.9
62101,frame_62101.png,43.9,31.76,7.336,5.132,29.6516,23.7213,3674.02,2311.8,52.81,6.003,25.2039,2114.02
62131,frame_62131.png,34.17,42.9,7.115,5.76,2.9652,2.9652,979.67,66.37,36.46,5.923,2.9652,68.37
62161,frame_62161.png,44.84,34.22,6.736,5.215,32.6168,25.2039,4010.1,2509.68,53.75,5.899,25.2039,2273.85
62191,frame_62191.png,77.09,73.4,10.526,8.909,11.8606,11.8606,2294.35,1197.72,86.79,9.056,11.8606,1085.38
62221,frame_62221.png,42.98,31.7,6.784,4.881,40.0297,31.1342,5399.07,3607.57,36.28,4.567,32.6168,3279.13
62251,frame_62251.png,44.6,33.47,6.408,4.797,38.5471,29.6516,5270.19,3481.03,38.59,4.91,31.1342,3151.25
62281,frame_62281.png,42.04,31.0,6.662,5.1,38.5471,29.6516,5192.31,3375.34,39.91,5.691,31.1342,3021.88
62311,frame_62311.png,44.73,33.78,6.934,5.061,38.5471,28.169,5240.68,3448.12,40.76,4.856,29.6516,3091.26
62341,frame_62341.png,43.34,31.64,6.814,4.763,40.0297,31.1342,5463.62,3703.16,35.87,4.401,32.6168,3320.98
62371,frame_62371.png,52.68,51.9,7.886,6.134,50.4077,37.0645,5654.6,3685.83,75.49,7.458,37.0645,3182.91
62401,frame_62401.png,63.24,51.92,9.022,6.05,40.0297,31.1342,5766.02,3661.39,75.64,6.586,31.1342,3241.55
62431,frame_62431.png,61.83,51.86,8.605,5.97,40.0297,31.1342,5735.0,3695.93,73.44,6.809,32.6168,3277.53
62461,frame_62461.png,54.33,44.78,8.545,6.539,29.6516,25.2039,4426.26,2716.21,65.36,7.199,25.2039,2464.59
62491,frame_62491.png,50.85,43.18,7.894,6.172,40.0297,29.6516,4829.56,3068.12,63.89,6.234,31.1342,2762.62
62521,frame_62521.png,73.14,78.6,9.103,8.556,26.6864,20.7561,2896.9,1752.21,96.44,10.013,20.7561,1534.75
62551,frame_62551.png,44.28,34.1,6.941,5.118,38.5471,31.1342,5247.11,3568.68,39.39,5.058,32.6168,3194.68
62581,frame_62581.png,43.64,33.0,6.882,5.269,35.5819,29.6516,4977.89,3335.28,46.05,6.205,29.6516,2959.09
62611,frame_62611.png,44.61,35.17,7.163,5.548,37.0645,29.6516,5093.8,3412.61,42.34,5.872,31.1342,3037.47
62641,frame_62641.png,44.99,34.36,6.638,5.294,37.0645,31.1342,5199.03,3528.97,42.58,5.655,31.1342,3117.86
62671,frame_62671.png,43.21,32.55,6.954,4.732,37.0645,29.6516,5142.02,3493.21,41.1,5.448,31.1342,3086.94
62701,frame_62701.png,46.49,35.43,6.136,4.349,45.96,35.5819,6306.72,4368.01,44.98,4.809,37.0645,3828.95
62731,frame_62731.png,42.66,32.73,6.243,4.873,37.0645,31.1342,5170.76,3564.43,38.62,4.92,32.6168,3221.85
62761,frame_62761.png,58.72,51.69,9.988,6.854,32.6168,25.2039,4939.39,3025.3,73.48,7.568,26.6864,2757.31
62791,frame_62791.png,56.54,50.84,9.661,6.671,35.5819,28.169,5138.01,3278.68,70.91,6.744,29.6516,2949.04
62821,frame_62821.png,41.71,31.61,6.069,4.688,37.0645,31.1342,5223.75,3543.15,36.88,4.506,31.1342,3181.27
62851,frame_62851.png,47.6,36.47,6.385,4.696,44.4774,32.6168,6172.58,4169.46,51.74,5.075,34.0993,3612.3
62881,frame_62881.png,43.87,32.16,6.65,4.856,35.5819,28.169,4938.25,3319.27,42.13,5.381,29.6516,2940.84
62911,frame_62911.png,44.41,32.03,6.618,5.068,35.5819,28.169,4921.91,3274.43,43.28,5.781,28.169,2890.56
62941,frame_62941.png,46.68,35.23,6.29,4.5,45.96,34.0993,6313.94,4326.24,43.41,4.527,35.5819,3802.27
62971,frame_62971.png,51.41,41.73,7.837,5.9,31.1342,25.2039,4384.26,2805.09,60.47,6.262,26.6864,2547.84
63001,frame_63001.png,46.97,36.39,6.784,5.288,40.0297,28.169,4869.96,2921.28,61.26,6.126,28.169,2604.36
63031,frame_63031.png,53.04,38.65,7.823,5.319,31.1342,23.7213,4309.49,2535.71,61.95,6.32,23.7213,2301.21
63061,frame_63061.png,52.04,38.36,7.616,5.204,29.6516,22.2387,4105.41,2416.29,58.68,6.151,23.7213,2199.82
63091,frame_63091.png,47.51,35.21,6.86,4.853,35.5819,25.2039,4282.83,2512.78,59.87,6.401,25.2039,2265.21
63121,frame_63121.png,46.68,35.39,7.206,5.234,38.5471,26.6864,4647.19,2755.11,59.94,6.208,26.6864,2476.05
63151,frame_63151.png,52.78,39.7,8.252,5.368,29.6516,22.2387,4061.85,2337.15,61.66,6.714,23.7213,2146.34
63181,frame_63181.png,53.88,40.19,8.524,5.911,29.6516,23.7213,4141.57,2398.93,62.53,6.777,23.7213,2207.86
63211,frame_63211.png,53.45,42.94,8.524,5.383,31.1342,25.2039,4567.86,2740.4,66.38,6.96,25.2039,2485.78
63241,frame_63241.png,53.37,41.92,8.731,5.942,32.6168,25.2039,4589.2,2751.06,65.88,7.271,26.6864,2493.25
63271,frame_63271.png,54.68,46.55,8.88,6.354,32.6168,26.6864,4847.49,3017.25,70.0,7.573,26.6864,2719.8
63301,frame_63301.png,56.01,47.51,8.993,6.507,32.6168,26.6864,4902.65,3009.79,68.68,7.623,26.6864,2699.2
63331,frame_63331.png,56.63,49.03,9.387,6.385,32.6168,26.6864,5047.49,3131.68,71.48,7.368,26.6864,2796.63
63361,frame_63361.png,82.46,79.37,10.621,9.195,13.3432,11.8606,2416.41,1316.94,93.83,9.895,13.3432,1194.22
63391,frame_63391.png,44.42,33.26,6.455,5.136,38.5471,31.1342,5242.87,3580.02,38.51,4.995,32.6168,3228.39
63421,frame_63421.png,46.24,34.94,7.131,5.436,37.0645,28.169,5214.46,3380.97,46.25,5.944,29.6516,3019.59
63451,frame_63451.png,42.03,32.31,7.155,4.887,38.5471,31.1342,5430.76,3672.64,40.75,5.087,32.6168,3273.02
63481,frame_63481.png,57.02,53.15,8.672,6.277,38.5471,29.6516,5098.4,3125.97,75.26,7.082,29.6516,2750.04
63511,frame_63511.png,55.22,42.87,8.632,5.397,29.6516,23.7213,4319.6,2509.8,64.23,6.63,23.7213,2275.98
63541,frame_63541.png,55.67,43.55,8.165,4.974,28.169,22.2387,4101.09,2380.94,64.24,6.442,23.7213,2164.85
63571,frame_63571.png,51.92,37.75,7.504,5.156,28.169,22.2387,3948.79,2267.97,60.59,6.627,22.2387,2070.68
63601,frame_63601.png,52.97,36.79,7.898,4.874,28.169,20.7561,3905.16,2226.15,60.5,6.788,22.2387,2026.83
63631,frame_63631.png,45.68,34.12,7.217,4.873,34.0993,25.2039,4204.99,2457.25,59.4,6.679,25.2039,2216.25
63661,frame_63661.png,45.18,33.3,6.573,4.863,35.5819,25.2039,4194.76,2494.04,53.65,5.806,26.6864,2270.79
63691,frame_63691.png,46.01,34.05,7.189,4.708,34.0993,25.2039,4181.51,2433.96,57.25,6.15,25.2039,2206.44
63721,frame_63721.png,44.89,31.68,7.236,4.999,34.0993,25.2039,4134.09,2424.43,53.69,6.341,25.2039,2209.89
63751,frame_63751.png,47.07,40.56,7.378,6.161,37.0645,28.169,4348.43,2878.04,66.23,7.582,29.6516,2607.57
63781,frame_63781.png,47.09,36.85,7.045,5.219,38.5471,29.6516,5301.63,3523.68,42.67,5.396,31.1342,3202.05
63811,frame_63811.png,43.34,33.29,7.052,4.938,38.5471,31.1342,5337.96,3588.96,42.27,5.66,31.1342,3176.16
63841,frame_63841.png,45.51,35.46,6.582,4.934,38.5471,31.1342,5504.98,3748.4,40.74,4.994,32.6168,3378.34
63871,frame_63871.png,52.65,43.74,5.683,4.593,34.0993,26.6864,5189.79,3581.13,50.69,4.775,28.169,3199.82
63901,frame_63901.png,63.06,55.67,7.246,6.04,28.169,23.7213,4574.48,3056.42,77.07,6.369,25.2039,2722.96
63931,frame_63931.png,56.46,42.27,6.768,5.463,20.7561,17.791,3814.12,2465.62,67.82,6.471,17.791,2243.89
63961,frame_63961.png,43.25,33.43,6.28,5.116,32.6168,26.6864,4680.55,3226.77,43.53,5.848,28.169,2903.59
63991,frame_63991.png,45.89,36.12,6.25,5.064,34.0993,28.169,4842.2,3352.07,43.19,5.031,28.169,3061.16
64021,frame_64021.png,43.67,33.45,6.313,4.877,34.0993,28.169,4821.86,3297.0,41.68,5.018,28.169,3019.74
64051,frame_64051.png,44.17,34.4,6.158,4.761,34.0993,28.169,4917.45,3351.38,42.45,4.748,29.6516,3053.88
64081,frame_64081.png,46.52,35.43,6.125,4.537,41.5122,32.6168,5817.6,3986.82,46.26,4.642,34.0993,3592.3
64111,frame_64111.png,49.53,38.08,6.591,4.705,40.0297,29.6516,5604.41,3710.26,56.46,5.306,29.6516,3248.16
64141,frame_64141.png,44.54,34.03,6.493,4.922,32.6168,25.2039,4512.38,3010.17,44.99,5.09,26.6864,2690.99
64171,frame_64171.png,42.79,28.92,6.503,4.553,35.5819,29.6516,5088.79,3289.01,34.98,4.628,29.6516,2990.28
64201,frame_64201.png,40.87,29.36,6.718,4.88,37.0645,29.6516,5177.0,3393.21,34.6,4.51,31.1342,3097.14
64231,frame_64231.png,43.15,30.97,6.562,4.703,37.0645,29.6516,5172.41,3376.47,35.83,4.493,31.1342,3071.21
64261,frame_64261.png,52.22,37.86,5.996,4.484,25.2039,22.2387,4492.46,2808.82,46.22,4.424,23.7213,2584.24
64291,frame_64291.png,44.95,32.87,5.584,4.146,32.6168,25.2039,4870.09,3052.77,42.97,4.212,25.2039,2754.46
64321,frame_64321.png,52.09,37.81,5.302,3.801,41.5122,28.169,5903.38,3662.44,46.88,4.194,28.169,3262.52
64351,frame_64351.png,42.15,29.3,6.462,4.544,37.0645,29.6516,5157.68,3310.96,33.62,4.523,31.1342,3021.84
64381,frame_64381.png,35.79,23.44,5.768,3.901,45.96,32.6168,5609.75,3607.4,30.22,3.96,34.0993,3261.44
64411,frame_64411.png,39.75,26.33,6.35,4.33,37.0645,28.169,5055.22,3215.3,30.63,4.128,29.6516,2949.7
64441,frame_64441.png,41.94,27.97,6.228,4.498,35.5819,29.6516,5097.49,3302.87,31.65,4.144,29.6516,3010.87
64471,frame_64471.png,43.9,28.88,7.17,4.754,32.6168,25.2039,4616.81,2803.67,38.23,5.674,26.6864,2509.44
64501,frame_64501.png,42.7,26.16,6.979,4.491,32.6168,25.2039,4462.16,2782.57,51.49,5.893,25.2039,2491.89
64531,frame_64531.png,48.13,30.07,7.113,4.501,31.1342,23.7213,4438.8,2741.71,54.43,5.804,23.7213,2462.22
64561,frame_64561.png,41.51,27.86,6.602,4.29,37.0645,28.169,5135.06,3317.81,31.47,4.367,29.6516,3037.71
64591,frame_64591.png,39.63,27.5,5.819,3.922,54.8554,37.0645,6708.09,4383.99,34.28,4.258,38.5471,3880.32
64621,frame_64621.png,40.95,25.82,7.907,4.854,32.6168,25.2039,4519.71,2746.18,36.92,5.687,25.2039,2457.38
64651,frame_64651.png,43.69,31.34,6.589,4.663,38.5471,28.169,5336.92,3467.38,37.55,4.519,29.6516,3100.65
64681,frame_64681.png,45.76,30.62,6.487,4.013,45.96,32.6168,6461.95,4246.67,37.26,4.122,34.0993,3808.41
64711,frame_64711.png,44.3,29.74,6.572,4.121,38.5471,29.6516,5351.74,3513.61,33.4,4.175,29.6516,3184.28
64741,frame_64741.png,80.61,93.25,13.744,17.121,0.0,0.0,679.88,30.2,45.41,6.042,1.4826,32.48
64771,frame_64771.png,45.06,34.0,6.52,5.229,35.5819,28.169,4883.06,3252.54,48.67,5.161,28.169,2858.91
64801,frame_64801.png,50.64,37.51,6.367,4.401,41.5122,31.1342,5847.1,3949.64,61.31,5.66,32.6168,3430.36
64831,frame_64831.png,50.29,38.07,6.21,4.492,41.5122,31.1342,5761.04,3865.85,62.08,5.836,31.1342,3372.86
64861,frame_64861.png,39.92,29.83,5.359,3.843,54.8554,40.0297,6720.18,4715.82,37.73,4.009,41.5122,4133.14
64891,frame_64891.png,52.68,51.44,8.443,6.57,48.9251,35.5819,5681.8,3740.83,72.63,7.584,35.5819,3249.22
64921,frame_64921.png,53.26,45.26,8.365,6.464,32.6168,26.6864,4755.97,3049.89,66.27,7.105,28.169,2764.96
64951,frame_64951.png,52.93,45.56,8.19,6.128,34.0993,28.169,4763.86,3079.13,64.63,6.503,28.169,2786.87
64981,frame_64981.png,83.99,85.39,11.489,9.714,41.5122,34.0993,5982.34,4177.21,99.41,10.349,35.5819,3708.34
65011,frame_65011.png,75.61,72.83,9.263,7.465,19.2735,16.3084,2969.79,1705.41,73.07,7.892,16.3084,1528.08
65041,frame_65041.png,84.01,88.87,9.872,9.308,48.9251,38.5471,5459.13,3973.53,81.54,9.728,38.5471,3479.3
65071,frame_65071.png,54.39,42.81,8.763,5.964,32.6168,26.6864,4695.45,2833.3,60.99,6.548,26.6864,2556.32
65101,frame_65101.png,51.93,40.88,8.493,5.846,32.6168,25.2039,4609.74,2754.26,61.32,6.529,26.6864,2495.6
65131,frame_65131.png,55.73,44.26,9.105,6.303,32.6168,25.2039,4654.24,2755.1,66.6,7.307,25.2039,2484.02
65161,frame_65161.png,54.11,42.4,8.774,6.206,32.6168,25.2039,4646.33,2772.19,65.43,7.855,26.6864,2502.69
65191,frame_65191.png,59.11,49.67,9.387,6.523,34.0993,26.6864,4985.41,3053.18,72.02,7.363,28.169,2734.7
65221,frame_65221.png,54.69,46.81,9.232,6.315,35.5819,28.169,5300.61,3222.94,70.71,7.039,28.169,2878.24
65251,frame_65251.png,55.02,44.48,9.182,6.191,32.6168,26.6864,4742.51,2891.46,62.89,6.759,26.6864,2604.64
65281,frame_65281.png,56.22,44.59,9.318,6.048,29.6516,23.7213,4433.05,2613.27,65.38,7.382,25.2039,2357.31
65311,frame_65311.png,57.08,47.43,9.946,6.335,29.6516,25.2039,4476.71,2668.09,70.05,7.416,25.2039,2408.51
65341,frame_65341.png,56.11,44.48,8.958,6.088,31.1342,25.2039,4583.9,2722.32,63.74,6.825,26.6864,2464.41
65371,frame_65371.png,57.61,46.95,9.487,6.478,29.6516,25.2039,4575.18,2691.52,68.73,7.458,25.2039,2431.54
65401,frame_65401.png,57.22,47.24,9.213,5.997,32.6168,25.2039,4745.28,2819.14,69.32,7.158,26.6864,2544.95
65431,frame_65431.png,56.34,45.09,8.785,5.728,31.1342,25.2039,4653.48,2764.93,64.22,6.679,26.6864,2499.15
65461,frame_65461.png,56.91,44.88,8.731,5.434,31.1342,25.2039,4610.09,2768.6,63.41,6.335,26.6864,2497.83
65491,frame_65491.png,79.66,75.91,10.684,8.683,13.3432,11.8606,2295.19,1202.58,87.99,8.811,11.8606,1090.48
65521,frame_65521.png,43.28,31.65,6.561,4.99,37.0645,29.6516,5062.46,3441.03,36.45,4.925,31.1342,3128.82
65551,frame_65551.png,40.11,28.57,5.771,4.933,19.2735,14.8258,2399.47,1315.49,36.88,5.434,14.8258,1166.34
65581,frame_65581.png,29.55,21.1,4.772,4.135,25.2039,19.2735,2866.02,1753.53,23.63,4.418,19.2735,1609.3
65611,frame_65611.png,52.39,42.3,8.186,5.946,29.6516,23.7213,4262.83,2601.91,62.22,6.466,25.2039,2369.91
65641,frame_65641.png,59.51,47.46,9.454,6.589,26.6864,20.7561,4017.52,2368.64,72.1,7.349,22.2387,2201.01
65671,frame_65671.png,52.69,40.63,8.213,5.989,29.6516,23.7213,4246.26,2554.13,63.56,6.55,23.7213,2319.01
65701,frame_65701.png,53.96,42.56,8.378,5.736,29.6516,23.7213,4359.79,2669.12,63.86,6.56,25.2039,2420.74
65731,frame_65731.png,50.6,39.38,7.792,5.532,29.6516,23.7213,4294.54,2616.15,59.62,6.467,25.2039,2376.03
65761,frame_65761.png,50.69,37.86,8.263,5.878,29.6516,23.7213,4315.91,2565.37,60.97,6.622,25.2039,2317.91
65791,frame_65791.png,51.53,37.7,8.384,5.612,29.6516,25.2039,4362.53,2613.41,57.91,5.906,25.2039,2372.13
65821,frame_65821.png,52.18,38.69,7.953,5.444,29.6516,25.2039,4327.09,2587.2,56.41,6.103,25.2039,2352.23
65851,frame_65851.png,52.89,39.0,8.249,5.452,31.1342,25.2039,4397.26,2645.67,57.43,5.885,25.2039,2402.15
65881,frame_65881.png,50.75,38.58,8.395,5.531,31.1342,25.2039,4467.14,2620.79,56.98,5.671,25.2039,2384.58
65911,frame_65911.png,58.72,48.44,8.821,6.041,29.6516,25.2039,4440.87,2611.74,71.88,7.192,25.2039,2360.78
65941,frame_65941.png,35.38,24.94,5.76,4.725,32.6168,22.2387,2986.69,1699.19,49.83,6.602,22.2387,1537.51
65971,frame_65971.png,59.03,44.45,8.108,5.151,28.169,20.7561,4171.03,2319.95,71.04,6.26,22.2387,2157.76
66001,frame_66001.png,53.06,42.91,8.472,6.073,29.6516,23.7213,4187.32,2531.01,66.2,7.414,25.2039,2312.09
66031,frame_66031.png,51.74,37.87,7.62,5.248,31.1342,25.2039,4468.95,2704.54,57.73,5.923,25.2039,2451.37
66061,frame_66061.png,52.19,39.66,7.289,5.132,31.1342,23.7213,4336.2,2610.07,61.16,6.37,25.2039,2379.31
66091,frame_66091.png,52.98,41.85,8.669,5.808,31.1342,25.2039,4576.46,2761.67,63.63,6.793,25.2039,2496.52
66121,frame_66121.png,52.05,39.61,7.393,5.524,31.1342,25.2039,4599.46,2731.67,61.36,6.431,25.2039,2463.96
66151,frame_66151.png,55.11,42.71,7.698,5.321,31.1342,23.7213,4562.34,2706.41,66.9,6.543,25.2039,2435.3
66181,frame_66181.png,57.49,47.59,7.757,5.794,28.169,23.7213,4318.7,2613.62,71.8,6.909,25.2039,2373.61
66211,frame_66211.png,58.51,47.73,8.798,5.775,28.169,23.7213,4258.85,2583.81,72.2,6.933,25.2039,2349.8
66241,frame_66241.png,46.46,36.25,6.693,5.157,37.0645,28.169,4483.36,2779.36,59.25,5.91,28.169,2506.71
66271,frame_66271.png,73.07,76.1,9.269,7.986,28.169,22.2387,2894.07,1737.39,92.61,9.29,22.2387,1505.75
66301,frame_66301.png,32.55,22.98,5.431,4.868,22.2387,17.791,2920.49,1758.42,26.35,6.072,17.791,1560.13
66331,frame_66331.png,32.47,22.98,5.892,5.143,23.7213,17.791,2930.69,1733.79,27.25,6.282,17.791,1521.38
66361,frame_66361.png,37.09,24.92,5.681,4.414,23.7213,17.791,2916.09,1672.06,45.84,6.277,17.791,1463.81
66391,frame_66391.png,31.32,22.68,5.606,4.974,25.2039,19.2735,3173.5,2032.87,26.4,4.985,19.2735,1806.6
66421,frame_66421.png,81.49,78.9,11.106,9.451,14.8258,11.8606,2428.82,1313.47,94.82,9.976,13.3432,1195.2
66451,frame_66451.png,60.55,49.2,7.104,5.684,38.5471,31.1342,5473.34,3658.17,72.09,6.413,31.1342,3266.36
66481,frame_66481.png,51.02,41.79,6.927,5.926,31.1342,26.6864,4406.11,2883.75,60.9,6.322,26.6864,2627.4
66511,frame_66511.png,51.17,39.62,7.544,5.445,31.1342,25.2039,4411.02,2713.0,62.9,6.608,26.6864,2471.98
66541,frame_66541.png,51.23,41.02,7.069,5.236,31.1342,25.2039,4418.61,2711.05,63.35,6.22,26.6864,2466.9
66571,frame_66571.png,58.51,47.86,7.12,5.288,40.0297,29.6516,5620.08,3482.15,73.76,6.291,31.1342,3108.08
66601,frame_66601.png,57.33,44.82,7.329,5.129,29.6516,25.2039,4316.16,2572.56,66.36,5.635,25.2039,2359.16
66631,frame_66631.png,55.68,42.68,7.681,4.857,57.8206,40.0297,8645.73,5397.29,62.77,5.623,40.0297,4706.26
66661,frame_66661.png,34.22,38.97,5.751,5.088,2.9652,2.9652,1022.21,65.49,31.95,4.775,2.9652,63.67
66691,frame_66691.png,28.19,32.86,5.563,5.974,4.4477,4.4477,1033.94,69.54,25.94,5.779,4.4477,69.57
66721,frame_66721.png,31.02,34.23,5.89,6.055,4.4477,4.4477,825.47,50.65,28.17,5.91,4.4477,45.89
66751,frame_66751.png,56.82,42.69,8.849,5.366,31.1342,25.2039,5370.16,3297.62,61.28,5.5,26.6864,3060.77
66781,frame_66781.png,57.99,49.34,8.743,6.008,66.7161,47.4426,11131.06,7279.34,75.1,7.306,47.4426,6391.32
66811,frame_66811.png,58.42,49.25,8.929,6.59,68.1987,47.4426,11218.93,7322.16,73.23,7.243,47.4426,6431.91
66841,frame_66841.png,40.26,26.28,7.173,4.352,23.7213,19.2735,3656.8,2159.28,29.25,4.455,19.2735,1932.87
66871,frame_66871.png,34.4,23.61,6.388,4.087,32.6168,22.2387,4019.56,2390.24,28.65,4.476,22.2387,2096.39
66901,frame_66901.png,36.3,24.78,6.307,4.023,31.1342,22.2387,3986.12,2370.31,29.25,4.314,22.2387,2108.35
66931,frame_66931.png,36.81,24.91,6.237,4.262,31.1342,22.2387,4013.18,2399.89,29.37,4.425,22.2387,2130.6
66961,frame_66961.png,56.86,49.04,8.69,5.616,62.2683,42.9948,9376.12,6282.22,71.95,6.221,42.9948,5546.07
66991,frame_66991.png,58.59,48.26,9.017,5.19,40.0297,28.169,6324.23,3987.18,72.52,5.954,29.6516,3585.0
67021,frame_67021.png,51.62,42.87,7.924,5.588,50.4077,35.5819,7158.06,4587.12,65.96,6.734,35.5819,4071.77
67051,frame_67051.png,90.32,92.59,11.052,9.177,32.6168,28.169,5776.9,4179.86,110.13,10.302,28.169,3712.66
67081,frame_67081.png,38.68,26.86,6.458,4.181,29.6516,20.7561,3589.42,2061.4,41.2,5.723,20.7561,1759.87
67111,frame_67111.png,37.16,25.25,7.004,4.317,32.6168,22.2387,3816.19,2209.83,37.42,5.663,22.2387,1905.41
67141,frame_67141.png,41.42,28.28,6.569,4.343,26.6864,20.7561,3687.94,2172.06,38.69,5.089,20.7561,1914.91
67171,frame_67171.png,88.51,91.44,10.99,9.681,34.0993,28.169,5929.22,4329.9,109.88,11.008,29.6516,3840.67
67201,frame_67201.png,44.45,33.83,7.461,5.083,31.1342,23.7213,4038.56,2311.81,57.8,6.522,23.7213,2082.9
67231,frame_67231.png,41.07,30.97,6.524,4.677,38.5471,26.6864,4778.81,2782.43,54.02,6.116,26.6864,2482.65
67261,frame_67261.png,51.16,40.17,7.414,4.713,44.4774,31.1342,6059.61,3555.24,66.11,6.681,31.1342,3155.68
67291,frame_67291.png,50.36,42.69,6.118,4.607,48.9251,34.0993,6574.8,3963.57,63.91,5.614,34.0993,3452.66
67321,frame_67321.png,51.5,43.11,6.371,4.738,47.4426,35.5819,6477.02,3892.77,64.02,5.564,35.5819,3400.81
67351,frame_67351.png,51.98,40.96,6.659,4.867,47.4426,34.0993,6540.8,3865.43,63.19,5.675,34.0993,3403.89
67381,frame_67381.png,53.01,42.05,7.217,4.964,44.4774,31.1342,6248.31,3606.07,66.92,6.384,32.6168,3170.15
67411,frame_67411.png,50.6,42.36,6.874,5.036,48.9251,34.0993,6604.3,3957.62,68.77,6.576,34.0993,3477.33
67441,frame_67441.png,57.86,49.07,7.411,4.829,38.5471,29.6516,5546.64,3400.9,72.71,6.277,29.6516,2953.13
67471,frame_67471.png,49.13,39.23,7.416,4.927,35.5819,28.169,5365.02,3124.93,57.38,5.452,28.169,2760.08
67501,frame_67501.png,42.02,30.28,6.196,4.384,37.0645,23.7213,5208.55,3039.98,48.02,5.845,23.7213,2645.69
67531,frame_67531.png,41.59,28.02,6.58,4.233,37.0645,25.2039,5180.65,2983.04,50.67,5.723,25.2039,2618.47
67561,frame_67561.png,42.57,29.09,6.84,3.925,44.4774,28.169,5906.48,3503.43,56.15,5.68,28.169,3088.59
67591,frame_67591.png,42.37,29.1,6.656,4.01,53.3729,35.5819,7482.4,4642.45,52.57,5.149,35.5819,4067.12
67621,frame_67621.png,40.52,28.77,6.866,4.523,60.7858,42.9948,8541.89,5601.6,38.08,4.728,42.9948,4971.11
67651,frame_67651.png,62.8,56.06,8.82,6.642,85.9896,54.8554,12557.28,8054.12,78.96,7.456,53.3729,6907.67
67681,frame_67681.png,61.05,51.38,8.235,6.065,60.7858,42.9948,9964.55,6322.92,73.1,6.896,42.9948,5645.12
67711,frame_67711.png,58.0,46.18,8.332,5.806,60.7858,42.9948,9789.32,6249.92,68.14,6.371,42.9948,5567.51
67741,frame_67741.png,56.96,47.86,7.854,5.719,69.6812,48.9251,10483.55,6890.53,69.0,6.364,47.4426,6061.93
67771,frame_67771.png,98.48,96.91,12.357,10.051,20.7561,19.2735,5028.99,3441.32,108.65,10.425,20.7561,3126.74
67801,frame_67801.png,40.17,29.76,6.401,4.376,63.7509,47.4426,8940.81,6022.26,37.61,4.666,47.4426,5379.69
67831,frame_67831.png,40.17,29.8,6.635,4.307,66.7161,48.9251,9367.12,6326.81,38.33,4.673,48.9251,5631.42
67861,frame_67861.png,41.8,30.59,6.588,4.511,63.7509,47.4426,8887.35,6067.13,38.23,4.657,47.4426,5442.35
67891,frame_67891.png,38.72,28.47,6.529,4.353,68.1987,50.4077,9643.57,6643.53,36.74,4.528,50.4077,5898.82
67921,frame_67921.png,43.03,29.54,7.094,4.584,54.8554,40.0297,8155.27,5376.83,36.42,4.593,41.5122,4897.21
67951,frame_67951.png,54.09,49.02,7.832,6.621,80.0593,59.3032,10669.62,7627.19,73.58,8.379,57.8206,6668.2
67981,frame_67981.png,41.68,27.9,7.062,4.555,63.7509,48.9251,9954.92,6782.65,34.21,4.764,48.9251,6091.48
68011,frame_68011.png,37.69,25.08,5.955,4.2,75.6116,53.3729,11045.13,7369.16,32.65,4.435,51.8903,6536.6
68041,frame_68041.png,37.98,26.48,6.225,4.618,75.6116,51.8903,11226.39,7361.08,34.35,4.784,51.8903,6500.1
68071,frame_68071.png,37.21,25.62,6.345,4.272,74.129,51.8903,10945.12,7239.64,32.74,4.403,50.4077,6404.5
68101,frame_68101.png,41.62,26.63,7.206,4.468,62.2683,44.4774,9675.4,6323.12,32.71,4.515,45.96,5686.99
68131,frame_68131.png,37.73,27.34,6.351,4.073,77.0941,54.8554,11618.91,7848.39,35.24,4.234,53.3729,6942.5
68161,frame_68161.png,40.19,26.52,7.009,4.414,68.1987,48.9251,10834.41,7078.68,34.27,4.578,48.9251,6331.62
68191,frame_68191.png,39.97,25.33,7.008,4.093,69.6812,50.4077,11153.53,7389.6,32.54,4.474,50.4077,6597.44
68221,frame_68221.png,37.78,26.18,6.323,4.281,78.5767,54.8554,11687.84,7899.32,34.26,4.499,54.8554,6986.87
68251,frame_68251.png,40.55,26.79,7.038,4.476,68.1987,48.9251,10840.47,7193.72,33.53,4.842,48.9251,6432.24
68281,frame_68281.png,41.05,28.21,7.216,4.576,69.6812,50.4077,11001.16,7405.67,35.25,4.839,50.4077,6618.98
68311,frame_68311.png,41.65,28.03,6.724,4.756,69.6812,50.4077,11017.13,7376.16,34.9,4.987,50.4077,6599.73
68341,frame_68341.png,37.96,27.43,6.321,4.57,77.0941,54.8554,11748.21,8015.54,35.52,4.909,54.8554,7090.69
68371,frame_68371.png,40.85,28.52,6.966,4.683,69.6812,51.8903,11042.67,7479.02,36.69,4.759,51.8903,6704.35
68401,frame_68401.png,40.68,29.99,6.803,4.454,69.6812,50.4077,11162.87,7469.23,37.38,4.718,50.4077,6675.02
68431,frame_68431.png,40.22,27.8,6.761,4.494,68.1987,50.4077,10885.17,7233.55,34.97,4.956,50.4077,6477.82
68461,frame_68461.png,39.42,30.74,5.56,4.267,87.4722,63.7509,12153.09,8715.53,50.79,5.458,60.7858,7485.78
68491,frame_68491.png,43.33,31.23,6.533,4.242,71.1638,50.4077,11040.23,7459.53,40.35,4.35,50.4077,6668.03
68521,frame_68521.png,61.01,54.0,8.543,6.638,66.7161,48.9251,11163.97,7564.64,76.25,7.128,48.9251,6679.87
68551,frame_68551.png,61.69,54.79,8.578,6.283,62.2683,44.4774,10275.65,6976.0,80.0,7.406,44.4774,6187.92
68581,frame_68581.png,57.84,51.42,7.463,5.697,63.7509,44.4774,9626.61,6449.02,73.36,5.878,44.4774,5696.55
68611,frame_68611.png,57.18,51.02,7.792,6.36,68.1987,47.4426,10465.0,7068.65,72.2,6.745,47.4426,6215.21
68641,frame_68641.png,44.46,34.46,6.546,4.663,66.7161,48.9251,10527.15,7247.3,46.01,4.633,48.9251,6494.67
68671,frame_68671.png,45.99,36.34,6.647,4.966,68.1987,47.4426,10660.84,7266.3,56.05,5.861,47.4426,6434.36
68701,frame_68701.png,46.41,37.65,6.71,5.005,68.1987,45.96,10773.51,7292.87,65.14,6.102,45.96,6423.73
68731,frame_68731.png,43.48,31.82,7.222,5.056,59.3032,42.9948,9051.06,6265.8,40.04,4.894,42.9948,5675.96
68761,frame_68761.png,58.45,49.38,9.483,7.095,48.9251,35.5819,7477.9,4663.99,73.12,7.489,35.5819,4169.15
68791,frame_68791.png,53.76,45.0,7.916,5.772,56.338,38.5471,7758.11,4906.71,70.06,6.361,37.0645,4335.71
68821,frame_68821.png,54.52,45.77,7.457,5.751,54.8554,40.0297,7708.29,5008.87,70.41,6.493,38.5471,4409.25
68851,frame_68851.png,54.88,49.41,8.263,5.657,68.1987,47.4426,10253.02,6765.31,72.75,6.749,45.96,5949.38
68881,frame_68881.png,56.49,49.33,7.891,6.132,69.6812,48.9251,10496.66,6962.48,71.27,6.521,48.9251,6121.52
68911,frame_68911.png,62.02,54.49,9.056,6.296,60.7858,45.96,10081.44,6642.23,79.1,7.285,45.96,5914.1
68941,frame_68941.png,57.4,51.6,7.754,6.285,72.6464,51.8903,11131.38,7433.82,78.42,6.65,50.4077,6490.79
68971,frame_68971.png,48.16,39.01,7.52,5.594,42.9948,32.6168,5737.53,3615.63,60.78,5.826,31.1342,3234.02
69001,frame_69001.png,49.02,39.83,7.79,5.555,40.0297,29.6516,5417.2,3293.91,61.58,6.015,29.6516,2954.0
69031,frame_69031.png,56.74,46.81,8.183,5.569,50.4077,34.0993,7049.38,4420.78,71.65,6.834,34.0993,3923.1
69061,frame_69061.png,41.07,30.17,6.564,5.098,37.0645,25.2039,3588.48,2004.63,48.3,6.245,25.2039,1801.33
69091,frame_69091.png,55.42,47.71,8.311,6.627,66.7161,45.96,10068.31,6431.28,71.38,7.531,45.96,5675.04
69121,frame_69121.png,56.82,46.81,8.409,6.206,53.3729,37.0645,8097.56,5042.03,73.48,7.04,37.0645,4473.27
69151,frame_69151.png,51.67,42.82,7.302,5.619,60.7858,40.0297,8346.35,5278.26,66.73,6.569,40.0297,4663.62
69181,frame_69181.png,57.27,43.22,7.735,5.142,44.4774,31.1342,6082.3,3555.85,66.15,5.69,31.1342,3228.18
69211,frame_69211.png,70.41,56.19,9.025,6.102,44.4774,32.6168,7526.28,4575.16,81.95,7.215,32.6168,4149.53
69241,frame_69241.png,62.92,48.42,7.656,5.435,54.8554,37.0645,8235.82,5090.01,68.97,6.273,38.5471,4542.21
69271,frame_69271.png,68.45,57.31,8.804,6.22,51.8903,37.0645,7995.17,5135.96,81.78,7.952,37.0645,4593.44
69301,frame_69301.png,60.13,51.65,7.738,5.639,57.8206,40.0297,8011.01,5297.1,74.97,6.611,40.0297,4689.4
69331,frame_69331.png,61.45,52.84,7.388,5.579,59.3032,42.9948,8245.4,5469.44,75.01,6.083,41.5122,4837.43
69361,frame_69361.png,72.9,65.94,9.047,7.303,65.2335,45.96,11003.61,7295.02,90.0,8.285,47.4426,6498.13
69391,frame_69391.png,67.95,57.62,8.327,5.948,51.8903,36.3232,7918.64,5024.17,81.95,7.535,37.0645,4481.85
69421,frame_69421.png,61.03,50.86,7.445,5.28,57.8206,38.5471,8019.66,5202.28,77.67,6.875,38.5471,4591.39
69451,frame_69451.png,64.1,55.1,8.472,5.816,59.3032,41.5122,8969.09,5906.53,82.08,6.809,41.5122,5263.66
69481,frame_69481.png,70.77,61.17,9.119,5.98,63.7509,44.4774,10606.74,6930.87,87.02,7.09,44.4774,6173.41
69511,frame_69511.png,72.59,65.9,9.182,6.138,65.2335,47.4426,11039.2,7609.98,89.51,6.691,47.4426,6772.62
69541,frame_69541.png,72.3,67.34,9.571,7.075,62.2683,47.4426,10610.86,7481.58,90.82,7.935,47.4426,6655.61
69571,frame_69571.png,69.97,62.87,8.081,6.085,66.7161,47.4426,10073.04,6991.64,85.13,6.562,47.4426,6186.59
69601,frame_69601.png,69.64,58.47,8.946,6.282,47.4426,34.0993,7951.82,5258.13,82.48,6.486,34.0993,4763.95
69631,frame_69631.png,68.07,57.3,9.329,6.349,42.9948,31.1342,6828.08,4457.56,85.01,6.895,31.1342,4002.75
69661,frame_69661.png,63.26,47.58,9.294,6.123,25.2039,20.7561,4248.29,2610.21,65.86,6.004,22.2387,2447.71
69691,frame_69691.png,70.61,63.47,9.627,6.324,56.338,41.5122,9779.33,6645.31,86.3,6.833,41.5122,5953.64
69721,frame_69721.png,49.35,38.12,6.443,4.705,57.8206,42.9948,8725.77,5990.38,55.69,4.822,42.9948,5344.44
69751,frame_69751.png,48.0,36.68,6.527,4.715,59.3032,42.9948,8718.07,5902.91,47.64,4.418,44.4774,5298.44
69781,frame_69781.png,51.37,40.26,6.892,4.922,65.2335,48.9251,10361.13,7083.56,51.52,4.73,50.4077,6376.86
69811,frame_69811.png,65.89,57.45,7.884,5.074,66.7161,45.96,11136.88,7422.4,85.33,6.251,45.96,6596.71
69841,frame_69841.png,59.01,49.12,7.953,5.27,66.7161,44.4774,11007.27,7220.77,75.2,6.495,45.96,6416.94
69871,frame_69871.png,56.32,44.68,7.554,4.986,66.7161,45.96,10945.34,7231.98,71.42,6.152,45.96,6427.02
69901,frame_69901.png,54.98,45.0,6.988,5.086,54.8554,40.0297,8044.96,5373.71,59.69,5.057,40.0297,4841.67
69931,frame_69931.png,55.97,44.61,7.075,4.933,51.8903,37.0645,7719.18,5105.91,63.84,4.952,38.5471,4576.28
69961,frame_69961.png,54.88,43.73,6.764,4.87,48.9251,35.5819,7336.97,4839.18,69.93,6.039,35.5819,4318.34
69991,frame_69991.png,52.62,41.91,6.499,4.701,48.9251,35.5819,7333.75,4848.85,60.38,4.877,35.5819,4338.47
70021,frame_70021.png,49.66,39.89,6.04,4.34,56.338,38.5471,7790.06,5209.38,64.55,5.488,38.5471,4593.91
70051,frame_70051.png,50.36,38.77,6.607,4.53,51.8903,37.0645,7670.12,5091.04,58.35,5.496,37.0645,4549.42
70081,frame_70081.png,48.03,37.93,5.804,4.537,59.3032,41.5122,8189.86,5515.08,50.99,4.462,41.5122,4922.47
70111,frame_70111.png,71.07,57.49,9.074,6.181,41.5122,31.1342,7219.91,4568.8,81.13,6.914,31.1342,4177.68
70141,frame_70141.png,61.12,51.27,7.6,5.66,59.3032,41.5122,8413.11,5633.83,74.58,6.227,41.5122,4995.47
70171,frame_70171.png,90.41,93.15,8.533,8.087,80.0593,62.2683,11507.05,9050.01,95.49,9.132,60.7858,7855.32
70201,frame_70201.png,55.48,44.2,6.882,4.818,50.4077,37.0645,7452.54,4950.77,70.04,6.39,37.0645,4448.78
70231,frame_70231.png,48.1,38.11,5.809,4.906,60.7858,44.4774,8317.23,5669.2,54.06,5.341,42.9948,5032.09
70261,frame_70261.png,98.5,96.91,10.688,8.789,28.169,23.7213,5281.14,3673.7,113.26,9.651,23.7213,3251.25
70291,frame_70291.png,64.93,58.89,8.075,6.045,65.2335,48.9251,10004.69,6969.02,81.22,6.624,48.9251,6188.95
70321,frame_70321.png,92.86,92.24,8.784,8.097,72.6464,56.338,10630.27,7945.69,101.01,10.262,56.338,7236.04
70351,frame_70351.png,96.11,94.68,10.589,8.731,26.6864,22.2387,5100.25,3549.26,111.95,9.465,23.7213,3144.52
70381,frame_70381.png,69.95,61.15,8.759,6.461,56.338,40.0297,9390.64,6213.52,87.69,7.305,41.5122,5588.2
70411,frame_70411.png,70.85,62.93,8.516,6.193,69.6812,45.96,10984.89,7361.63,87.63,6.863,45.96,6465.66
70441,frame_70441.png,51.84,40.3,6.557,4.81,53.3729,40.0297,8035.19,5499.67,52.94,4.882,41.5122,4980.6
70471,frame_70471.png,51.17,38.64,7.064,4.681,51.8903,37.0645,7774.72,5199.79,59.58,5.507,38.5471,4651.27
70501,frame_70501.png,49.89,37.35,7.22,4.409,51.8903,38.5471,7776.14,5097.29,48.94,4.308,38.5471,4628.98
70531,frame_70531.png,46.09,34.76,5.99,3.957,60.7858,42.9948,8270.39,5474.2,47.25,4.431,42.9948,4891.36
70561,frame_70561.png,47.19,35.83,5.874,4.129,63.7509,44.4774,8703.79,5783.15,48.68,4.621,44.4774,5159.24
70591,frame_70591.png,50.18,37.73,6.562,4.18,54.8554,38.5471,8075.06,5291.07,49.44,4.407,40.0297,4786.3
70621,frame_70621.png,46.56,34.35,5.856,4.154,63.7509,45.96,8845.99,5926.93,46.36,4.51,45.96,5275.82
70651,frame_70651.png,45.28,33.98,5.957,4.243,63.7509,44.4774,8915.8,5928.44,47.24,4.607,44.4774,5254.22
70681,frame_70681.png,47.19,36.34,5.698,4.447,66.7161,47.4426,9308.88,6361.26,48.98,4.978,47.4426,5641.61
70711,frame_70711.png,50.87,37.45,6.744,4.44,57.8206,40.0297,8547.99,5646.86,57.47,5.256,40.0297,5005.85
70741,frame_70741.png,97.08,97.02,10.421,8.812,28.169,23.7213,5317.64,3711.87,114.78,9.595,25.2039,3289.1
70771,frame_70771.png,69.78,61.12,8.726,6.451,65.2335,50.4077,10937.67,7482.57,83.59,6.872,50.4077,6673.08
70801,frame_70801.png,73.4,62.95,9.353,6.69,63.7509,44.4774,10827.09,7044.34,87.29,6.981,44.4774,6254.22
70831,frame_70831.png,66.2,55.81,9.217,6.24,47.4426,35.5819,7366.94,4745.51,83.57,7.113,35.5819,4267.91
70861,frame_70861.png,61.37,51.87,7.616,5.641,53.3729,38.5471,7618.04,4926.4,77.51,6.031,37.0645,4368.05
70891,frame_70891.png,65.02,54.58,8.43,5.825,45.96,34.0993,7123.5,4510.41,80.84,6.296,34.0993,4072.51
70921,frame_70921.png,63.16,53.58,7.617,5.416,56.338,37.0645,7924.94,5031.84,81.85,6.846,37.0645,4455.11
70951,frame_70951.png,71.85,63.13,9.303,6.902,71.1638,50.4077,12103.07,8000.55,89.08,7.595,50.4077,7068.29
70981,frame_70981.png,73.62,65.02,9.11,6.918,71.1638,48.9251,12092.25,7894.0,89.14,7.363,48.9251,6968.34
71011,frame_71011.png,108.4,101.49,13.248,10.137,11.8606,11.8606,3859.35,2466.9,94.61,9.422,13.3432,2320.76
71041,frame_71041.png,52.7,39.91,6.816,4.762,59.3032,44.4774,9576.21,6299.15,52.6,4.872,44.4774,5679.01
71071,frame_71071.png,54.26,41.97,7.359,4.911,60.7858,42.9948,9803.54,6378.75,67.26,6.952,42.9948,5666.87
71101,frame_71101.png,97.26,95.8,10.432,8.537,26.6864,23.7213,5298.1,3670.52,113.25,9.465,25.2039,3240.68
71131,frame_71131.png,52.21,39.69,7.049,4.685,38.5471,26.6864,4450.16,2620.68,62.35,5.535,26.6864,2372.53
71161,frame_71161.png,59.43,42.49,8.532,4.635,26.6864,20.7561,3796.76,2132.81,64.88,5.999,20.7561,1972.64
71191,frame_71191.png,48.22,35.2,6.604,4.821,40.0297,26.6864,4210.67,2476.47,56.54,5.734,26.6864,2227.7
71221,frame_71221.png,71.38,60.64,9.358,6.452,65.2335,45.96,11018.77,6985.14,83.7,7.465,45.96,6202.27
71251,frame_71251.png,71.16,61.64,9.427,7.23,66.7161,48.9251,11162.63,7431.81,82.64,7.912,48.9251,6602.67
71281,frame_71281.png,72.37,62.82,8.814,7.04,66.7161,47.4426,11182.8,7262.67,86.78,7.826,47.4426,6456.16
71311,frame_71311.png,69.93,58.43,9.059,6.301,59.3032,41.5122,10109.16,6526.37,85.78,7.484,41.5122,5811.43
71341,frame_71341.png,67.21,55.17,8.839,5.98,50.4077,35.5819,7764.5,4941.99,81.96,6.98,35.5819,4428.12
71371,frame_71371.png,58.01,43.15,8.445,5.365,29.6516,22.2387,4135.0,2458.72,66.47,5.902,22.2387,2238.38
71401,frame_71401.png,51.08,39.93,7.087,4.867,35.5819,25.2039,4236.93,2566.43,64.15,5.613,25.2039,2312.43
71431,frame_71431.png,54.88,41.66,8.187,5.035,26.6864,20.7561,3813.49,2269.16,66.33,6.127,20.7561,2077.51
71461,frame_71461.png,50.43,37.98,7.245,4.891,37.0645,26.6864,4310.39,2678.87,57.79,5.519,26.6864,2415.92
71491,frame_71491.png,90.53,87.92,8.716,7.335,80.0593,60.7858,13156.45,9719.75,108.69,8.795,60.7858,8738.95
71521,frame_71521.png,62.83,54.36,7.07,5.291,69.6812,45.96,10105.69,6680.3,80.94,6.668,44.4774,5783.16
71551,frame_71551.png,54.65,38.74,8.456,4.692,26.6864,20.7561,3831.71,2208.25,57.61,5.693,22.2387,2030.52
71581,frame_71581.png,55.74,39.35,8.109,4.833,28.169,22.2387,3905.72,2275.31,58.47,5.654,22.2387,2089.8
71611,frame_71611.png,57.31,42.36,8.136,5.037,29.6516,23.7213,4097.29,2387.02,61.77,5.589,23.7213,2191.99
71641,frame_71641.png,49.79,37.28,7.04,4.648,40.0297,26.6864,4572.39,2722.61,56.95,5.376,26.6864,2455.9
71671,frame_71671.png,50.29,37.5,7.204,4.794,40.0297,28.169,4734.12,2818.18,57.0,5.409,28.169,2533.99
71701,frame_71701.png,49.21,38.18,7.084,4.771,41.5122,28.169,4820.66,2908.56,59.74,5.355,28.169,2603.02
71731,frame_71731.png,56.22,41.54,8.104,4.935,31.1342,23.7213,4297.43,2522.55,61.28,5.425,23.7213,2307.11
71761,frame_71761.png,51.34,36.38,7.007,4.336,42.9948,26.6864,4915.86,2794.02,56.31,5.008,26.6864,2512.76
71791,frame_71791.png,56.96,40.24,7.778,4.249,32.6168,23.7213,4435.59,2493.57,59.4,4.715,23.7213,2278.34
71821,frame_71821.png,52.65,37.17,6.896,4.325,41.5122,26.6864,4833.26,2701.57,58.57,4.95,26.6864,2430.93
71851,frame_71851.png,52.7,36.52,7.155,4.381,42.9948,28.169,5027.1,2852.19,55.82,4.977,26.6864,2562.69
71881,frame_71881.png,50.77,38.03,6.929,4.467,42.9948,28.169,5012.45,2895.64,57.82,5.179,28.169,2594.95
71911,frame_71911.png,56.85,43.0,7.771,4.948,50.4077,35.5819,6861.32,4154.73,61.56,5.384,35.5819,3670.69
71941,frame_71941.png,62.5,44.07,9.239,4.888,37.0645,26.6864,5409.08,3059.86,63.4,5.443,28.169,2779.86
71971,frame_71971.png,59.03,44.48,8.147,4.737,47.4426,32.6168,6067.37,3478.32,63.73,6.008,32.6168,3119.41
72001,frame_72001.png,58.05,41.52,8.206,4.615,47.4426,32.6168,6031.56,3433.92,60.44,5.627,32.6168,3079.2
72031,frame_72031.png,56.93,41.81,7.832,4.662,45.96,31.1342,5972.77,3322.45,58.52,5.26,31.1342,2960.84
72061,frame_72061.png,58.62,42.88,7.933,4.966,47.4426,31.1342,6054.23,3379.45,60.38,5.462,31.1342,3025.22
72091,frame_72091.png,58.91,42.51,8.115,4.683,47.4426,31.1342,6072.65,3397.62,60.85,5.117,31.1342,3047.62
72121,frame_72121.png,62.25,43.8,9.022,4.828,37.0645,26.6864,5373.62,2969.48,62.2,4.942,26.6864,2700.33
72151,frame_72151.png,59.15,42.64,7.781,4.815,47.4426,31.1342,6067.04,3395.76,59.4,5.427,31.1342,3041.36
72181,frame_72181.png,58.14,42.58,7.61,4.889,47.4426,31.1342,6040.31,3400.32,59.77,5.615,31.1342,3057.91
72211,frame_72211.png,60.82,43.89,7.868,5.078,47.4426,31.1342,6061.78,3423.72,61.66,5.842,31.1342,3070.35
72241,frame_72241.png,59.07,42.24,7.698,5.029,45.96,31.1342,5943.77,3331.57,60.64,5.672,31.1342,2988.53
72271,frame_72271.png,58.23,43.46,7.562,5.216,47.4426,34.0993,6087.77,3637.75,62.26,6.035,34.0993,3273.3
72301,frame_72301.png,60.98,45.86,7.675,5.202,45.96,32.6168,5946.85,3550.21,65.78,5.979,34.0993,3204.27
72331,frame_72331.png,59.1,46.34,7.806,5.476,45.96,32.6168,5904.22,3511.02,68.27,6.456,32.6168,3138.03
72361,frame_72361.png,58.77,43.89,7.535,5.392,45.96,32.6168,5892.98,3510.01,62.86,6.433,32.6168,3138.32
72391,frame_72391.png,99.08,95.58,18.288,27.11,0.0,0.0,1045.99,320.89,93.46,24.435,0.0,248.48
72421,frame_72421.png,22.71,13.78,4.132,3.757,16.3084,13.3432,1400.01,302.02,18.82,3.923,11.8606,246.37
72451,frame_72451.png,27.23,17.78,5.833,4.096,13.3432,10.3781,1508.97,285.39,19.35,4.66,8.8955,254.94
72481,frame_72481.png,66.26,53.7,8.451,5.724,62.2683,44.4774,10321.71,6498.25,75.36,6.323,44.4774,5736.05
72511,frame_72511.png,50.61,53.36,6.532,6.342,1.4826,1.4826,689.9,12.97,41.77,6.478,1.4826,12.7
72541,frame_72541.png,60.73,51.38,6.396,5.059,87.4722,54.8554,12271.03,7816.5,73.97,6.508,51.8903,6689.08
72571,frame_72571.png,68.06,51.66,8.789,5.53,53.3729,38.5471,9827.92,6072.81,73.26,5.469,40.0297,5438.24
72601,frame_72601.png,69.85,53.64,9.377,5.113,54.8554,38.5471,10047.77,6077.86,76.13,5.49,38.5471,5432.15
72631,frame_72631.png,68.89,50.04,9.059,5.246,48.9251,35.5819,9088.97,5412.67,70.93,5.806,37.0645,4853.74
72661,frame_72661.png,69.05,53.01,9.403,5.456,50.4077,38.5471,9407.43,5787.85,73.18,6.2,38.5471,5186.73
72691,frame_72691.png,68.1,52.96,9.437,5.329,56.338,40.0297,10224.88,6284.62,74.47,5.758,41.5122,5596.26
72721,frame_72721.png,68.54,52.11,9.983,5.673,54.8554,40.0297,10062.45,6104.18,74.64,6.181,40.0297,5443.4
72751,frame_72751.png,70.27,52.33,9.48,5.363,51.8903,38.5471,9489.88,5728.5,73.26,5.688,38.5471,5124.01
72781,frame_72781.png,69.53,52.42,9.19,5.437,57.8206,41.5122,10544.17,6354.45,72.6,5.844,41.5122,5646.52
72811,frame_72811.png,69.4,51.46,9.474,5.418,54.8554,38.5471,10039.08,5936.8,72.82,5.918,38.5471,5305.02
72841,frame_72841.png,70.47,56.48,9.187,5.789,62.2683,44.4774,11316.23,6788.86,82.11,7.14,44.4774,6033.67
72871,frame_72871.png,67.26,52.92,8.703,5.447,71.1638,48.9251,12733.94,7797.32,74.46,5.554,48.9251,6886.5
72901,frame_72901.png,55.59,40.38,7.424,4.63,77.0941,51.8903,13139.8,8066.41,55.28,4.919,51.8903,7075.1
72931,frame_72931.png,58.07,39.75,7.168,4.194,80.0593,50.4077,13640.46,8238.36,59.29,5.0,50.4077,7150.56
72961,frame_72961.png,53.4,38.86,7.158,4.341,84.507,60.7858,14551.33,9220.98,49.2,4.492,59.3032,8104.6
72991,frame_72991.png,53.84,38.98,7.331,4.839,81.5419,59.3032,14071.52,9108.89,50.92,5.32,59.3032,8021.45
73021,frame_73021.png,53.21,38.71,7.62,4.968,83.0245,56.338,14441.0,9085.68,61.83,6.593,54.8554,7938.35
73051,frame_73051.png,51.35,40.19,7.194,4.565,78.5767,56.338,13467.49,8654.12,56.94,5.397,54.8554,7608.05
73081,frame_73081.png,53.27,37.69,7.813,4.885,63.7509,45.96,10969.73,6831.83,51.5,5.195,45.96,6053.3
73111,frame_73111.png,54.97,39.19,7.281,4.816,62.2683,47.4426,10723.72,6826.95,49.23,5.037,47.4426,6087.89
73141,frame_73141.png,56.87,38.21,7.15,4.692,65.2335,45.96,11339.81,6971.4,58.04,6.193,45.96,6158.95
73171,frame_73171.png,53.66,37.93,7.653,4.655,71.1638,50.4077,12152.66,7656.81,49.18,5.018,50.4077,6791.57
73201,frame_73201.png,78.18,64.52,8.62,6.981,109.7109,68.1987,20147.87,12282.61,87.14,7.625,65.2335,10751.03
73231,frame_73231.png,73.8,56.2,9.393,6.339,53.3729,38.5471,9657.11,5814.31,78.21,6.889,40.0297,5264.99
73261,frame_73261.png,71.24,54.83,9.125,6.202,60.7858,42.9948,11140.42,6572.65,79.94,6.874,42.9948,5884.61
73291,frame_73291.png,70.47,51.71,8.731,5.927,54.8554,38.5471,9811.6,5757.6,72.86,5.85,40.0297,5210.79
73321,frame_73321.png,70.83,52.98,8.384,5.361,57.8206,41.5122,10407.88,6169.73,75.63,5.575,41.5122,5545.3
73351,frame_73351.png,74.88,56.45,8.959,6.221,72.6464,47.4426,13240.15,7750.24,79.82,6.593,45.96,6849.96
73381,frame_73381.png,69.41,54.3,8.729,5.903,68.1987,45.96,12419.7,7403.6,77.12,6.623,45.96,6594.64
73411,frame_73411.png,71.12,57.7,9.203,5.913,75.6116,53.3729,13725.84,8749.17,79.49,6.597,53.3729,7764.11
73441,frame_73441.png,74.64,61.67,8.479,6.523,83.0245,59.3032,15248.23,9816.06,86.47,7.676,59.3032,8660.59
73471,frame_73471.png,70.46,54.26,7.821,5.669,85.9896,54.8554,15577.94,9330.46,75.44,6.05,53.3729,8216.25
73501,frame_73501.png,71.07,53.31,7.865,5.858,84.507,54.8554,15366.79,9098.29,74.44,6.288,53.3729,8033.6
73531,frame_73531.png,70.05,55.23,8.737,5.974,74.129,50.4077,13332.12,8104.8,77.27,6.181,48.9251,7181.37
73561,frame_73561.png,70.78,56.57,9.214,5.978,65.2335,47.4426,11806.69,7425.97,77.34,6.417,47.4426,6657.74
73591,frame_73591.png,70.99,56.72,9.207,5.762,63.7509,45.96,11367.4,7105.53,77.53,6.39,45.96,6362.33
73621,frame_73621.png,71.12,57.93,9.536,6.336,71.1638,48.9251,12761.69,7944.56,83.17,7.383,48.9251,7079.16
73651,frame_73651.png,73.77,58.98,8.954,5.603,71.1638,47.4426,13012.17,7903.88,82.48,6.427,47.4426,7034.54
73681,frame_73681.png,72.99,59.69,8.487,5.942,90.4374,59.3032,16376.76,10133.05,81.93,6.793,57.8206,8945.88
73711,frame_73711.png,72.53,58.28,8.393,5.779,87.4722,56.338,15802.2,9528.27,83.75,6.728,54.8554,8377.04
73741,frame_73741.png,72.14,61.0,8.519,6.081,90.4374,59.3032,16510.07,10107.14,82.86,6.449,57.8206,8882.93
73771,frame_73771.png,72.51,58.99,8.071,6.105,85.9896,56.338,15588.52,9614.12,80.66,6.723,56.338,8487.91
73801,frame_73801.png,72.36,57.6,8.112,5.864,85.9896,56.338,15656.76,9656.34,79.41,6.07,56.338,8538.01
73831,frame_73831.png,70.72,56.56,8.438,5.891,87.4722,56.338,16107.07,9807.19,77.82,6.129,56.338,8646.21
73861,frame_73861.png,73.0,59.0,8.572,6.407,87.4722,57.8206,15823.96,9763.14,81.23,6.738,56.338,8592.15
73891,frame_73891.png,73.28,58.64,8.116,5.904,87.4722,56.338,15765.21,9588.62,79.72,6.128,54.8554,8479.91
73921,frame_73921.png,74.43,60.21,8.39,5.864,87.4722,57.8206,15877.3,9903.03,81.15,6.107,57.8206,8737.0
73951,frame_73951.png,74.59,59.89,8.382,6.115,91.9199,59.3032,16645.14,10230.95,81.66,6.504,57.8206,9007.08
73981,frame_73981.png,73.42,61.32,7.997,6.057,93.4025,60.7858,17096.46,10668.09,84.06,6.303,60.7858,9386.59
74011,frame_74011.png,73.91,62.85,8.17,5.938,96.3677,62.2683,17495.0,10896.81,84.97,6.155,60.7858,9605.33
74041,frame_74041.png,72.44,60.2,7.884,6.186,97.8503,62.2683,17738.62,11108.68,81.15,6.177,62.2683,9803.12
74071,frame_74071.png,73.01,61.36,7.887,5.984,97.8503,63.7509,17897.51,11270.82,82.66,6.281,63.7509,9902.78
74101,frame_74101.png,72.84,59.63,8.016,6.283,99.3328,63.7509,18038.62,11359.35,81.66,6.931,62.2683,10001.81
74131,frame_74131.png,73.42,60.8,8.017,6.295,102.298,66.7161,18587.17,11789.45,83.06,6.663,65.2335,10346.15
74161,frame_74161.png,74.81,61.18,8.369,5.734,102.298,59.3032,18822.85,11497.45,84.38,6.35,57.8206,10102.23
74191,frame_74191.png,59.64,45.36,7.557,4.56,71.1638,50.4077,12457.37,7895.09,60.53,4.88,50.4077,6996.31
74221,frame_74221.png,60.74,45.71,7.364,4.651,69.6812,51.8903,12322.08,8042.31,61.93,5.053,53.3729,7181.53
74251,frame_74251.png,60.2,43.81,7.472,4.674,69.6812,48.9251,12314.56,7540.25,61.15,5.103,48.9251,6695.96
74281,frame_74281.png,58.54,42.7,7.425,4.847,78.5767,54.8554,13697.14,8328.21,55.42,5.025,53.3729,7409.14
74311,frame_74311.png,58.74,43.88,7.466,4.635,77.0941,51.8903,13402.87,8025.0,57.77,4.843,51.8903,7138.78
74341,frame_74341.png,63.47,47.4,7.627,4.75,74.129,48.9251,13101.91,7789.21,77.28,6.166,47.4426,6884.26
74371,frame_74371.png,62.29,47.39,7.577,4.846,83.0245,51.8903,14690.68,8701.9,76.18,5.992,50.4077,7662.85
74401,frame_74401.png,67.6,51.86,7.727,4.984,91.9199,54.8554,16415.06,9560.58,79.0,5.738,53.3729,8444.15
74431,frame_74431.png,65.34,48.27,7.047,5.086,87.4722,54.8554,15487.51,8968.9,72.81,5.562,53.3729,7923.53
74461,frame_74461.png,65.36,47.93,7.294,4.938,87.4722,53.3729,15653.55,8979.4,71.95,5.755,51.8903,7913.4
74491,frame_74491.png,65.32,50.94,7.462,5.132,85.9896,53.3729,15297.58,9123.66,77.92,5.399,51.8903,8044.6
74521,frame_74521.png,67.63,41.48,9.293,4.069,19.2735,17.791,3934.53,1985.36,63.74,5.319,17.791,1904.63
74551,frame_74551.png,64.63,44.7,8.603,4.762,35.5819,28.169,6555.72,3764.92,63.01,5.252,29.6516,3483.83
74581,frame_74581.png,64.45,44.68,9.195,4.657,35.5819,28.169,6595.09,3744.69,62.62,5.128,28.169,3464.22
74611,frame_74611.png,62.83,42.97,8.912,4.416,35.5819,28.169,6632.24,3755.37,61.95,4.857,28.169,3460.85
74641,frame_74641.png,65.19,46.07,8.796,4.551,35.5819,26.6864,6557.63,3668.4,70.78,5.801,26.6864,3386.4
74671,frame_74671.png,62.24,43.89,8.965,4.714,37.0645,28.169,6840.18,3991.45,59.86,5.13,29.6516,3695.55
74701,frame_74701.png,62.01,45.29,8.332,4.825,44.4774,34.0993,7941.88,4742.33,73.95,5.893,34.0993,4305.26
74731,frame_74731.png,61.06,42.61,8.331,4.7,45.96,32.6168,8269.05,4899.05,69.81,5.258,34.0993,4452.76
74761,frame_74761.png,62.62,45.63,7.973,5.464,50.4077,35.5819,8719.51,5118.54,71.16,6.364,35.5819,4659.75
74791,frame_74791.png,64.32,45.66,7.872,4.887,56.338,38.5471,9724.41,5693.98,68.76,5.755,38.5471,5152.5
74821,frame_74821.png,69.66,52.61,8.031,5.104,72.6464,45.96,12777.48,7509.47,79.7,6.524,45.96,6700.36
74851,frame_74851.png,64.26,43.9,7.16,5.104,72.6464,45.96,12840.32,7507.58,61.15,5.34,45.96,6689.67
74881,frame_74881.png,63.93,47.35,7.359,4.634,72.6464,47.4426,12703.16,7501.59,64.31,4.841,47.4426,6704.71
74911,frame_74911.png,64.22,46.74,7.092,4.745,72.6464,45.96,12689.49,7406.9,64.49,5.288,45.96,6615.18
74941,frame_74941.png,63.96,43.87,7.093,4.931,74.129,45.96,13033.95,7550.21,61.93,5.402,45.96,6739.66
74971,frame_74971.png,63.34,44.69,7.24,4.472,74.129,45.96,12949.88,7460.12,68.89,5.511,44.4774,6639.52
75001,frame_75001.png,62.55,49.27,7.664,4.632,74.129,47.4426,12916.8,7614.11,73.71,5.317,47.4426,6796.48
75031,frame_75031.png,63.82,47.77,7.414,4.558,74.129,47.4426,12951.94,7617.48,69.25,5.339,47.4426,6767.06
75061,frame_75061.png,64.22,47.21,7.49,4.496,71.1638,45.96,12654.31,7367.19,68.11,5.293,45.96,6565.14
75091,frame_75091.png,62.34,45.84,7.739,4.587,72.6464,47.4426,12646.64,7458.39,64.9,5.397,47.4426,6658.0
75121,frame_75121.png,64.44,49.4,7.235,4.931,69.6812,45.96,12359.03,7201.48,73.26,5.45,45.96,6386.36
75151,frame_75151.png,63.02,47.31,7.189,4.739,74.129,48.9251,13064.86,7660.56,66.18,5.441,47.4426,6781.3
75181,frame_75181.png,63.66,46.73,7.2,4.28,74.129,48.9251,13048.3,7709.35,63.86,4.813,48.9251,6870.15
75211,frame_75211.png,63.37,48.69,6.766,4.287,71.1638,47.4426,12905.98,7655.53,65.04,4.749,47.4426,6821.19
75241,frame_75241.png,63.7,46.07,7.302,4.445,72.6464,47.4426,13001.67,7600.08,66.51,5.038,47.4426,6731.33
75271,frame_75271.png,60.98,45.37,7.142,4.727,80.0593,54.8554,13894.51,8458.04,60.89,5.044,53.3729,7538.7
75301,frame_75301.png,62.48,47.83,7.218,4.598,77.0941,53.3729,13628.73,8411.46,62.09,4.846,53.3729,7506.09
75331,frame_75331.png,81.39,61.39,6.912,4.565,47.4426,34.0993,11181.93,6470.5,75.43,4.554,34.0993,5810.56
75361,frame_75361.png,77.27,61.14,6.989,5.326,50.4077,35.5819,11542.08,6774.0,77.11,5.481,37.0645,6071.21
75391,frame_75391.png,80.6,60.71,6.521,4.323,57.8206,32.6168,14261.91,7770.3,90.85,5.576,32.6168,6858.7
75421,frame_75421.png,63.14,44.92,6.66,5.02,96.3677,59.3032,17102.96,10290.26,61.39,5.299,57.8206,9142.56
75451,frame_75451.png,67.51,49.95,7.594,4.5,94.8851,56.338,17188.84,10249.75,78.06,5.686,53.3729,9034.79
75481,frame_75481.png,66.98,48.84,7.8,4.619,80.0593,48.9251,14200.83,8289.74,76.95,5.972,47.4426,7353.36
75511,frame_75511.png,63.62,45.98,7.831,4.699,84.507,48.9251,15089.75,8599.94,73.58,6.222,47.4426,7607.51
75541,frame_75541.png,61.59,42.9,7.221,4.133,85.9896,53.3729,15134.91,8862.57,55.86,4.459,53.3729,7902.89
75571,frame_75571.png,60.6,44.09,7.064,4.784,84.507,54.8554,14678.77,8703.94,57.73,4.613,53.3729,7747.53
75601,frame_75601.png,59.43,42.8,7.936,4.85,75.6116,51.8903,13273.37,8104.57,56.86,5.501,51.8903,7231.35
75631,frame_75631.png,64.01,45.74,7.59,4.56,72.6464,45.96,12848.6,7386.27,72.85,5.886,45.96,6563.34
75661,frame_75661.png,69.66,52.65,7.94,5.556,77.0941,50.4077,13722.81,8016.16,77.99,6.762,48.9251,7114.07
75691,frame_75691.png,67.21,47.86,8.001,4.888,69.6812,44.4774,12313.74,6976.23,73.1,5.722,42.9948,6226.68
75721,frame_75721.png,65.17,46.08,7.983,4.952,57.8206,37.0645,10166.83,5809.02,70.63,5.564,37.0645,5225.04
75751,frame_75751.png,80.54,82.21,8.845,8.503,72.6464,57.8206,11840.41,9019.81,90.49,10.462,54.8554,8166.08
75781,frame_75781.png,73.05,55.5,9.526,6.141,44.4774,32.6168,8010.69,4880.36,74.61,7.025,34.0993,4507.75
75811,frame_75811.png,75.39,63.53,8.698,6.131,90.4374,59.3032,16143.68,10440.52,85.72,7.765,59.3032,9282.27
75841,frame_75841.png,73.19,57.78,8.827,5.6,53.3729,35.5819,9127.46,5509.56,79.08,8.165,35.5819,5051.27
75871,frame_75871.png,75.19,62.56,7.911,5.984,90.4374,57.8206,16099.65,10177.32,86.98,7.777,57.8206,9035.06
75901,frame_75901.png,71.33,58.25,7.72,5.583,63.7509,42.9948,11385.67,7129.2,82.1,7.318,42.9948,6442.43
75931,frame_75931.png,67.52,52.66,8.063,5.362,56.338,40.0297,10000.75,6145.74,74.81,6.69,41.5122,5588.67
75961,frame_75961.png,67.9,51.65,8.705,5.654,45.96,35.5819,8231.77,5219.12,78.56,7.317,35.5819,4798.43
75991,frame_75991.png,69.4,54.06,8.528,5.815,45.96,34.0993,8475.21,5202.69,79.21,7.51,34.0993,4737.21
76021,frame_76021.png,67.24,49.03,9.267,5.724,45.96,35.5819,8378.62,5134.99,69.44,6.135,35.5819,4680.47
76051,frame_76051.png,71.13,52.01,8.766,5.299,47.4426,34.0993,8639.76,5175.61,77.98,6.905,34.0993,4707.41
76081,frame_76081.png,68.28,49.7,8.827,5.578,48.9251,35.5819,8690.17,5252.78,70.75,6.154,35.5819,4788.37
76111,frame_76111.png,67.87,49.06,8.618,5.372,47.4426,35.5819,8410.68,5088.47,69.75,5.798,35.5819,4644.75
76141,frame_76141.png,69.59,50.05,8.95,5.468,45.96,34.0993,8359.04,5024.67,70.17,6.001,35.5819,4595.74
76171,frame_76171.png,82.61,78.32,8.096,7.296,114.1586,81.5419,21055.1,15374.53,99.25,9.042,78.5767,13736.61
76201,frame_76201.png,88.07,83.45,8.008,5.937,66.7161,44.4774,13580.32,9328.73,98.25,6.844,44.4774,8392.7
76231,frame_76231.png,68.64,50.47,8.508,5.27,47.4426,35.5819,8542.64,5228.34,70.97,5.777,37.0645,4777.08
76261,frame_76261.png,68.48,51.45,8.551,5.919,47.4426,37.0645,8473.97,5458.4,71.29,6.187,38.5471,4999.45
76291,frame_76291.png,69.63,53.96,8.959,6.3,48.9251,37.0645,8745.02,5668.48,74.87,6.567,38.5471,5172.26
76321,frame_76321.png,70.29,53.5,9.057,6.115,47.4426,37.0645,8405.68,5404.38,73.35,6.348,37.0645,4934.58
76351,frame_76351.png,69.06,53.26,8.759,5.873,50.4077,38.5471,9101.04,5824.81,74.06,6.5,38.5471,5302.09
76381,frame_76381.png,82.88,78.85,8.23,7.036,115.6412,85.9896,21143.39,15834.28,100.87,9.562,83.0245,14186.94
76411,frame_76411.png,84.29,79.29,8.514,7.303,114.1586,84.507,20941.97,15577.02,101.13,9.146,81.5419,13959.43
76441,frame_76441.png,47.99,52.03,6.343,6.322,1.4826,1.4826,693.23,23.11,36.46,4.876,2.9652,24.1
76471,frame_76471.png,55.05,61.77,7.775,7.135,1.4826,1.4826,675.47,20.78,46.27,6.165,1.4826,20.22
76501,frame_76501.png,60.99,69.38,8.67,8.677,1.4826,1.4826,650.23,9.98,53.64,7.159,1.4826,12.6
76531,frame_76531.png,69.73,54.34,9.023,5.983,50.4077,37.0645,8996.27,5525.7,75.09,6.433,37.0645,5029.07
76561,frame_76561.png,70.89,53.77,9.137,6.057,47.4426,35.5819,8627.6,5250.46,77.91,6.566,35.5819,4778.28
76591,frame_76591.png,70.01,52.13,9.358,5.723,47.4426,35.5819,8597.19,5229.77,72.59,5.947,37.0645,4780.95
76621,frame_76621.png,80.48,75.99,7.979,6.786,114.1586,81.5419,20828.95,15357.38,98.62,8.741,78.5767,13758.18
76651,frame_76651.png,82.83,81.19,8.265,6.631,97.8503,72.6464,18532.61,13900.69,101.03,8.536,71.1638,12536.19
76681,frame_76681.png,67.91,52.47,9.253,5.997,45.96,35.5819,8371.86,5118.28,72.72,6.148,35.5819,4667.25
76711,frame_76711.png,69.53,51.1,10.042,5.779,44.4774,34.0993,7965.94,4866.01,73.18,6.181,35.5819,4469.5
76741,frame_76741.png,68.91,48.94,9.759,5.706,44.4774,34.0993,8035.91,4916.08,69.69,6.035,35.5819,4524.35
76771,frame_76771.png,69.86,50.55,9.411,5.781,45.96,34.0993,8331.5,5041.35,71.26,6.327,35.5819,4609.29
76801,frame_76801.png,69.11,50.42,9.641,5.641,45.96,34.0993,8309.54,4985.47,72.31,5.93,34.0993,4547.79
76831,frame_76831.png,68.08,49.46,10.139,5.611,41.5122,32.6168,7691.9,4619.08,68.61,6.23,32.6168,4235.29
76861,frame_76861.png,68.62,49.52,10.128,5.694,44.4774,34.0993,8063.12,4808.54,69.51,5.94,34.0993,4419.26
76891,frame_76891.png,67.79,48.91,10.069,5.429,42.9948,32.6168,7754.63,4652.08,70.82,5.712,34.0993,4275.82
76921,frame_76921.png,67.36,48.43,9.377,5.4,41.5122,32.6168,7584.94,4615.48,68.44,5.807,32.6168,4248.0
76951,frame_76951.png,69.02,49.44,9.633,5.537,40.0297,31.1342,7350.19,4446.35,70.27,5.882,32.6168,4103.36
76981,frame_76981.png,70.56,50.48,9.634,5.724,41.5122,31.1342,7635.42,4629.23,71.17,5.97,32.6168,4255.32
77011,frame_77011.png,70.25,51.9,9.9,5.717,40.0297,32.6168,7433.74,4628.51,72.49,6.002,34.0993,4265.56
77041,frame_77041.png,68.85,51.57,9.55,5.776,38.5471,31.1342,7017.22,4316.05,70.99,6.213,31.1342,3992.18
77071,frame_77071.png,69.38,51.25,9.685,5.9,38.5471,29.6516,7185.13,4368.55,76.34,6.245,31.1342,4018.83
77101,frame_77101.png,67.65,51.43,9.623,5.515,41.5122,32.6168,7627.56,4699.88,71.87,5.853,32.6168,4327.88
77131,frame_77131.png,67.48,49.91,9.547,5.832,38.5471,31.1342,7173.62,4383.17,70.55,6.02,31.1342,4037.64
77161,frame_77161.png,68.32,50.4,9.586,5.688,37.0645,29.6516,6903.72,4246.65,70.35,6.136,31.1342,3930.92
77191,frame_77191.png,70.63,52.72,10.092,5.559,37.0645,29.6516,7004.6,4241.61,71.78,5.853,29.6516,3922.94
77221,frame_77221.png,60.39,46.43,7.061,4.76,53.3729,38.5471,9719.7,6017.5,62.94,5.283,38.5471,5385.47
77251,frame_77251.png,68.59,48.92,9.035,5.444,37.0645,28.169,6953.97,4138.42,71.49,6.249,29.6516,3845.02
77281,frame_77281.png,68.71,49.52,9.347,5.669,38.5471,29.6516,7141.3,4321.45,70.16,5.954,31.1342,3976.74
77311,frame_77311.png,68.86,49.49,9.716,5.566,35.5819,28.169,6762.27,4060.27,70.06,5.962,29.6516,3763.87
77341,frame_77341.png,67.81,48.1,9.413,5.297,35.5819,28.169,6744.05,4047.62,67.72,5.604,29.6516,3762.72
77371,frame_77371.png,67.8,48.82,9.696,5.507,34.0993,28.169,6552.55,3887.39,68.53,5.87,29.6516,3616.56
77401,frame_77401.png,69.4,49.49,9.199,5.854,34.0993,26.6864,6412.9,3860.67,70.25,6.175,28.169,3578.63
77431,frame_77431.png,67.98,48.98,9.415,5.489,34.0993,28.169,6592.3,3969.11,70.0,5.932,29.6516,3676.95
77461,frame_77461.png,70.02,53.16,9.645,5.905,35.5819,29.6516,6801.42,4176.99,79.64,6.979,29.6516,3865.11
77491,frame_77491.png,70.73,58.86,8.105,5.819,69.6812,48.9251,12405.88,8003.93,82.99,6.248,48.9251,7172.88
77521,frame_77521.png,71.09,54.99,8.516,5.28,56.338,40.0297,10248.34,6102.28,75.65,5.563,40.0297,5520.38
77551,frame_77551.png,72.57,53.67,8.665,6.293,53.3729,37.0645,9376.93,5611.82,78.36,6.906,37.0645,5104.35
77581,frame_77581.png,74.12,56.73,8.762,6.057,47.4426,34.0993,8267.1,4892.23,76.16,6.606,34.0993,4507.71
77611,frame_77611.png,58.64,41.98,7.621,4.837,54.8554,38.5471,9858.43,5821.54,60.83,5.493,40.0297,5190.29
77641,frame_77641.png,59.34,43.23,7.515,5.241,56.338,41.5122,10038.36,6109.34,58.91,5.465,42.9948,5481.33
77671,frame_77671.png,60.26,44.12,7.694,4.637,56.338,41.5122,10082.74,6109.96,64.38,6.107,41.5122,5419.71
77701,frame_77701.png,60.39,43.25,7.559,5.087,57.8206,41.5122,10088.23,6110.71,60.29,5.862,42.9948,5452.87
77731,frame_77731.png,60.05,43.0,7.512,5.147,57.8206,41.5122,10131.12,6097.1,64.26,6.497,41.5122,5419.67
77761,frame_77761.png,60.84,45.52,7.9,5.281,57.8206,42.9948,10194.8,6272.82,69.84,6.617,42.9948,5576.74
77791,frame_77791.png,61.58,43.66,8.154,5.317,53.3729,40.0297,9486.26,5785.57,67.23,6.201,40.0297,5180.01
77821,frame_77821.png,60.01,44.52,8.552,4.875,57.8206,41.5122,10335.4,6311.37,59.75,5.361,41.5122,5678.46
77851,frame_77851.png,72.11,51.89,9.548,5.489,42.9948,31.1342,7779.15,4505.28,73.69,6.271,32.6168,4139.4
77881,frame_77881.png,70.38,51.0,9.833,5.327,41.5122,31.1342,7479.34,4369.84,71.71,5.782,32.6168,4022.52
77911,frame_77911.png,71.85,52.88,9.452,5.445,41.5122,31.1342,7455.15,4277.98,73.8,5.741,31.1342,3958.12
77941,frame_77941.png,98.03,95.82,10.493,9.649,50.4077,41.5122,10989.6,8139.79,108.23,10.325,42.9948,7363.99
77971,frame_77971.png,60.77,42.39,8.512,5.148,54.8554,40.0297,9737.03,5914.96,59.42,6.046,40.0297,5336.32
78001,frame_78001.png,60.18,44.87,8.159,5.19,59.3032,42.9948,10409.07,6517.84,65.97,6.377,42.9948,5825.4
78031,frame_78031.png,63.36,48.83,8.374,4.963,63.7509,44.4774,11385.27,6882.6,75.0,6.212,44.4774,6107.64
78061,frame_78061.png,60.35,42.35,8.059,4.862,68.1987,47.4426,12089.76,7371.6,65.56,6.352,45.96,6533.23
78091,frame_78091.png,60.51,43.32,8.079,5.033,69.6812,45.96,12182.48,7322.6,67.57,6.216,45.96,6479.25
78121,frame_78121.png,60.55,43.12,8.188,4.475,68.1987,44.4774,12042.31,7212.91,65.74,6.17,44.4774,6373.42
78151,frame_78151.png,65.72,45.63,8.004,4.112,69.6812,34.0993,12015.09,6730.02,66.12,5.159,34.0993,6034.91
78181,frame_78181.png,76.53,59.83,8.137,5.928,102.298,60.7858,18644.93,11375.25,80.1,6.614,59.3032,10078.61
78211,frame_78211.png,76.56,57.92,8.21,6.058,100.8154,60.7858,18314.6,11144.45,79.05,6.686,57.8206,9895.3
78241,frame_78241.png,96.09,90.99,10.654,9.519,53.3729,42.9948,11338.25,8433.87,95.67,10.649,44.4774,7626.36
78271,frame_78271.png,59.84,41.17,7.819,5.245,75.6116,50.4077,13355.88,8065.29,63.91,6.981,50.4077,7125.98
78301,frame_78301.png,59.66,42.0,7.228,4.676,77.0941,50.4077,13691.35,8332.65,61.28,5.681,50.4077,7360.96
78331,frame_78331.png,62.69,45.99,7.228,4.414,81.5419,54.8554,14563.39,8983.07,60.27,4.786,54.8554,7936.51
78361,frame_78361.png,74.99,60.1,8.255,6.211,112.6761,66.7161,21073.47,12989.31,82.7,6.828,65.2335,11479.97
78391,frame_78391.png,74.61,59.5,7.885,6.054,114.1586,71.1638,21214.8,13116.69,82.04,7.063,68.1987,11578.38
78421,frame_78421.png,93.61,91.13,10.508,9.73,50.4077,42.9948,10944.65,8125.67,108.09,11.057,42.9948,7352.21
78451,frame_78451.png,62.78,46.81,7.596,4.984,83.0245,57.8206,14745.08,9256.74,62.05,5.165,57.8206,8228.56
78481,frame_78481.png,65.76,57.27,7.872,5.15,87.4722,56.338,15886.62,9720.94,85.92,6.373,54.8554,8554.29
78511,frame_78511.png,64.82,53.62,7.541,4.897,88.9548,60.7858,15722.97,10025.91,70.35,5.134,60.7858,8856.52
78541,frame_78541.png,64.34,51.69,7.796,4.841,85.9896,56.338,15216.42,9462.21,77.6,6.126,56.338,8377.78
78571,frame_78571.png,61.89,44.95,7.654,4.884,80.0593,50.4077,14088.78,8580.84,70.18,6.473,50.4077,7605.49
78601,frame_78601.png,62.55,46.61,8.015,5.246,74.129,50.4077,13271.75,8138.61,69.97,6.516,50.4077,7221.39
78631,frame_78631.png,65.22,49.32,8.398,5.386,74.129,48.9251,13320.18,7999.92,72.43,6.746,48.9251,7088.19
78661,frame_78661.png,64.92,45.65,7.977,4.723,75.6116,48.9251,13346.98,8059.92,61.27,4.781,48.9251,7187.67
78691,frame_78691.png,67.28,50.71,8.146,4.971,74.129,47.4426,13189.83,7950.52,75.04,5.529,47.4426,7047.84
78721,frame_78721.png,65.09,49.62,8.193,5.213,75.6116,50.4077,13302.07,8216.7,64.77,5.258,50.4077,7336.53
78751,frame_78751.png,75.82,67.12,8.058,6.155,96.3677,63.7509,18667.91,12402.41,90.82,8.196,62.2683,10915.99
78781,frame_78781.png,70.33,53.3,9.307,6.596,31.1342,26.6864,5705.62,3450.87,76.54,7.807,26.6864,3250.85
78811,frame_78811.png,69.94,51.67,9.189,6.278,29.6516,25.2039,5684.52,3363.23,75.29,8.14,25.2039,3167.75
78841,frame_78841.png,72.26,52.39,9.077,5.908,31.1342,25.2039,5956.33,3538.95,73.5,7.187,26.6864,3307.68
78871,frame_78871.png,69.19,49.69,9.345,5.523,32.6168,25.2039,6042.43,3595.13,74.78,7.413,25.2039,3346.12
78901,frame_78901.png,69.33,47.06,8.714,5.234,34.0993,26.6864,6215.87,3706.63,66.57,5.962,28.169,3452.09
78931,frame_78931.png,69.64,49.02,8.654,5.326,32.6168,26.6864,6143.34,3651.06,70.55,6.371,26.6864,3403.15
78961,frame_78961.png,69.02,48.7,9.1,5.325,34.0993,26.6864,6236.82,3687.36,68.81,6.153,28.169,3456.5
78991,frame_78991.png,68.93,49.45,9.057,5.6,34.0993,26.6864,6304.34,3773.93,70.49,6.463,28.169,3511.34
79021,frame_79021.png,62.42,46.57,6.887,5.098,93.4025,54.8554,15682.94,9391.81,67.72,6.208,53.3729,8236.27
79051,frame_79051.png,64.49,47.4,7.45,4.793,81.5419,51.8903,14288.84,8661.28,70.63,5.821,51.8903,7688.84
79081,frame_79081.png,63.59,45.88,7.682,5.039,85.9896,53.3729,14988.25,8994.68,63.97,5.736,51.8903,7984.32
79111,frame_79111.png,61.9,43.35,7.469,4.697,81.5419,50.4077,14328.51,8507.92,65.24,5.521,48.9251,7542.59
79141,frame_79141.png,63.18,44.23,6.909,4.794,87.4722,54.8554,15672.63,9358.83,64.99,5.592,53.3729,8258.12
79171,frame_79171.png,62.94,45.77,6.933,5.005,91.9199,59.3032,16298.52,9949.43,61.95,5.374,57.8206,8815.89
79201,frame_79201.png,63.89,49.5,6.917,4.677,96.3677,60.7858,17253.31,10573.61,74.42,6.014,59.3032,9310.27
79231,frame_79231.png,64.79,52.03,7.306,4.928,99.3328,60.7858,17748.64,10846.6,75.92,6.022,57.8206,9541.71
79261,frame_79261.png,65.62,52.02,7.14,5.043,97.8503,60.7858,17473.26,10537.83,78.7,6.463,57.8206,9268.65
79291,frame_79291.png,64.83,48.25,7.398,4.82,93.4025,59.3032,16786.78,10096.9,71.26,6.059,56.338,8886.75
79321,frame_79321.png,64.64,48.21,7.441,5.291,96.3677,60.7858,17075.9,10323.41,69.08,6.586,57.8206,9096.93
79351,frame_79351.png,65.05,47.95,7.409,5.095,96.3677,60.7858,17121.09,10257.03,68.42,6.063,57.8206,9061.65
79381,frame_79381.png,63.91,47.01,7.003,4.877,96.3677,59.3032,16999.61,10216.28,66.11,5.958,57.8206,9019.96
79411,frame_79411.png,64.38,48.2,7.284,4.898,93.4025,57.8206,16763.45,9904.92,70.12,5.85,54.8554,8727.74
79441,frame_79441.png,66.31,53.08,7.112,5.224,97.8503,59.3032,17445.23,10387.0,76.31,6.259,56.338,9155.07
79471,frame_79471.png,66.96,51.21,7.039,5.009,100.8154,63.7509,18243.14,11139.38,67.68,5.703,62.2683,9842.94
79501,frame_79501.png,65.0,50.03,6.897,5.849,117.1238,77.0941,21479.07,13767.62,65.63,6.272,74.129,12198.95
79531,frame_79531.png,64.16,48.66,6.865,5.192,117.1238,75.6116,21398.73,13642.81,65.22,5.746,72.6464,12053.34
79561,frame_79561.png,65.44,50.73,6.961,5.106,105.2632,68.1987,18850.31,11786.45,65.83,5.807,66.7161,10442.87
79591,frame_79591.png,66.43,51.05,6.99,5.164,105.2632,66.7161,19071.71,11763.57,71.18,6.14,63.7509,10389.84
79621,frame_79621.png,68.4,52.26,7.272,5.357,112.6761,66.7161,20583.71,12736.53,75.12,6.926,65.2335,11192.43
79651,frame_79651.png,70.06,53.73,7.185,5.017,115.6412,68.1987,21155.09,13006.28,73.18,6.274,66.7161,11441.91
79681,frame_79681.png,70.34,53.52,7.557,5.264,114.1586,69.6812,20898.12,12965.47,72.02,6.13,66.7161,11434.21
79711,frame_79711.png,72.77,57.73,7.553,5.75,115.6412,71.1638,21138.15,13250.36,78.27,6.701,68.1987,11642.85
79741,frame_79741.png,74.12,58.55,7.867,5.355,109.7109,63.7509,20080.98,12296.76,84.49,6.709,60.7858,10787.83
79771,frame_79771.png,67.83,54.33,7.379,5.46,97.8503,63.7509,17647.3,11233.07,79.25,7.285,62.2683,9913.22
79801,frame_79801.png,67.67,53.08,6.961,5.02,94.8851,62.2683,16676.01,10713.72,78.24,6.677,59.3032,9508.25
79831,frame_79831.png,67.09,51.82,7.502,4.696,88.9548,53.3729,15827.57,9741.44,79.12,6.392,51.8903,8626.86
79861,frame_79861.png,67.51,53.05,7.606,5.211,90.4374,57.8206,15969.49,10174.14,78.63,7.111,56.338,9023.67
79891,frame_79891.png,64.46,49.9,6.902,5.6,93.4025,59.3032,16578.4,10647.16,74.53,7.736,57.8206,9403.75
79921,frame_79921.png,67.24,53.32,6.911,4.942,99.3328,63.7509,17637.58,11306.57,77.19,6.997,62.2683,10000.67
79951,frame_79951.png,66.01,54.48,6.739,4.951,99.3328,65.2335,17783.42,11579.14,72.77,5.717,63.7509,10242.66
79981,frame_79981.png,68.39,57.73,8.135,7.021,121.5715,81.5419,22413.37,15303.97,79.3,8.755,77.0941,13584.85
80011,frame_80011.png,67.68,58.72,8.117,6.471,126.0193,87.4722,23104.0,16350.54,81.94,9.112,83.0245,14523.11
80041,frame_80041.png,66.52,58.75,7.996,6.673,127.5019,88.9548,23172.77,16407.06,82.5,8.654,84.507,14541.81
80071,frame_80071.png,67.3,59.98,8.217,7.177,121.5715,84.507,21990.48,15519.92,81.96,9.315,81.5419,13788.68
80101,frame_80101.png,65.8,57.02,8.065,6.698,117.1238,81.5419,21234.36,14798.88,77.77,7.928,77.0941,13163.21
80131,frame_80131.png,66.02,58.48,7.906,6.456,115.6412,78.5767,20937.45,14574.34,78.52,8.203,75.6116,12956.78
80161,frame_80161.png,60.14,51.94,7.367,6.011,106.7457,71.1638,18875.62,12919.28,70.35,6.587,69.6812,11371.19
80191,frame_80191.png,60.95,52.2,7.157,5.946,105.2632,74.129,18816.74,12961.33,70.43,6.415,71.1638,11394.23
80221,frame_80221.png,59.52,50.14,7.086,5.708,106.7457,74.129,19166.05,13153.0,69.39,6.831,71.1638,11516.58
80251,frame_80251.png,58.14,49.25,6.824,5.59,103.7806,72.6464,18394.23,12971.48,68.5,6.81,69.6812,11397.54
80281,frame_80281.png,59.21,51.05,6.959,5.328,103.7806,66.7161,18233.78,12638.11,70.55,6.367,63.7509,11076.64
80311,frame_80311.png,70.01,61.64,8.645,7.221,123.0541,83.0245,22740.5,16245.02,83.92,8.858,80.0593,14344.76
80341,frame_80341.png,67.83,61.07,8.02,6.639,117.1238,84.507,21498.94,15610.4,80.31,7.93,80.0593,13877.18
80371,frame_80371.png,64.96,60.46,7.851,6.991,105.2632,74.129,18943.36,13592.02,84.7,9.246,72.6464,12087.59
80401,frame_80401.png,61.75,54.4,8.1,6.533,88.9548,62.2683,15634.25,10825.88,75.82,8.463,60.7858,9698.04
80431,frame_80431.png,62.18,57.56,7.82,6.428,91.9199,65.2335,16035.43,11295.22,80.29,8.185,63.7509,10076.61
80461,frame_80461.png,65.81,60.1,7.909,6.582,83.0245,57.8206,14258.19,9937.32,80.75,8.489,56.338,8973.04
80491,frame_80491.png,66.36,59.25,7.989,7.016,96.3677,69.6812,16374.19,11659.4,80.07,8.654,66.7161,10469.26
80521,frame_80521.png,67.42,58.78,8.022,6.783,96.3677,65.2335,16440.04,10976.04,79.25,8.461,62.2683,9852.32
80551,frame_80551.png,57.4,45.44,7.226,5.615,102.298,68.1987,18198.05,11719.48,60.77,6.448,66.7161,10304.29
80581,frame_80581.png,57.24,46.97,7.206,5.297,102.298,69.6812,17960.99,11698.17,61.23,6.024,68.1987,10303.95
80611,frame_80611.png,56.6,45.33,7.244,5.416,102.298,71.1638,18117.89,11963.19,60.6,6.011,69.6812,10521.06
80641,frame_80641.png,56.13,44.77,7.028,5.488,105.2632,71.1638,18483.26,12099.84,59.79,6.169,69.6812,10659.47
80671,frame_80671.png,59.61,47.52,6.789,5.178,105.2632,71.1638,18409.87,12061.44,61.79,5.668,69.6812,10612.73
80701,frame_80701.png,57.41,45.01,7.246,5.436,102.298,69.6812,17869.99,11638.8,58.34,5.951,66.7161,10243.76
80731,frame_80731.png,56.48,44.52,7.014,5.252,103.7806,71.1638,18041.01,11819.86,58.81,5.62,68.1987,10416.96
80761,frame_80761.png,56.55,45.44,7.195,5.321,105.2632,69.6812,18579.06,11996.63,58.75,5.707,68.1987,10542.26
80791,frame_80791.png,56.24,45.19,7.143,5.43,105.2632,71.1638,18499.5,11929.18,58.84,5.948,68.1987,10494.32
80821,frame_80821.png,57.39,46.34,7.495,5.657,103.7806,69.6812,18316.79,11763.27,59.66,5.868,66.7161,10350.97
80851,frame_80851.png,57.69,47.6,7.168,5.442,102.298,69.6812,18134.64,11751.6,62.15,5.914,68.1987,10362.36
80881,frame_80881.png,60.07,47.87,7.11,5.507,103.7806,66.7161,18406.02,11541.1,65.75,6.07,63.7509,10132.72
80911,frame_80911.png,59.41,49.85,7.272,5.292,105.2632,68.1987,18893.99,12002.03,75.41,6.888,65.2335,10495.7
80941,frame_80941.png,60.86,49.8,7.478,5.987,106.7457,69.6812,19085.18,12101.46,72.65,7.283,66.7161,10564.81
80971,frame_80971.png,62.6,52.04,7.587,5.406,111.1935,72.6464,19958.82,12682.65,72.99,6.35,68.1987,11076.74
81001,frame_81001.png,62.56,48.74,7.725,5.679,114.1586,71.1638,20513.59,12753.63,69.35,6.678,68.1987,11135.86
81031,frame_81031.png,63.16,51.3,8.068,5.833,115.6412,74.129,20719.24,13130.97,70.7,7.087,71.1638,11478.84
81061,frame_81061.png,64.03,49.95,7.857,5.831,120.089,72.6464,21542.85,13398.11,69.19,6.534,69.6812,11736.63
81091,frame_81091.png,63.59,49.5,7.98,6.163,120.089,75.6116,21655.38,13624.81,66.26,6.166,71.1638,11903.4
81121,frame_81121.png,65.42,49.71,7.987,5.764,120.089,72.6464,21886.06,13320.95,69.25,6.751,68.1987,11583.76
81151,frame_81151.png,65.37,50.3,7.543,5.523,120.089,71.1638,21709.96,13307.63,71.87,6.599,68.1987,11595.93
81181,frame_81181.png,62.52,46.54,7.64,5.249,118.6064,69.6812,21423.16,13067.08,63.62,6.182,66.7161,11400.25
81211,frame_81211.png,63.76,48.41,7.718,5.975,118.6064,72.6464,21307.92,13266.79,65.46,6.365,69.6812,11565.32
81241,frame_81241.png,63.01,50.72,7.632,5.759,115.6412,71.1638,20766.6,12912.06,69.81,6.492,66.7161,11273.85
81271,frame_81271.png,62.45,50.96,7.805,5.64,112.6761,71.1638,20113.97,13061.28,71.48,6.644,68.1987,11432.45
81301,frame_81301.png,61.43,48.96,7.647,5.214,111.1935,71.1638,20023.25,13065.86,71.04,6.783,68.1987,11445.52
81331,frame_81331.png,59.37,47.12,7.419,5.349,111.1935,69.6812,19662.15,12583.2,67.63,6.493,66.7161,11031.84
81361,frame_81361.png,59.43,48.41,7.627,5.368,109.7109,68.1987,19406.8,12438.44,67.45,6.266,65.2335,10867.47
81391,frame_81391.png,58.27,45.22,7.409,5.253,109.7109,71.1638,19453.61,12645.76,63.26,6.605,68.1987,11080.08
81421,frame_81421.png,59.38,47.64,7.19,5.788,112.6761,74.129,20159.81,13095.17,66.49,6.694,71.1638,11480.74
81451,frame_81451.png,59.66,48.21,7.094,5.467,112.6761,72.6464,20251.25,13104.67,66.13,6.628,69.6812,11458.09
81481,frame_81481.png,61.74,49.47,7.135,5.523,111.1935,72.6464,20028.78,13146.86,70.71,6.967,69.6812,11517.68
81511,frame_81511.png,59.54,51.71,7.192,5.731,111.1935,78.5767,20033.6,14398.01,74.66,7.284,75.6116,12637.38
81541,frame_81541.png,60.46,53.76,7.194,6.22,114.1586,81.5419,20218.07,14582.36,73.69,7.298,78.5767,12853.95
81571,frame_81571.png,60.21,52.43,7.126,5.992,114.1586,77.0941,20525.49,14515.95,70.68,6.663,74.129,12801.55
81601,frame_81601.png,67.92,63.08,8.155,7.438,124.5367,91.9199,23001.7,17147.8,83.9,8.37,87.4722,15240.36
81631,frame_81631.png,69.79,66.02,8.379,7.744,124.5367,91.9199,22920.35,17096.4,86.77,8.824,87.4722,15229.47
81661,frame_81661.png,70.43,64.67,8.703,7.786,124.5367,91.9199,22958.93,17114.6,85.9,9.549,87.4722,15231.31
81691,frame_81691.png,68.79,64.15,9.168,8.463,124.5367,93.4025,22864.44,17196.3,85.16,9.594,88.9548,15305.51
81721,frame_81721.png,70.67,67.1,8.473,7.625,127.5019,94.8851,23324.04,17574.62,88.65,9.091,90.4374,15671.39
81751,frame_81751.png,71.08,68.96,8.507,7.942,124.5367,96.3677,22827.42,17844.51,90.87,9.829,91.9199,15926.42
81781,frame_81781.png,69.87,68.21,8.809,8.429,126.0193,94.8851,23005.72,17970.38,88.89,9.917,91.9199,16023.91
81811,frame_81811.png,70.86,69.15,8.784,8.406,127.5019,94.8851,23185.75,18090.74,90.18,10.317,91.9199,16121.15
81841,frame_81841.png,68.9,67.39,8.082,7.706,117.1238,87.4722,21023.45,16323.18,88.6,9.326,84.507,14583.98
81871,frame_81871.png,69.1,67.06,8.355,8.001,117.1238,87.4722,21354.92,16424.5,86.61,9.285,84.507,14636.39
81901,frame_81901.png,69.31,68.58,8.31,7.987,117.1238,87.4722,21116.61,16421.97,89.89,8.923,84.507,14695.77
81931,frame_81931.png,69.9,68.01,8.32,7.795,115.6412,87.4722,20967.49,16200.19,89.5,9.473,83.0245,14477.9
81961,frame_81961.png,70.45,68.51,8.312,8.08,117.1238,87.4722,21396.3,16574.85,89.46,9.619,84.507,14791.33
81991,frame_81991.png,69.67,67.83,8.348,7.958,117.1238,87.4722,21307.27,16514.16,88.67,9.652,84.507,14766.18
82021,frame_82021.png,69.87,67.62,8.538,7.798,117.1238,88.9548,21361.01,16552.09,89.17,9.27,84.507,14775.42
82051,frame_82051.png,68.31,65.74,8.428,7.803,117.1238,87.4722,21279.33,16422.45,87.41,9.32,84.507,14711.63
82081,frame_82081.png,69.53,67.72,8.388,8.273,118.6064,88.9548,21435.08,16619.61,87.8,10.281,84.507,14855.81
82111,frame_82111.png,69.45,66.52,8.208,7.883,120.089,88.9548,21872.59,16901.36,88.43,9.576,85.9896,15083.47
82141,frame_82141.png,72.2,70.44,8.172,7.731,118.6064,88.9548,21413.52,16668.92,90.42,9.672,85.9896,14905.05
82171,frame_82171.png,69.36,68.55,8.087,7.691,120.089,90.4374,21710.04,16925.3,90.0,9.331,87.4722,15143.68
82201,frame_82201.png,71.18,70.04,8.1,7.446,118.6064,90.4374,21512.9,16783.52,90.55,8.804,85.9896,15024.35
82231,frame_82231.png,71.89,69.29,7.631,7.209,118.6064,88.9548,21590.67,16777.32,89.17,8.617,85.9896,14981.14
82261,frame_82261.png,68.89,67.02,8.174,7.825,117.1238,88.9548,21418.82,16750.11,88.97,8.985,84.507,14966.55
82291,frame_82291.png,70.16,68.2,8.136,7.531,118.6064,88.9548,21589.46,16885.64,88.69,8.693,85.9896,15091.43
82321,frame_82321.png,70.57,69.61,8.131,7.463,120.089,91.9199,21838.07,17213.22,90.36,8.988,88.9548,15397.81
82351,frame_82351.png,71.58,69.38,8.218,7.751,120.089,90.4374,21680.7,16933.74,89.67,9.005,87.4722,15149.29
82381,frame_82381.png,69.54,67.08,7.921,7.283,120.089,90.4374,21776.52,16972.25,88.53,9.02,87.4722,15181.45
82411,frame_82411.png,69.65,67.97,8.266,7.906,118.6064,90.4374,21644.5,17036.99,88.2,9.261,87.4722,15241.98
82441,frame_82441.png,69.69,68.48,8.193,7.446,118.6064,88.9548,21701.31,16939.15,89.98,9.062,85.9896,15141.3
82471,frame_82471.png,80.68,82.76,9.879,9.527,106.7457,83.0245,19388.88,15382.5,100.78,11.059,80.0593,13876.19
82501,frame_82501.png,79.49,81.74,9.797,9.22,103.7806,81.5419,18997.07,14940.48,101.67,11.58,78.5767,13459.12
82531,frame_82531.png,78.86,79.8,9.753,9.073,105.2632,80.0593,19255.06,15134.94,99.33,10.403,78.5767,13637.75
82561,frame_82561.png,80.15,81.26,9.905,9.071,102.298,78.5767,18945.28,15013.76,100.16,10.437,75.6116,13535.9
82591,frame_82591.png,80.86,82.46,8.738,8.507,75.6116,56.338,15693.56,12150.68,101.16,9.369,56.338,10844.5
82621,frame_82621.png,70.42,69.21,8.063,7.512,117.1238,90.4374,21405.66,16803.39,89.63,8.98,87.4722,15062.98
82651,frame_82651.png,70.78,69.98,8.4,7.693,118.6064,90.4374,21488.87,16847.75,91.26,9.56,87.4722,15071.54
82681,frame_82681.png,70.77,70.02,8.166,7.542,117.1238,90.4374,21101.19,16596.65,90.7,8.846,85.9896,14879.75
82711,frame_82711.png,70.78,69.21,7.649,7.34,117.1238,88.9548,21357.62,16701.17,88.33,8.672,85.9896,14954.84
82741,frame_82741.png,70.49,70.54,8.182,7.838,117.1238,90.4374,21475.06,16926.0,90.92,8.871,87.4722,15163.53
82771,frame_82771.png,70.74,70.06,8.064,7.232,117.1238,88.9548,21241.99,16675.98,90.45,8.616,84.507,14948.54
82801,frame_82801.png,68.78,66.68,8.096,7.547,115.6412,87.4722,21177.45,16529.37,88.36,8.894,84.507,14784.18
82831,frame_82831.png,70.83,70.63,7.979,7.872,117.1238,88.9548,21305.0,16661.19,90.21,9.273,85.9896,14911.49
82861,frame_82861.png,80.38,82.04,9.636,9.531,99.3328,75.6116,18520.86,14619.0,99.84,11.332,74.129,13171.8
82891,frame_82891.png,69.89,69.97,8.254,7.921,115.6412,87.4722,21010.43,16430.44,92.37,9.219,83.0245,14684.65
82921,frame_82921.png,62.51,57.59,7.918,7.274,126.0193,94.8851,23163.96,17846.64,78.33,8.047,90.4374,15853.02
82951,frame_82951.png,64.19,60.38,7.796,7.039,128.9844,97.8503,23402.73,18129.44,81.36,7.882,93.4025,16150.54
82981,frame_82981.png,62.93,58.78,7.607,6.55,127.5019,94.8851,23091.79,17805.54,79.94,7.927,90.4374,15837.4
83011,frame_83011.png,64.36,55.53,7.481,6.91,127.5019,93.4025,23217.26,16552.06,66.08,7.206,90.4374,14996.98
